SO2,NO2,O3,Temperature,Humidity,Pressure,WindSpeed,PM2_5
42.53,52.78,34.22,1.7,62.8,1019.3,4.6,50.5
34.65,2.74,2.02,18.0,34.0,1014.8,25.56,10
46.1,57.51,40.13,-8.2,37.7,1002.7,6.79,34.9
27.58,39.51,51.83,10.1,64.0,1013.8,1.96,43.4
50.75,34.28,60.04,35.1,67.5,1011.1,1.91,49.4
58.97,13.36,96.55,20.2,28.4,1003.9,0.25,69.8
31.56,38.65,12.1,24.8,80.6,1016.2,6.38,27.4
48.13,77.76,39.76,43.7,49.0,1021.2,2.83,55.7
34.69,66.96,38.56,13.5,23.7,1011.3,2.41,39.7
22.84,83.57,61.76,27.1,70.6,1027.0,3.9,48.4
38.95,14.36,7.26,18.8,45.6,1006.4,0.07,26.1
25.36,54.25,58.45,4.5,92.9,1024.2,1.92,64.1
41.21,46.92,65.5,36.2,60.9,1003.4,10.08,44.9
18.25,102.07,48.86,27.0,58.2,1010.1,4.96,56.6
54.9,73.54,28.9,14.5,67.7,1017.4,5.51,77.5
12.4,40.14,35.7,9.4,59.6,1017.1,0.11,44.1
42.4,54.27,41.1,22.7,56.4,1011.9,2.94,39.0
19.14,81.44,47.94,7.0,60.5,1023.0,0.88,63.2
25.35,78.52,52.92,5.1,39.8,1019.3,3.03,51.0
72.03,38.83,35.77,16.8,37.7,1007.0,0.32,72.2
26.11,72.04,51.85,15.7,38.1,1015.2,0.86,53.5
60.14,28.68,32.41,24.3,82.2,1022.5,21.42,17.3
29.04,8.35,68.4,-5.1,42.2,1006.0,1.28,40.7
48.92,43.52,25.76,27.1,47.5,1020.7,8.14,11.0
16.72,60.23,86.75,7.9,57.2,1023.7,14.5,12.9
47.64,17.19,43.83,21.6,44.4,1023.6,0.35,52.4
49.71,83.98,29.34,20.9,73.5,1011.4,8.74,51.2
29.74,59.0,39.14,27.2,76.7,1017.0,1.25,54.1
70.13,74.93,9.76,19.4,103.2,1010.3,4.92,73.2
58.83,29.6,54.29,14.9,88.8,999.8,2.18,65.5
20.46,66.12,30.07,-14.9,52.4,1025.0,3.17,38.2
40.94,29.77,59.56,11.9,42.3,1010.7,13.21,22.0
84.2,95.75,72.61,20.6,29.0,1008.4,0.7,91.1
55.42,105.92,64.17,8.3,59.4,1020.1,0.62,94.5
16.2,27.81,56.97,22.0,101.8,1017.7,0.33,59.7
56.45,42.44,33.81,15.5,68.5,1037.0,10.19,36.5
71.27,59.01,54.01,4.5,65.1,999.7,0.71,81.5
33.59,66.16,30.49,-5.2,35.4,1009.0,2.12,68.5
41.48,63.62,56.3,18.0,40.1,1008.8,3.56,47.2
27.8,59.13,54.57,13.7,65.3,988.8,2.4,51.5
64.01,55.49,30.43,16.3,73.5,981.1,2.76,47.0
33.89,43.74,54.15,4.4,59.2,1009.8,17.47,10
16.47,21.53,24.86,16.2,66.6,1018.4,0.87,26.4
35.1,48.25,22.79,12.1,76.1,1000.7,1.14,60.7
38.83,71.01,31.04,30.0,68.6,999.7,14.36,16.6
46.69,22.33,43.43,35.8,49.5,1019.4,3.51,41.5
54.28,37.62,14.82,13.1,23.4,1011.6,4.33,38.5
28.11,39.29,60.6,22.8,47.2,1017.3,13.76,24.9
49.08,47.8,52.65,22.7,53.4,1018.1,7.18,29.8
43.24,59.07,24.35,15.1,47.9,1006.2,3.16,42.7
53.22,33.15,45.02,14.8,45.0,1009.1,8.52,45.9
-4.12,72.97,24.05,2.9,19.6,1014.9,6.38,21.3
80.22,16.1,51.16,20.5,17.1,1012.9,15.43,26.4
64.65,40.14,20.84,22.0,66.5,1015.1,4.03,50.5
55.39,10.7,68.16,30.9,83.4,1002.5,1.25,55.3
24.83,63.1,74.28,25.9,83.2,1012.9,2.97,62.4
6.53,26.73,59.58,14.1,95.4,1017.9,8.36,12.2
12.69,7.19,56.87,31.0,40.1,1033.9,0.12,36.4
66.29,47.13,48.87,12.5,83.4,1016.8,2.97,78.5
72.47,54.15,42.04,7.2,61.4,1007.8,3.13,76.6
62.42,21.22,31.97,31.2,83.8,1004.1,3.82,43.3
56.94,46.75,67.98,2.9,70.0,1007.5,3.38,70.5
62.91,74.51,35.05,14.8,73.9,1005.7,1.29,61.8
70.08,49.92,54.0,-10.4,57.8,1023.5,7.61,34.6
27.44,67.41,63.82,24.9,59.7,1016.4,2.33,43.5
18.17,62.0,75.19,41.9,61.1,1020.3,5.41,58.0
50.37,39.05,36.46,28.4,83.8,1020.7,1.79,38.1
22.94,58.79,40.93,7.5,58.6,1027.4,1.57,56.0
54.07,53.91,29.55,25.7,49.5,1004.2,1.29,65.8
60.3,105.78,69.66,11.2,42.5,1010.4,25.38,12.6
18.72,70.01,58.82,14.8,65.7,1009.1,0.42,64.3
29.86,39.79,5.81,2.8,81.5,1025.5,3.21,31.9
37.98,38.15,78.96,10.5,40.1,1021.0,2.76,54.2
41.77,47.04,90.59,13.0,66.2,1031.0,14.96,26.4
17.24,82.64,68.97,28.2,53.7,1004.7,7.15,41.4
41.09,50.6,25.16,6.6,64.9,1009.4,5.69,42.0
28.05,25.3,37.88,-1.6,40.0,1019.2,4.95,18.9
55.11,34.73,50.09,41.5,73.6,1012.1,0.57,90.4
77.88,28.3,39.12,8.1,62.0,997.0,6.81,55.5
53.01,11.69,9.72,25.6,70.9,1011.8,2.22,38.0
39.22,-9.64,96.73,2.4,47.3,1022.7,3.68,40.8
55.73,36.87,50.35,23.2,71.7,1006.0,3.84,58.4
34.73,92.27,43.02,26.1,47.8,996.4,0.87,72.6
52.3,94.73,51.88,23.5,54.8,1022.5,5.23,79.6
37.61,75.15,41.99,0.4,59.1,1004.3,4.11,60.7
44.09,26.54,76.53,3.3,67.7,1025.9,3.2,55.8
35.72,26.47,19.2,40.5,79.9,1013.0,9.37,10
54.7,75.99,69.05,14.8,63.4,1018.0,5.33,52.8
56.06,38.08,41.81,3.9,43.2,1013.2,2.53,53.5
62.73,44.36,38.85,31.0,60.7,999.8,4.09,49.7
5.55,58.85,54.9,20.7,50.0,1009.1,1.53,44.1
40.65,30.03,74.66,28.8,72.8,1037.0,3.68,40.9
72.34,44.51,20.42,-2.7,55.3,1010.1,0.5,70.2
-9.73,-7.82,21.51,23.1,30.2,1023.4,0.98,10
35.98,42.5,47.24,29.1,62.8,1016.7,4.4,54.9
65.85,91.61,28.02,5.0,78.5,1018.5,0.23,104.8
13.04,67.37,25.28,15.1,99.4,1028.8,8.89,27.0
30.36,-8.69,53.44,24.7,88.3,1006.3,8.33,10
17.22,43.25,0.94,8.3,51.8,1002.9,11.26,10.4
42.78,81.2,54.04,20.2,81.4,1004.3,6.54,62.9
44.39,17.42,56.68,28.0,36.7,1000.1,1.07,45.4
47.51,72.93,32.35,6.8,76.5,1019.8,7.85,66.8
7.25,45.9,36.35,27.0,74.3,1017.4,9.06,10
28.79,46.6,34.33,6.9,64.4,1004.1,1.78,41.1
44.85,71.38,82.14,19.3,51.6,1023.5,0.96,80.7
37.66,41.42,66.96,3.2,41.4,1028.3,3.9,59.1
-4.89,3.78,62.43,7.3,60.5,1011.1,1.78,19.3
60.9,48.69,78.14,11.6,76.1,1020.4,1.7,62.3
74.25,37.8,66.12,16.3,54.0,1029.0,4.99,75.8
62.03,18.78,66.99,10.2,31.4,1016.8,1.6,74.1
26.39,15.85,59.94,15.6,56.3,1015.5,2.63,36.8
25.34,105.05,22.57,26.7,47.9,1014.6,5.8,43.0
47.9,-0.39,-5.51,9.3,88.9,1027.9,1.86,10
57.93,45.9,74.99,22.1,68.2,1002.7,3.37,83.7
58.38,34.41,45.83,-5.9,67.3,1013.3,6.37,51.3
42.72,55.98,69.88,15.1,59.5,1009.0,11.11,34.0
36.44,59.79,50.47,24.3,70.8,1006.1,0.46,77.2
-10.98,35.3,25.87,5.1,52.0,1019.9,11.6,10
39.21,89.78,63.05,20.1,53.8,1033.1,10.53,57.5
37.34,37.24,43.71,-6.4,52.7,1026.1,1.17,50.7
43.37,16.14,32.28,22.0,81.0,1004.7,2.27,35.8
8.18,83.21,37.03,16.6,40.0,1029.2,0.4,58.6
40.16,43.69,13.17,20.5,73.6,1011.2,1.83,31.9
41.56,42.34,58.59,39.9,85.3,997.3,6.74,49.4
26.53,38.67,50.63,6.0,25.9,1014.6,2.75,30.9
20.96,33.48,31.89,8.6,56.0,1012.5,1.4,40.3
8.27,50.02,33.64,10.2,85.8,1022.2,3.51,47.7
68.3,76.29,44.21,4.4,50.7,1006.8,3.61,72.8
13.68,52.53,60.43,14.4,45.8,1023.8,3.7,50.4
33.29,57.15,65.11,6.6,47.7,1027.7,1.86,68.7
45.78,22.1,32.78,27.0,52.3,1039.2,4.27,39.5
79.43,21.12,33.29,8.2,80.4,1003.3,1.05,70.6
36.31,58.18,57.9,18.0,48.2,1027.2,1.35,67.2
116.29,54.64,36.7,26.4,39.6,1026.4,4.78,91.3
24.45,64.68,47.09,15.1,77.5,1012.8,2.57,56.4
58.37,31.97,82.02,10.9,75.2,1010.1,0.71,74.3
28.0,39.83,50.25,21.5,40.3,996.4,0.46,19.0
55.98,81.97,47.18,17.2,31.3,1020.9,2.86,80.2
3.15,46.6,46.0,15.4,72.6,1007.3,5.38,32.8
67.26,85.56,60.7,-5.5,48.6,1018.1,26.27,10
-0.37,40.27,53.26,13.1,35.7,1009.2,1.37,28.7
55.36,83.28,37.57,20.3,51.2,1020.3,8.04,47.2
43.83,51.83,72.91,0.1,61.1,1010.7,11.43,36.8
64.51,77.63,38.85,-8.0,78.9,1023.8,0.79,67.8
12.49,72.41,21.44,18.5,70.0,1014.4,20.3,10
64.81,58.85,37.25,5.9,37.1,1016.5,0.59,65.5
1.13,53.55,89.61,19.5,34.4,1034.4,1.21,60.4
38.81,70.25,67.27,22.5,77.4,993.9,2.35,79.3
72.49,77.28,32.17,30.6,28.4,1005.8,4.96,71.8
72.66,55.68,49.02,49.1,48.0,1013.1,0.94,71.7
54.84,49.81,37.83,28.9,56.4,1016.1,5.13,33.1
38.98,117.1,48.93,14.5,23.1,1008.8,1.83,85.1
50.35,29.01,47.1,-9.0,46.9,1006.0,2.16,60.6
18.29,0.78,4.36,17.2,72.5,1019.1,9.78,10
60.32,73.94,36.04,10.4,58.0,1008.2,11.24,33.8
20.58,40.61,31.99,8.5,43.3,1011.5,1.88,29.5
32.71,63.61,59.3,29.7,72.1,1010.1,0.51,63.6
52.72,76.94,40.97,29.4,82.7,1001.6,4.49,63.9
79.1,25.25,35.61,15.0,72.3,1016.0,0.1,65.5
55.76,17.68,52.06,18.0,54.2,1024.1,5.7,33.0
52.24,80.78,70.23,12.3,59.4,1021.6,0.23,85.5
25.87,29.06,15.79,23.8,44.2,1016.8,3.27,34.7
28.86,50.88,92.9,-2.0,98.8,1021.4,2.27,74.5
54.66,86.05,70.74,17.6,70.3,1013.7,4.38,68.9
45.21,48.71,65.68,22.8,68.4,1017.7,1.69,48.4
72.64,80.18,52.36,10.6,60.4,1010.1,4.02,83.6
48.32,102.12,47.03,22.5,35.0,1004.4,1.11,77.2
37.92,39.99,28.15,-3.5,30.5,1011.2,5.06,25.3
23.15,52.09,51.09,1.6,62.7,1033.1,2.45,41.5
31.15,48.42,51.47,28.3,17.6,1020.0,0.08,46.7
46.28,86.01,10.75,22.8,63.1,1012.2,16.19,36.4
33.41,64.77,14.03,22.9,80.7,1015.2,25.3,10
53.91,90.27,18.34,-12.3,83.2,1009.3,4.27,79.9
51.56,17.2,20.14,18.3,99.3,1001.6,4.62,20.8
34.42,5.49,25.4,29.4,15.7,1025.1,4.47,10
42.27,60.42,38.83,39.2,78.7,1018.3,5.64,51.7
27.21,99.65,58.91,26.1,69.9,1007.5,0.49,74.0
32.32,48.71,68.03,21.4,55.4,1031.3,2.49,64.4
49.18,42.0,49.12,-6.7,39.8,1025.6,9.77,26.7
49.6,94.78,54.72,26.1,91.1,1011.3,0.21,93.8
62.72,39.45,70.38,-1.3,46.0,997.2,0.95,72.9
53.74,75.06,30.72,27.0,72.6,1015.0,1.64,54.8
62.28,58.18,27.18,10.8,52.3,1007.8,9.0,27.8
60.24,87.24,30.99,27.2,28.8,1034.7,7.65,47.7
41.02,30.53,57.8,3.6,88.1,1026.1,3.93,35.7
54.73,37.54,41.3,19.5,70.1,1012.7,6.01,38.7
29.76,40.76,48.85,7.3,62.0,1017.2,3.34,39.0
0.59,61.78,65.8,11.2,52.6,1019.0,5.96,30.3
36.71,5.79,48.27,27.6,53.0,1002.8,13.44,10
43.98,24.72,33.03,3.5,55.4,1005.2,0.39,55.0
40.01,29.14,49.46,18.6,64.8,1017.3,1.29,35.3
57.35,76.28,45.47,-2.6,89.3,995.1,18.17,40.2
60.98,59.45,59.5,0.1,58.5,1010.5,2.12,66.8
23.88,47.65,70.16,23.0,14.7,1003.5,1.1,54.1
39.6,74.67,25.25,18.8,43.1,1001.3,1.73,58.7
18.34,57.49,38.53,12.5,41.6,1028.6,0.74,40.0
58.62,65.72,48.58,17.8,39.5,1012.4,6.2,60.8
24.18,13.39,66.71,22.8,47.7,1020.4,1.83,24.0
-2.9,97.15,57.66,31.3,47.8,1020.8,0.91,62.3
14.87,33.26,48.66,1.9,58.3,1021.5,0.79,38.9
52.07,62.84,50.54,21.1,90.7,1020.2,2.26,62.8
36.51,40.17,68.25,8.5,62.6,1012.0,8.0,38.8
26.08,84.22,32.78,6.9,74.0,1005.4,3.07,44.8
36.07,70.48,66.35,-10.7,22.9,1017.7,0.83,74.0
29.54,40.95,51.58,12.1,47.4,1018.0,0.48,62.3
9.5,56.39,54.65,23.3,48.6,1019.9,14.92,14.9
52.35,51.83,72.93,1.7,72.6,1011.3,0.05,84.7
61.94,40.43,55.79,15.0,72.9,1012.3,1.05,66.5
20.3,52.37,46.64,12.5,93.8,1012.0,2.17,49.4
16.0,38.13,53.08,12.0,29.3,1001.5,8.69,10
62.65,60.47,37.91,14.1,95.2,1024.6,15.21,31.6
50.27,27.15,26.17,0.9,55.3,1020.0,0.35,52.7
28.2,33.72,37.28,25.4,28.7,1009.1,7.83,10
36.13,33.33,43.41,3.1,50.2,1003.8,0.3,43.2
40.98,55.79,50.89,15.2,53.1,1019.2,1.24,62.7
43.88,29.15,50.25,19.9,67.2,997.0,0.83,59.6
29.9,65.18,34.78,9.0,52.4,1002.3,5.38,41.8
52.46,51.92,63.94,27.7,54.7,1031.1,9.48,37.7
41.32,23.62,62.61,8.2,82.4,1007.6,0.07,60.8
47.69,70.64,22.06,8.9,72.9,1014.9,2.39,53.9
22.38,62.3,40.89,10.7,32.0,1019.5,0.54,56.8
21.22,58.84,31.9,18.7,38.9,1008.3,0.36,50.9
32.82,98.37,33.12,15.1,63.4,1010.8,5.4,55.9
21.57,-2.8,59.78,10.6,76.7,1018.2,1.57,46.0
17.74,44.56,21.31,22.1,55.3,999.2,1.27,28.2
55.69,45.14,52.01,22.1,49.4,1013.7,1.79,65.8
65.43,57.94,46.08,25.9,31.4,1016.8,11.9,45.7
37.86,46.52,32.53,10.2,85.2,1023.4,1.64,37.2
41.94,79.16,18.16,7.8,84.5,1009.7,2.14,73.4
49.32,18.85,74.57,0.6,68.8,1022.5,2.0,72.3
17.17,79.97,52.6,2.4,58.4,1011.9,0.03,55.6
39.01,30.27,39.22,3.3,62.4,1009.9,8.56,25.4
55.01,35.62,60.48,21.0,18.6,1026.8,6.88,53.6
47.59,56.29,71.47,21.9,78.9,1003.6,3.08,71.4
44.74,52.79,64.29,33.2,88.9,1014.7,0.68,73.4
41.98,75.49,53.29,26.9,45.5,1006.9,3.74,50.0
52.71,104.45,24.85,32.6,57.1,1013.2,4.91,69.2
38.23,66.93,73.96,31.5,77.1,1021.8,4.38,67.5
-3.92,77.24,68.85,7.8,62.9,1022.5,6.54,35.0
23.31,44.31,35.39,31.5,25.7,1023.2,13.23,10
38.76,-0.03,32.14,7.8,60.3,1019.2,1.92,35.9
69.13,28.53,78.37,18.3,59.1,1017.8,16.31,33.8
34.76,14.86,29.02,22.5,86.1,1032.1,0.55,15.1
35.33,71.2,49.12,-3.0,75.6,993.3,1.3,62.6
71.63,47.77,29.54,-0.5,52.4,1012.4,7.18,39.2
52.24,17.55,15.45,22.8,91.8,1012.1,1.94,23.9
8.66,31.77,37.7,1.0,76.7,1020.6,0.59,31.8
65.18,77.27,-3.04,1.5,68.9,1020.4,0.14,60.5
39.5,55.85,58.69,17.5,91.6,1026.5,4.26,60.0
49.33,41.29,38.12,8.7,82.1,1020.2,3.04,50.3
32.93,68.17,-8.16,30.7,63.4,1009.5,1.96,41.9
20.3,54.02,40.68,-14.8,87.2,1021.7,0.63,51.6
52.91,93.7,29.77,20.2,72.5,1010.6,3.43,82.3
23.39,44.66,46.69,9.0,56.5,1022.5,10.12,29.3
41.96,24.26,28.44,9.8,77.7,1010.8,0.36,54.0
72.22,44.74,27.55,32.5,71.3,1028.2,3.14,92.2
19.97,48.67,46.01,28.9,65.4,1007.9,3.95,58.4
70.22,58.89,77.55,20.6,59.8,1016.6,7.64,87.2
54.07,72.08,2.57,-15.6,33.7,1021.4,2.78,43.1
24.46,34.17,33.46,19.0,73.9,1005.2,3.62,47.4
36.7,9.72,38.02,32.3,62.9,1006.0,0.2,58.4
12.71,87.64,66.85,-4.3,105.6,1017.3,3.82,58.3
2.7,50.06,33.84,19.2,31.5,1016.3,1.04,39.1
24.63,78.84,59.82,13.6,68.0,1012.7,2.76,77.3
50.09,37.82,34.41,28.3,83.2,1005.7,2.48,56.5
70.02,3.19,42.12,20.4,90.4,997.4,0.13,54.8
43.05,41.82,80.96,6.1,83.3,999.2,3.35,68.4
48.16,62.99,55.98,19.8,86.7,999.5,14.87,35.2
36.34,2.31,29.26,1.5,38.2,1011.2,11.22,10
57.44,32.76,53.31,48.4,23.7,1015.2,5.23,41.6
22.78,23.75,29.13,12.0,43.3,1001.6,3.83,21.3
41.91,44.96,58.75,30.5,78.6,999.0,2.28,59.2
65.69,105.26,72.62,20.4,76.5,1010.0,3.99,98.7
43.51,71.43,39.51,8.5,88.6,1004.4,2.54,44.6
79.11,44.04,20.34,15.6,39.1,1009.4,7.92,47.3
44.19,14.98,52.94,20.0,46.1,1001.1,0.09,49.8
52.56,55.04,41.8,33.3,55.2,1010.6,3.15,56.2
30.48,74.7,43.1,29.4,68.7,998.5,8.44,39.3
34.85,66.29,59.66,17.5,96.1,1006.8,4.62,50.2
59.67,77.33,57.96,13.5,73.7,995.2,5.7,74.5
45.4,25.04,26.6,13.7,91.4,990.0,26.87,10
51.63,57.46,4.24,-15.7,77.0,1012.9,7.94,24.0
61.48,58.13,45.43,16.9,80.5,991.7,5.6,57.6
42.51,5.94,54.12,16.9,33.4,1030.5,5.52,36.3
28.4,0.92,54.56,20.4,69.2,997.6,14.81,10
31.52,52.39,64.61,16.1,56.8,1017.1,2.96,50.1
84.6,87.94,47.19,12.4,45.1,1004.1,2.05,79.3
67.25,79.56,53.27,20.6,82.6,1005.2,10.75,44.3
44.28,44.1,28.97,2.0,84.8,1022.5,1.39,64.1
-0.4,21.17,48.12,29.1,32.1,1017.0,10.06,10
60.7,49.26,50.56,-17.5,53.8,1013.8,3.93,62.2
63.87,-15.81,6.95,9.2,43.8,1018.1,3.7,22.8
34.01,8.2,56.36,34.5,41.0,1020.8,1.86,41.5
70.52,16.55,59.0,20.4,48.1,1029.0,19.6,10
64.62,41.7,49.24,8.7,63.8,1000.8,12.2,32.4
16.44,68.92,69.49,19.5,83.3,1016.8,1.47,50.1
53.31,43.64,51.65,20.7,69.2,1009.2,2.64,67.1
32.08,47.74,62.12,23.2,83.5,1016.0,21.52,10
47.04,19.3,44.98,7.2,34.6,1006.7,12.51,10
16.76,95.22,65.14,31.3,32.7,1018.8,1.16,56.8
48.76,88.11,65.18,16.2,53.1,985.6,7.46,46.3
53.78,0.87,33.98,-7.2,59.4,1024.5,2.82,38.8
31.67,19.04,62.9,18.1,67.9,999.4,10.41,28.9
21.17,42.08,20.4,20.3,55.1,1034.6,0.9,43.7
-10.7,66.29,38.88,10.1,72.2,1022.5,10.67,10
57.47,40.92,62.36,23.9,71.4,1021.3,33.11,10
42.86,63.99,46.84,28.2,48.3,1014.5,0.14,79.5
69.92,75.68,41.49,38.8,70.3,1030.8,3.2,62.3
51.22,24.18,46.76,14.8,94.9,1020.2,25.52,10
68.05,19.51,52.91,25.3,68.3,1007.7,1.04,67.6
46.34,50.61,30.7,19.5,80.6,1004.4,2.54,42.1
18.57,57.1,44.26,8.2,85.2,984.2,0.4,65.6
36.02,66.93,55.18,27.3,43.4,1002.6,5.14,54.6
69.95,33.05,76.56,24.3,40.1,1000.5,4.68,57.0
59.19,60.6,17.09,-2.9,72.2,1023.3,0.34,71.2
27.32,-5.6,62.28,16.8,38.8,1014.6,3.72,29.6
52.93,55.82,49.51,-13.2,72.5,1012.8,1.15,71.9
41.13,64.19,40.65,-2.6,46.3,1011.8,0.52,41.7
18.85,24.65,76.51,14.6,43.1,1018.9,8.03,19.7
20.7,30.25,19.73,12.3,56.0,1004.7,0.47,35.6
79.21,26.65,62.05,5.0,60.0,995.1,1.59,74.5
27.17,85.3,50.91,30.5,92.1,1023.4,5.27,73.0
82.43,40.01,48.52,3.8,64.0,1025.2,0.44,52.6
50.05,-2.44,43.33,-2.2,42.9,1003.3,1.82,25.0
30.87,-3.73,42.3,3.4,60.5,1017.6,1.58,26.0
10.28,54.76,77.5,24.7,79.2,1027.5,3.33,46.5
56.66,58.83,41.48,36.2,62.2,1023.1,4.91,63.3
33.97,54.98,43.25,37.2,96.1,1015.8,5.39,56.0
34.49,34.55,13.58,33.9,73.8,1012.5,0.62,39.1
60.02,35.53,61.11,24.8,72.4,1008.5,8.39,44.4
39.17,49.81,42.56,5.9,46.7,1024.2,8.81,31.6
17.83,43.44,54.19,-1.0,86.2,1001.6,29.88,10
20.86,100.98,66.71,33.0,80.8,1023.1,3.59,74.4
65.13,21.27,92.22,25.5,60.4,1022.6,3.38,58.6
30.16,57.61,53.13,10.2,36.2,1009.7,7.42,35.7
35.59,49.84,22.23,37.2,33.2,998.9,18.8,10
61.17,80.9,42.44,23.1,108.3,1009.9,2.83,70.4
26.95,48.96,32.78,14.0,63.3,1018.9,9.11,10
62.94,35.55,42.13,9.1,61.3,1023.7,0.97,54.9
22.19,28.04,75.41,20.8,67.1,1021.5,2.95,37.9
56.52,6.77,72.37,16.1,24.0,1030.9,0.06,53.8
55.93,59.67,43.67,22.1,98.9,1009.9,6.12,44.3
47.25,48.51,63.65,21.1,88.1,1014.3,1.53,83.1
45.28,53.97,28.5,7.3,103.0,1016.3,2.33,51.1
41.39,74.0,36.68,0.5,53.7,1033.1,2.59,61.9
46.46,35.1,25.14,19.4,57.1,1018.2,0.47,54.3
31.79,74.71,27.34,17.3,85.0,997.4,2.68,56.7
26.13,19.24,33.49,31.5,40.5,1013.3,0.28,38.5
61.1,41.76,36.61,22.6,68.6,1026.1,4.15,54.4
45.08,51.38,59.38,-1.5,81.2,1016.9,5.46,53.3
46.19,48.82,59.64,13.9,81.0,1018.4,0.07,63.3
28.07,43.48,77.27,35.9,99.2,1024.3,3.48,57.8
34.19,37.74,32.72,-2.9,77.5,1024.3,8.44,18.1
35.13,28.31,79.84,26.1,50.7,1016.3,1.26,60.3
25.63,35.03,39.88,5.1,56.1,999.9,4.43,16.6
28.6,15.24,87.37,12.2,35.8,1025.5,6.05,56.5
30.13,55.58,16.83,8.9,56.2,1006.1,6.92,34.1
37.05,70.28,48.29,20.1,70.5,1031.9,6.44,36.5
34.61,50.35,44.5,17.1,64.4,1033.5,6.96,45.0
-11.31,27.32,48.14,-2.2,35.9,1011.8,13.72,10
43.11,62.45,16.83,9.1,55.2,1003.4,0.92,42.8
72.81,91.71,49.79,1.6,71.3,1024.0,12.34,35.3
56.45,41.28,45.43,23.0,55.7,1002.1,0.16,46.7
83.27,66.44,27.15,3.8,31.8,1022.0,11.97,43.7
26.44,55.18,53.94,31.0,38.8,1015.6,1.82,58.2
28.78,45.71,37.21,26.5,53.6,1027.8,8.21,18.8
39.67,56.36,36.11,16.7,50.1,1011.5,0.64,54.1
52.51,54.76,62.61,27.1,59.4,1010.1,9.14,69.1
31.66,49.86,36.61,29.4,38.9,994.2,9.09,18.0
8.59,41.9,92.07,27.2,71.3,1004.0,12.54,25.5
47.42,9.18,77.29,25.4,99.0,1024.4,7.8,37.3
57.01,81.11,55.59,11.8,48.1,1017.8,5.72,69.9
10.98,25.54,65.56,34.9,51.0,1006.9,1.79,35.9
-3.04,49.31,35.97,-2.9,48.4,1025.7,4.03,15.0
43.92,50.88,38.73,16.4,83.0,1033.6,2.96,57.7
46.28,56.01,56.89,-9.1,59.1,1019.8,0.02,65.8
31.45,80.74,67.86,13.9,75.6,1002.9,4.78,64.6
22.99,29.83,82.03,27.0,76.8,1013.2,6.2,21.7
9.74,28.46,74.59,14.7,48.8,1005.6,4.61,27.0
44.3,53.45,38.11,5.7,44.4,1018.4,16.4,11.2
55.31,67.43,-24.8,-0.5,45.4,1008.7,1.21,42.3
67.01,57.22,35.14,-3.8,42.6,1016.6,32.45,10
55.78,29.91,61.07,22.1,70.3,1019.6,14.95,29.6
56.84,38.8,24.61,8.0,75.3,1024.6,4.29,36.8
35.11,48.82,34.18,7.3,36.6,1014.8,1.77,43.4
24.13,64.31,44.42,12.1,65.7,998.1,2.66,38.5
51.99,53.69,63.64,12.9,42.6,1026.0,15.59,10
12.04,12.81,69.31,20.6,66.8,1034.7,3.06,27.9
22.39,79.6,42.51,7.5,93.3,1005.5,4.81,50.0
48.99,80.55,42.71,18.2,79.7,1026.1,3.55,63.3
43.44,58.78,31.37,5.6,76.1,996.7,1.08,67.4
35.26,41.17,31.89,34.0,76.8,1017.4,4.83,51.8
7.19,67.41,80.41,20.1,34.3,1011.8,5.21,43.9
63.92,14.12,51.56,25.2,76.1,1028.9,7.41,38.1
28.17,65.66,40.9,20.2,54.9,1030.2,5.96,22.7
38.4,35.1,57.4,28.2,64.3,1011.0,1.15,51.8
-8.15,56.96,38.39,23.6,55.8,1014.8,4.54,12.8
41.49,46.2,42.82,11.8,61.2,1027.7,2.64,40.2
95.72,47.76,43.05,47.8,84.8,1031.9,1.37,98.7
14.83,23.69,55.23,32.0,86.9,1003.7,7.54,31.5
-1.29,68.65,40.97,17.4,68.9,1013.7,17.37,10
42.6,47.16,81.93,9.2,44.4,1001.0,10.17,39.2
89.94,9.9,16.79,16.6,60.1,1007.4,0.21,61.8
15.42,34.76,16.24,7.9,45.8,1019.6,4.83,22.1
34.01,61.36,76.76,28.2,84.6,1021.1,1.61,58.0
44.78,81.87,14.39,17.2,88.8,1008.9,8.24,27.4
-1.99,81.76,35.23,2.4,40.1,1012.5,1.14,33.7
-13.1,44.13,31.22,30.6,82.6,1008.5,2.19,38.0
23.03,69.98,88.41,18.6,94.1,1001.8,6.49,64.4
13.87,47.78,55.14,17.7,53.8,1016.6,1.7,46.7
65.29,78.25,28.23,22.1,85.2,1018.1,0.83,76.9
28.89,26.97,29.66,19.9,60.6,1004.2,8.34,14.6
8.74,121.81,78.67,-11.5,69.0,1012.1,6.36,76.5
0.88,38.2,58.43,6.5,54.5,1002.7,2.96,40.0
35.13,32.54,44.07,20.0,64.9,1009.3,1.71,55.6
37.26,-11.82,73.43,13.1,88.4,1019.4,8.14,21.8
29.96,40.39,59.05,21.0,73.8,1005.4,2.42,53.1
72.97,50.41,19.52,21.7,74.2,1004.9,0.17,80.8
67.41,83.34,44.99,32.6,69.7,997.0,1.19,83.0
78.67,46.14,85.04,16.3,68.4,990.0,2.85,81.2
55.65,70.12,51.31,19.5,59.0,1010.1,7.68,50.9
52.6,69.97,49.51,10.8,14.9,989.5,4.79,53.1
9.08,38.04,30.53,29.4,63.6,1024.1,2.48,42.8
51.97,84.41,58.17,30.1,75.1,1009.1,1.03,67.2
8.43,33.13,27.66,14.9,50.4,1018.5,2.55,22.1
46.42,43.22,54.04,10.7,80.5,1011.0,2.85,49.2
32.17,63.95,14.87,23.7,50.6,1016.0,3.75,48.5
57.67,57.14,2.42,6.9,74.4,1002.4,4.47,63.3
23.99,21.0,51.3,24.6,67.5,987.1,5.31,34.7
59.18,55.17,67.61,21.5,64.6,1003.7,1.9,88.1
34.11,46.88,48.14,22.5,37.7,1011.7,0.46,50.1
36.35,30.05,39.38,22.2,51.0,990.3,11.23,18.4
-4.26,90.33,15.05,28.2,68.1,1005.8,8.03,15.8
44.17,10.2,77.51,20.5,45.3,1018.4,3.76,39.4
-6.62,56.99,60.82,0.9,40.2,996.6,6.43,14.4
37.29,60.63,52.27,18.5,47.4,1015.8,3.1,76.3
37.72,4.24,60.45,7.8,69.3,1028.9,2.34,39.5
45.77,43.11,65.31,23.9,73.6,1017.0,1.42,67.9
25.43,52.86,33.12,7.0,74.7,1026.1,0.81,58.4
63.44,9.16,69.46,8.6,31.6,1008.5,1.93,47.5
46.6,30.73,29.26,25.5,79.7,1015.8,10.29,19.5
71.14,51.91,44.38,2.2,63.5,1010.7,15.95,17.9
62.28,57.16,-18.14,12.2,84.8,1020.7,0.59,57.2
23.07,106.33,54.05,13.8,63.2,1012.9,3.15,46.0
42.37,20.93,51.5,14.6,65.9,1006.2,1.36,63.7
53.1,34.09,32.27,9.5,58.8,1001.7,9.24,30.1
34.48,56.87,37.02,18.7,47.0,1003.2,4.07,44.7
77.63,42.93,59.32,19.1,64.7,1014.6,3.27,62.5
11.29,58.78,54.62,22.2,42.9,1011.8,11.8,22.7
59.04,90.56,22.38,13.9,95.2,1015.0,1.14,64.8
26.61,66.13,70.38,2.3,46.3,1006.9,24.03,10
15.45,43.59,65.79,17.1,82.3,1022.7,0.56,56.7
-8.4,79.46,34.82,4.0,31.6,996.8,5.11,12.2
44.74,87.59,31.97,19.6,40.3,1008.0,10.23,48.4
34.32,29.01,79.66,23.3,43.7,1005.7,9.83,33.2
30.29,44.65,44.0,20.7,73.5,1021.3,0.4,48.3
33.97,71.69,29.05,2.8,29.4,1023.5,1.46,65.0
63.47,29.25,27.9,33.9,102.3,1007.8,7.12,37.2
45.59,39.67,22.66,10.1,25.8,992.1,5.25,18.3
47.44,37.43,55.99,15.4,66.6,1008.6,1.94,36.3
20.74,98.81,57.28,35.3,61.2,1017.7,5.87,48.1
51.73,62.8,36.13,18.3,80.4,1031.1,4.1,46.6
56.78,14.75,46.39,28.5,82.5,990.9,6.64,31.4
17.95,18.41,42.89,13.3,52.5,1022.0,24.71,10
39.8,16.93,18.09,8.2,90.3,1025.3,16.99,10
26.49,40.34,70.19,17.0,66.2,1002.8,6.01,25.0
52.59,93.34,84.76,25.6,70.7,989.8,12.54,47.4
35.74,3.21,39.04,39.0,75.3,1021.6,1.92,26.6
32.75,63.22,29.5,19.7,50.3,1016.4,12.21,11.0
32.82,9.37,20.16,16.7,73.0,1007.1,6.9,10
33.62,84.64,50.94,0.8,68.5,1010.8,0.57,80.7
73.08,63.41,44.4,8.8,84.5,1013.2,10.14,57.2
52.58,51.22,76.32,16.9,82.0,1009.9,6.91,55.7
43.69,36.72,45.16,-14.1,72.0,1016.1,1.34,60.1
33.75,43.96,25.52,16.6,43.0,1010.7,3.99,36.0
45.56,6.75,63.37,24.2,44.4,1012.9,1.15,41.8
36.74,33.15,42.79,-2.7,79.3,1015.6,7.03,36.6
50.96,54.14,75.46,18.4,72.2,1011.6,6.65,47.7
46.15,23.42,47.66,21.6,60.3,1008.6,1.46,42.9
34.56,29.6,40.15,19.9,65.1,1013.5,11.89,15.1
35.66,41.77,36.76,8.3,27.1,1006.2,2.73,39.2
11.26,74.91,21.45,10.2,81.2,1022.1,7.05,33.1
11.95,51.7,39.4,19.0,87.4,996.5,4.82,29.6
32.14,42.7,46.3,13.0,2.8,1002.4,7.34,25.2
43.69,91.32,43.82,7.1,90.9,1016.5,7.03,58.8
74.26,76.96,52.53,35.2,16.2,1013.3,3.12,93.5
40.02,24.29,48.53,18.9,61.7,1008.8,0.44,42.9
33.39,50.5,41.93,30.6,85.7,1009.0,5.74,64.0
30.63,-13.58,52.42,1.8,99.5,1008.9,1.42,27.3
55.46,79.67,62.34,43.5,66.3,1007.5,0.66,69.3
46.25,38.51,55.96,-11.8,48.7,1013.7,3.77,58.9
68.75,71.92,25.74,11.5,54.5,997.7,13.51,27.7
40.28,-12.02,60.08,30.1,68.2,1006.3,7.8,12.7
3.04,47.77,6.74,7.3,73.4,1008.4,0.27,27.3
42.25,27.76,-11.68,20.6,54.2,1012.2,10.86,14.7
47.33,72.19,37.12,27.0,75.7,1011.8,15.2,42.8
32.03,45.19,89.55,2.2,111.0,1007.3,0.84,71.1
48.41,55.34,41.01,27.7,71.2,1011.5,0.62,62.8
13.26,57.95,61.71,6.2,31.0,1026.6,0.54,41.3
70.92,40.02,57.84,18.7,41.4,1014.9,16.74,41.0
42.76,25.46,48.62,34.4,68.7,1012.2,1.01,53.1
14.28,70.22,79.67,15.5,48.9,1010.2,0.74,54.1
76.21,9.96,54.25,3.4,52.6,1014.4,4.06,37.2
43.67,48.71,28.36,23.8,51.6,1008.1,11.21,35.9
21.92,34.93,18.61,14.3,65.6,1022.1,9.33,21.6
55.94,63.45,72.91,13.9,57.5,1015.6,1.09,89.9
46.41,40.02,38.24,23.4,28.1,1014.6,2.15,53.7
28.08,22.0,37.96,41.8,45.2,1010.9,2.5,29.4
59.82,58.47,52.12,27.0,59.3,1015.3,4.27,55.7
53.9,57.47,64.35,20.0,101.2,1022.0,1.89,69.4
49.13,47.86,-3.49,15.2,69.6,1015.8,3.03,35.7
60.72,19.04,64.73,16.3,65.5,999.5,9.1,26.5
20.57,70.61,97.99,23.7,44.8,1012.9,2.47,64.7
24.01,73.88,49.72,4.4,51.0,1022.7,3.38,52.5
52.01,34.17,63.66,19.3,34.1,1001.7,3.84,56.9
53.52,72.52,22.6,0.0,73.1,1031.3,0.41,80.9
16.38,47.81,22.53,14.1,80.3,1005.4,7.14,26.2
24.83,42.25,61.16,13.9,82.8,997.7,0.73,62.4
54.7,28.69,52.77,23.6,69.5,1005.0,12.82,18.5
73.98,60.37,55.17,29.6,41.4,1007.2,2.56,71.4
38.42,44.32,58.95,13.0,52.4,1012.8,4.26,48.4
11.6,49.38,26.57,12.0,76.1,1023.5,5.69,28.5
46.6,40.11,-3.01,11.6,16.4,1003.6,1.08,37.8
62.37,76.25,54.65,4.1,49.3,1005.7,2.2,77.8
21.93,123.25,26.99,15.7,76.3,1013.1,0.47,67.8
33.89,78.87,61.27,32.1,66.1,1003.7,11.71,46.6
36.84,41.86,52.93,37.6,28.1,1023.4,2.82,44.8
19.57,74.71,59.92,14.9,87.7,1024.7,0.68,67.7
59.49,35.05,57.28,-0.2,50.5,1016.0,1.19,65.6
25.44,31.87,25.72,-3.2,15.8,1002.7,0.87,23.6
11.87,37.15,26.29,21.4,63.7,1033.3,4.68,20.3
28.68,63.5,43.36,-5.8,69.2,1012.5,1.25,54.3
37.83,25.14,68.15,4.2,56.3,1020.5,8.01,41.2
44.48,103.13,69.21,7.4,75.7,1009.5,1.7,85.6
81.9,59.09,70.54,-2.5,51.2,1018.7,6.72,66.6
64.03,70.12,48.53,42.0,45.8,1006.3,1.44,97.0
50.58,55.07,37.88,8.6,61.9,1014.1,2.95,58.4
6.11,23.71,40.43,-0.7,65.4,1014.8,5.18,14.9
30.28,52.51,11.45,7.7,56.5,1005.4,2.38,58.3
55.77,67.47,77.16,8.6,59.8,1026.3,7.75,72.5
43.85,70.14,68.96,31.4,72.8,1009.1,9.26,58.6
45.17,53.36,64.72,22.2,58.3,1004.9,3.02,47.8
35.9,41.21,52.72,16.2,59.4,1014.2,4.84,27.5
54.91,10.46,33.99,4.8,57.6,1019.2,1.99,64.1
23.32,69.87,59.45,31.5,43.0,1011.1,4.68,51.9
54.2,33.03,46.57,0.2,64.1,1015.7,3.24,42.2
50.08,109.36,22.7,5.7,87.9,1018.4,0.97,96.5
28.69,78.45,41.32,23.0,51.4,1005.5,3.67,53.0
29.55,72.68,60.99,18.7,73.4,1009.4,4.12,59.4
29.89,32.61,31.25,14.8,75.4,1018.6,1.21,41.3
30.11,31.24,34.59,28.6,46.7,1002.7,3.98,44.4
50.62,49.11,63.99,26.5,33.1,1005.1,1.85,71.9
50.77,75.78,55.79,17.8,76.5,996.8,3.81,55.0
42.63,67.39,32.13,24.7,51.3,998.6,7.01,32.2
26.32,43.77,54.27,3.8,66.9,1020.4,3.52,31.4
54.11,11.15,32.84,4.4,49.9,1008.5,0.94,54.7
44.94,63.57,48.41,1.2,51.2,1006.2,2.66,59.4
59.49,42.98,51.88,-2.8,48.9,1006.2,11.31,31.6
45.85,82.84,70.77,-8.0,48.7,1027.1,9.68,52.6
32.0,82.66,85.24,18.0,51.1,1023.3,1.84,63.2
72.99,57.69,58.63,22.5,56.9,1020.1,4.16,74.9
15.93,36.22,84.42,16.5,46.5,1002.3,0.73,56.8
25.13,55.22,13.87,13.9,75.9,1016.3,3.2,41.4
74.9,55.39,35.85,23.9,51.5,1000.6,1.43,72.7
83.54,27.33,52.89,18.2,44.6,1005.1,18.12,17.0
50.86,59.46,31.11,-1.2,55.2,1023.9,2.72,64.1
38.05,34.27,73.61,2.7,78.2,1025.6,5.13,52.1
-7.92,68.51,46.93,-8.3,44.7,1032.3,5.4,17.0
19.96,33.86,81.62,27.6,86.5,996.6,0.32,52.1
9.06,79.42,73.59,16.6,27.2,1002.6,1.78,57.6
14.26,99.04,16.17,23.2,72.4,1029.8,1.39,53.3
90.24,51.59,41.72,20.8,51.1,1026.6,4.08,82.8
40.51,19.01,50.7,-2.6,77.1,1023.9,6.98,23.3
47.08,36.98,39.71,-8.1,62.0,1018.8,2.3,54.0
24.78,71.67,53.62,25.2,78.3,1014.6,1.89,58.6
70.69,68.9,43.03,4.7,73.4,1013.9,7.39,68.0
20.04,85.83,33.95,9.9,45.8,1023.5,2.21,32.8
33.52,50.02,31.69,3.7,90.1,1020.4,1.62,51.9
15.78,58.42,38.46,32.3,58.2,1022.6,0.19,39.5
53.85,83.04,73.06,33.8,91.2,1009.5,14.34,57.9
86.14,60.44,29.65,40.1,39.9,999.7,3.43,77.2
78.98,60.7,53.6,3.6,81.1,1007.4,3.17,59.5
41.6,58.97,55.58,19.1,36.7,1001.3,0.11,70.7
41.86,49.69,47.09,25.0,40.4,1000.3,4.75,43.1
65.31,40.23,51.87,38.3,46.7,1028.3,6.57,52.7
79.27,23.65,74.55,13.4,44.7,1021.4,1.86,66.5
56.71,84.56,65.04,20.1,93.5,1010.5,1.89,87.8
-0.52,21.77,54.04,35.3,33.8,1012.3,1.44,17.9
35.68,39.51,50.18,24.6,60.4,1014.4,22.44,10
38.32,53.77,58.1,28.1,66.8,1031.3,2.24,61.8
50.97,54.28,49.51,17.3,93.7,1021.8,0.43,74.7
51.27,61.88,64.02,9.0,50.8,1007.2,0.05,56.6
62.43,43.11,64.31,14.0,41.7,1018.3,11.53,22.5
31.96,48.58,85.74,11.8,55.9,1012.7,0.99,64.4
76.37,45.7,38.91,11.9,83.0,1008.4,5.9,54.8
19.57,54.86,58.81,13.1,63.7,1001.9,9.96,16.6
25.49,44.04,25.07,10.1,53.6,992.9,6.02,21.4
27.04,72.09,51.18,0.5,28.9,1007.8,4.23,54.9
88.24,67.2,19.83,-8.4,70.3,1017.8,8.73,66.0
58.14,14.79,26.67,-8.0,59.5,1015.9,7.27,28.9
25.33,36.14,56.09,6.5,71.6,1031.1,9.13,10
47.7,55.48,31.19,25.0,72.7,1014.3,5.24,50.0
0.42,43.01,53.19,11.4,79.7,1012.3,5.25,19.4
33.04,90.23,52.8,14.8,65.7,1025.2,0.84,66.0
61.48,63.82,72.13,-2.4,102.0,1000.2,3.03,76.9
71.75,81.97,45.02,4.2,70.9,1005.8,3.43,74.6
36.25,77.37,58.49,24.9,69.7,1014.7,1.57,59.8
69.1,23.48,56.28,28.6,62.2,1015.2,6.67,55.4
69.62,50.78,11.97,17.3,63.8,1002.0,2.68,62.0
53.9,2.82,19.09,19.0,22.9,995.4,1.11,31.4
28.96,76.59,43.92,-7.2,31.3,1025.0,1.69,64.0
33.95,37.16,40.75,3.3,68.1,1019.3,22.0,10
34.97,59.87,42.21,25.8,63.7,1023.0,1.9,57.0
-4.24,69.53,74.09,12.4,62.9,1002.9,1.93,26.0
59.43,63.67,23.43,9.2,63.7,1015.6,3.71,49.8
72.37,-1.14,14.85,16.8,82.0,1002.5,1.66,51.5
35.29,82.79,17.03,28.5,87.4,1010.7,6.51,47.0
21.47,65.13,43.7,13.9,68.5,1014.0,2.62,56.6
48.61,64.27,49.53,4.9,58.2,997.0,2.6,62.0
-2.17,97.85,47.09,33.5,89.8,1020.1,2.21,77.7
35.47,-8.92,31.58,11.2,80.2,1024.2,1.5,19.5
31.51,42.51,42.22,34.6,92.0,1002.4,9.28,46.1
34.84,35.99,47.27,8.5,76.0,1000.4,5.41,56.0
43.08,54.8,38.56,22.9,80.6,1019.4,1.13,54.1
41.64,41.65,38.51,19.8,61.2,1025.2,16.29,19.3
27.45,67.39,46.05,18.1,75.6,1017.7,11.14,19.4
17.5,59.01,48.72,24.4,62.1,1019.0,6.44,47.9
23.49,10.05,67.08,10.5,90.4,1003.0,2.57,30.3
38.72,28.18,33.11,29.2,52.6,1006.9,4.39,31.4
-7.5,26.44,38.18,4.4,42.3,1010.8,7.84,10
36.02,53.79,28.83,-5.2,60.5,1008.8,3.62,67.8
48.0,67.31,86.42,38.0,49.7,1024.8,2.46,67.2
-4.37,28.95,61.67,20.1,55.0,1014.4,9.09,10.8
41.01,46.17,50.83,4.7,68.4,1015.9,3.58,52.9
57.86,40.4,47.2,29.8,67.4,1002.6,1.08,57.4
61.35,85.99,13.97,1.0,79.0,1023.3,0.5,76.6
28.11,25.25,36.56,22.7,69.5,1018.4,0.03,51.8
53.04,32.24,7.46,0.7,64.4,1021.5,1.29,49.3
58.86,59.7,43.83,8.0,82.4,1000.1,2.19,56.2
-11.13,54.14,46.04,31.2,47.6,1008.0,5.23,20.4
33.91,50.95,12.44,22.8,43.7,1012.8,4.76,30.7
36.73,59.46,43.11,-2.9,49.6,1034.4,12.35,23.8
36.69,57.13,72.42,5.7,38.6,1025.4,0.55,68.4
12.99,32.92,41.11,22.6,59.0,1011.0,4.09,17.0
38.89,39.26,50.43,8.5,75.7,1001.0,0.06,51.6
-1.42,16.56,48.8,-3.4,70.3,1021.3,19.15,10
57.06,48.11,8.2,-1.3,107.5,1005.6,7.57,32.7
4.81,60.89,59.03,28.8,103.6,1026.7,7.87,29.8
76.66,24.82,43.33,-7.0,42.2,1024.0,4.06,60.0
19.32,68.48,73.32,29.1,84.3,1021.5,4.31,57.7
41.14,76.01,48.11,9.9,28.1,1006.0,2.69,50.6
34.11,26.82,16.35,12.8,33.3,1024.7,0.87,27.5
14.67,60.36,56.84,2.9,57.2,1029.4,2.35,61.4
50.68,72.63,61.39,-2.3,13.5,1011.5,19.17,27.1
70.26,60.6,54.81,4.5,33.2,1022.7,4.09,58.1
50.29,38.36,67.43,9.7,82.2,1002.3,24.73,10
37.34,4.59,2.9,1.8,54.7,1018.9,15.05,10
120.33,31.16,39.03,-8.2,33.3,992.6,1.93,89.7
46.87,73.08,59.82,26.4,56.5,1004.2,1.96,75.3
62.69,26.3,75.58,13.5,61.7,1014.0,18.65,21.9
38.02,-2.87,40.62,11.3,73.2,1008.9,3.44,30.4
44.55,72.79,28.57,26.4,76.6,1007.8,0.82,62.7
13.59,9.88,68.1,18.3,61.7,1020.9,5.2,29.5
39.18,46.09,32.74,26.0,53.3,1016.3,22.81,10
7.77,43.61,46.26,32.5,81.4,1008.7,1.8,52.0
67.91,42.78,13.45,15.4,62.7,1014.9,9.58,46.9
42.18,31.62,62.64,0.1,79.8,1029.3,8.68,28.6
48.48,70.04,19.5,6.7,85.6,1007.5,1.05,71.0
40.72,85.04,54.61,21.2,56.0,1019.4,11.59,30.4
6.56,98.8,31.13,17.3,40.1,1013.1,2.52,52.8
29.21,-5.32,44.5,29.6,100.8,1019.3,13.47,10
41.72,83.78,60.24,-10.5,51.2,1017.9,2.18,72.6
43.12,57.65,49.72,23.4,57.4,1003.3,0.43,55.5
1.25,47.1,19.18,-0.5,53.7,985.6,0.72,20.4
26.55,85.66,61.19,9.4,70.2,998.0,8.77,43.1
35.28,53.3,37.81,27.7,58.3,1028.0,0.51,57.6
6.84,67.96,47.99,13.7,53.2,1008.7,1.19,34.5
25.59,82.54,42.95,13.6,66.3,1016.0,1.03,63.0
26.16,98.63,47.56,15.2,85.6,1006.5,4.92,47.7
54.52,61.49,31.59,21.1,66.5,1000.5,0.28,63.6
31.77,65.29,16.59,12.9,66.1,1019.3,2.67,55.0
74.14,15.67,14.94,21.2,83.3,1015.5,1.65,41.6
35.56,80.67,23.48,18.4,59.6,999.4,4.93,52.5
50.99,28.83,39.58,-1.7,63.3,1023.3,2.53,62.6
59.83,29.36,63.89,21.3,76.6,1015.5,2.15,69.2
53.53,44.12,61.82,22.0,43.8,1009.1,3.31,56.1
82.54,21.24,6.12,10.4,38.9,1017.5,0.48,70.6
42.72,34.29,32.31,24.4,50.6,1009.2,8.29,43.3
25.16,84.9,34.23,22.8,22.8,1012.0,0.49,42.4
41.0,71.72,60.99,33.5,66.8,1018.2,4.68,68.3
0.54,17.64,66.45,20.5,71.5,1014.5,4.65,10
15.19,33.69,39.75,6.1,55.0,1032.7,9.14,11.1
52.99,101.33,42.8,19.7,18.0,1012.2,0.89,86.6
54.08,44.45,36.92,21.7,33.5,1017.6,4.6,35.7
104.67,65.79,13.11,9.8,58.7,1010.5,3.84,62.4
43.96,16.49,50.35,24.1,76.5,1043.8,2.05,47.2
50.36,14.95,50.83,-14.1,46.0,1029.7,4.69,30.7
73.84,43.23,50.73,14.6,61.3,1018.6,1.62,68.2
3.87,53.36,58.35,-5.2,35.7,1030.0,2.07,38.7
45.94,48.86,66.43,11.8,50.3,1000.6,7.7,29.6
28.67,34.59,27.0,11.0,86.0,1026.5,4.79,23.7
44.69,26.77,28.11,9.1,52.4,1030.4,2.78,40.6
70.05,37.74,52.03,13.9,54.0,1018.5,3.74,62.0
40.51,79.16,1.26,18.1,33.5,1021.7,2.07,41.3
26.41,32.9,45.54,13.1,63.8,1013.5,3.39,50.0
13.54,56.15,8.23,9.3,42.8,1008.2,0.16,39.7
26.42,27.14,-9.42,6.6,99.8,1009.5,10.49,10
47.32,26.44,45.48,1.9,59.0,1017.6,9.82,10
38.99,76.25,41.37,38.4,53.0,1013.1,2.04,55.6
44.09,97.45,68.3,3.7,57.9,1008.3,2.02,77.6
29.79,16.77,22.32,35.3,71.8,1020.6,0.47,45.1
7.65,50.04,36.45,1.3,50.3,1012.3,1.22,39.4
75.66,81.22,39.64,16.0,63.6,1013.5,2.99,94.2
23.39,39.53,27.06,28.3,85.0,1004.8,1.51,48.7
36.86,52.67,51.0,11.0,86.2,1001.5,6.64,50.0
50.4,78.98,9.63,28.4,67.9,1013.6,2.1,60.4
66.3,39.74,55.99,-2.0,63.1,1008.6,0.63,96.0
1.06,-0.02,53.72,6.4,63.4,1012.4,11.12,10
47.5,83.02,28.58,21.2,76.3,1014.8,3.34,72.3
27.76,70.28,46.06,0.8,67.8,1032.7,4.74,57.9
61.11,18.98,105.64,16.4,67.2,1021.8,5.0,68.1
16.18,55.57,43.07,15.0,54.1,1014.3,1.26,46.1
23.61,42.43,68.85,2.3,49.2,1010.5,3.01,65.3
67.72,87.03,34.49,22.6,67.3,1012.2,1.25,101.6
15.81,70.41,35.69,13.2,25.5,1009.1,1.67,36.5
49.61,79.49,57.14,12.1,73.9,1014.3,3.53,77.1
58.65,73.77,91.79,22.1,38.7,1008.2,3.33,83.4
25.97,3.83,31.86,4.0,51.1,1035.3,1.16,20.9
49.84,84.61,79.23,9.8,87.8,1018.3,0.94,76.4
56.38,23.74,22.44,13.7,53.5,1011.1,4.76,50.2
42.32,85.77,48.38,17.1,77.8,1003.0,5.07,55.2
85.24,41.63,63.11,9.1,55.3,1013.1,0.16,99.6
64.87,56.31,49.02,7.9,60.5,1009.4,0.06,70.6
46.67,105.01,76.05,1.6,67.6,1010.0,2.23,65.4
69.42,45.81,56.44,10.5,87.6,1015.3,0.78,87.3
50.55,114.18,41.91,15.6,48.3,1017.7,12.83,54.0
38.81,77.28,-8.26,-4.9,56.9,986.4,5.6,28.6
37.45,64.59,48.35,-0.6,66.9,1022.8,5.01,50.5
22.82,68.7,75.66,8.7,52.9,1022.5,0.95,67.9
30.57,77.12,17.73,25.1,74.7,1008.0,3.85,55.1
22.48,83.34,56.11,12.5,46.7,1010.7,8.91,35.6
39.74,82.11,43.75,21.2,103.0,989.7,2.35,66.8
33.36,101.37,9.7,0.8,28.0,985.4,1.31,56.1
37.26,33.57,53.58,28.6,67.4,1015.3,6.19,45.5
29.42,57.01,41.33,17.2,73.5,1006.9,5.28,49.2
28.57,20.91,30.86,29.1,38.3,1015.2,0.45,31.1
93.72,63.93,82.68,20.6,55.8,1021.2,3.7,114.1
44.29,53.08,44.13,9.2,73.9,1027.3,0.39,66.6
21.0,43.83,65.34,0.8,85.0,1025.5,11.84,19.5
-0.46,45.59,81.54,17.7,58.3,1026.5,0.06,61.6
51.85,82.91,73.64,-0.1,49.6,1017.6,5.41,66.1
41.11,15.69,62.63,15.4,11.1,1015.6,12.59,10
30.15,19.63,74.95,8.3,87.0,1009.0,10.67,25.5
17.75,37.64,54.77,-3.1,45.0,1020.8,2.36,66.5
14.57,-3.8,34.38,7.1,29.8,1006.6,5.29,10
57.02,19.62,56.05,35.5,51.7,1012.5,6.88,38.5
46.45,56.2,53.35,18.9,64.9,1014.0,0.83,63.9
50.0,80.06,23.39,43.0,29.2,991.5,0.81,67.8
62.43,15.31,27.3,14.9,98.2,1005.2,3.09,36.4
7.84,49.73,32.54,45.0,68.8,997.7,1.02,36.0
39.27,61.77,55.52,26.0,66.8,1021.9,15.22,14.5
58.13,48.79,54.11,-4.5,59.3,1009.9,3.68,63.5
25.0,37.53,60.08,8.2,34.3,1016.7,1.51,55.7
43.87,16.17,27.76,22.6,48.8,997.5,1.43,49.1
50.83,71.87,46.42,-0.9,70.1,1010.7,0.03,73.5
44.62,45.22,25.34,20.4,57.4,1036.0,8.15,30.1
58.12,67.27,39.84,11.0,56.0,1015.2,12.46,37.1
13.63,88.09,53.73,15.5,72.2,1022.8,3.28,71.9
50.38,20.69,55.3,-6.3,58.1,1008.2,3.4,53.0
25.6,37.27,55.64,13.4,37.6,1007.3,1.06,49.1
39.74,43.65,22.13,18.2,30.1,1010.5,3.24,45.9
60.42,59.47,41.79,14.5,33.8,1009.6,5.4,28.7
37.97,59.95,67.47,-5.9,39.1,1006.2,15.13,29.1
16.65,43.51,66.43,20.8,18.9,1025.5,4.6,35.9
27.25,57.86,47.18,14.0,46.2,1008.6,18.71,10
20.05,30.22,46.24,25.3,57.5,1010.8,11.28,10
26.99,36.36,27.29,-2.9,53.7,1016.2,8.42,10
30.16,12.19,50.04,7.3,37.3,1019.1,8.15,37.0
77.01,20.03,43.85,8.6,56.0,1007.3,2.72,58.0
5.35,26.26,79.0,-3.5,86.7,1031.4,6.19,35.9
60.34,66.4,18.45,25.1,32.4,1019.0,6.91,51.4
40.24,61.8,30.42,29.7,56.2,1029.6,3.01,40.2
58.83,68.61,42.3,31.7,48.3,1011.7,15.02,43.4
23.24,43.14,29.21,17.6,54.7,1013.8,6.97,20.1
14.0,74.57,54.51,34.2,98.4,1022.4,3.28,59.4
62.31,42.15,49.19,33.0,69.1,1011.9,2.31,79.3
21.65,76.01,22.42,23.8,46.6,1008.2,6.16,35.8
36.72,61.53,59.09,3.0,47.9,1014.0,6.32,48.4
34.63,54.87,66.04,4.3,50.2,1030.3,8.68,35.5
36.33,72.81,26.22,33.1,48.4,1014.2,0.59,41.7
42.87,77.26,16.48,11.4,65.6,1017.1,3.27,54.2
39.22,51.28,79.82,30.9,59.1,1023.0,9.85,42.8
56.4,95.19,2.13,17.1,38.0,1014.9,2.85,58.4
-9.61,61.37,51.73,9.7,81.6,995.3,6.85,23.6
8.48,20.19,51.6,9.9,66.8,1012.0,0.39,42.4
18.91,56.32,77.02,27.2,43.7,1008.9,3.09,58.8
21.83,66.53,25.4,32.3,60.4,1012.9,12.59,10
33.38,68.34,33.9,23.8,76.0,1021.1,0.39,60.9
30.01,80.26,9.58,9.5,85.3,999.1,1.72,44.4
33.21,34.25,45.61,13.5,57.4,1026.5,21.75,10
37.13,9.52,33.77,12.9,37.6,1028.7,0.44,36.9
52.03,11.9,8.04,41.2,53.0,1023.3,3.91,15.9
38.94,66.71,37.86,17.2,98.7,1012.2,1.06,64.0
37.73,72.01,22.23,4.0,51.3,1015.1,6.86,38.9
80.09,40.61,16.93,14.9,74.4,1017.7,2.41,56.5
75.48,103.51,35.18,16.9,73.2,997.7,0.48,106.8
56.85,61.79,21.93,1.0,37.0,1013.3,7.37,30.0
37.29,32.15,49.4,-18.6,86.4,1008.6,2.89,31.6
20.3,42.49,54.42,13.9,74.4,997.0,0.07,75.6
55.58,89.64,29.62,10.0,23.6,1026.9,0.23,72.8
52.44,65.9,61.86,21.8,82.3,1013.7,15.37,10.3
41.93,34.05,33.82,9.1,45.9,1017.1,0.15,44.3
12.8,35.81,71.81,0.8,86.1,1022.4,3.06,34.2
31.38,21.24,40.49,20.0,80.1,1030.5,2.53,44.7
52.72,81.88,32.49,10.1,25.4,1015.0,2.89,72.3
51.62,51.92,53.52,9.8,101.7,998.1,1.28,70.9
70.78,22.64,84.23,13.4,107.6,998.7,0.68,84.7
18.57,38.53,10.96,23.1,64.7,1028.9,12.36,10
68.09,49.33,31.03,4.9,42.8,999.7,0.38,56.4
30.78,78.87,41.27,11.4,32.3,1004.8,2.22,46.0
33.52,90.23,-4.82,3.0,79.9,1008.3,12.47,16.8
36.95,59.1,70.95,13.5,47.2,1028.4,0.74,56.4
34.32,77.85,27.47,19.6,114.8,1020.9,2.33,55.3
21.6,78.86,18.56,20.7,32.6,993.2,1.18,65.0
43.58,10.47,55.81,-2.3,62.8,1008.7,3.15,54.9
25.41,47.06,45.37,12.4,25.9,1024.4,1.12,43.6
64.32,23.57,35.06,27.7,79.3,1003.1,13.63,25.6
82.71,54.47,18.02,28.2,91.5,1016.2,0.87,77.3
59.89,52.59,33.08,24.1,43.5,1020.3,3.05,57.9
10.79,51.82,65.19,28.0,70.4,1014.0,4.26,34.1
60.14,32.89,84.04,12.2,30.5,1013.1,6.07,60.5
48.6,58.34,55.27,22.5,92.2,1023.4,0.68,71.9
54.46,54.78,10.81,8.3,35.0,1003.3,1.61,56.1
62.85,53.48,52.94,23.0,56.4,1015.7,12.73,34.7
59.09,46.49,56.35,15.3,53.3,1008.2,9.62,32.5
56.54,33.0,37.86,8.6,19.2,1029.6,5.56,78.1
60.28,92.98,50.95,-5.1,35.8,1018.1,2.66,76.9
24.33,49.67,15.51,2.5,71.1,1005.1,2.28,39.6
49.26,27.65,78.56,-7.1,37.8,1027.1,1.95,53.2
47.86,49.44,73.8,18.7,71.1,1020.0,13.59,21.8
19.28,43.72,47.67,20.5,63.3,1017.6,0.63,45.8
17.68,33.84,-7.05,27.7,56.6,1009.2,2.2,23.3
15.62,26.5,48.87,35.2,59.9,1018.4,12.82,10
90.17,55.86,-13.94,23.8,59.4,997.4,1.29,67.6
52.95,80.86,64.86,13.1,111.0,991.1,0.54,96.3
61.11,57.42,49.67,16.5,65.4,1005.7,2.2,61.8
21.85,46.94,88.99,-2.4,51.8,1006.1,0.29,81.3
40.49,69.34,64.85,5.0,66.3,1021.0,1.17,90.1
25.89,78.58,29.24,15.3,43.8,1015.2,7.29,39.9
39.32,34.4,17.45,-8.0,41.9,1004.1,3.02,35.7
63.16,16.4,44.87,-0.5,46.5,1003.2,8.32,26.5
-1.92,61.33,39.2,18.0,56.0,1015.0,8.13,12.8
51.17,48.9,71.47,24.8,21.5,1018.0,1.15,80.0
59.58,65.97,31.32,19.1,34.0,1010.5,0.6,51.6
32.28,68.08,67.7,11.8,45.9,1022.8,11.39,32.6
50.26,25.82,7.89,13.4,73.5,989.8,2.43,29.0
41.38,41.4,57.99,29.4,40.2,1005.5,6.6,29.5
18.17,59.23,53.01,30.4,44.9,1005.9,16.89,10
5.93,18.0,45.96,13.3,30.8,1005.7,0.63,29.8
34.44,13.09,-15.37,0.3,53.8,1002.5,6.3,10
31.29,36.66,64.14,26.2,28.9,1022.4,8.09,20.3
45.46,30.45,44.48,13.1,34.3,1009.1,7.82,14.6
55.36,134.28,52.73,28.8,62.9,1016.7,0.59,113.8
34.2,16.28,48.58,-7.8,77.5,1011.7,5.62,13.1
26.76,57.68,58.18,6.9,111.6,1003.1,6.95,45.2
32.95,67.93,40.94,16.4,77.8,1016.9,1.96,57.5
53.31,15.18,53.53,26.2,79.0,1000.4,14.73,19.8
22.8,23.6,59.28,32.1,49.9,1017.5,3.87,37.8
53.56,38.08,25.76,17.8,71.2,995.2,5.73,40.8
44.63,37.55,63.08,21.8,89.1,996.6,25.15,10
-11.15,41.56,65.83,38.1,36.9,1007.4,19.24,10
48.21,62.28,33.18,8.1,41.8,1013.6,2.96,58.2
26.97,38.3,70.4,18.3,49.3,996.0,0.43,51.5
69.77,85.7,43.06,25.6,36.8,999.7,2.23,76.3
23.52,32.02,50.19,-12.0,58.0,1027.6,2.32,45.8
24.13,50.23,44.8,10.5,40.6,1017.4,1.34,49.4
24.42,99.84,64.64,12.1,57.2,1010.8,6.18,67.8
27.48,52.05,31.42,19.4,53.5,1008.3,0.99,26.4
32.93,69.17,81.6,9.8,50.1,1019.5,0.78,53.9
15.78,38.68,21.23,34.8,58.2,1000.2,7.08,27.6
51.66,61.12,50.71,18.7,103.3,1007.7,13.67,52.1
63.76,22.71,38.59,13.9,48.9,995.3,13.07,11.1
65.01,87.87,15.88,20.5,61.1,1021.6,2.36,84.0
49.14,56.12,56.52,15.5,40.1,1029.8,6.56,47.9
39.21,64.22,59.15,7.8,74.9,1011.2,4.92,60.9
32.02,32.87,48.8,36.3,62.1,1013.5,11.31,15.1
23.09,50.99,32.08,15.2,71.7,1019.6,0.6,37.8
74.44,22.03,9.47,22.6,73.5,996.1,2.0,59.8
51.96,55.35,48.47,9.6,41.0,1016.7,2.45,53.8
28.62,49.48,30.36,16.2,87.4,1015.3,2.68,41.6
27.06,9.95,7.89,0.1,65.6,1013.8,1.21,21.9
5.2,67.91,16.35,5.9,89.6,1021.0,5.01,24.7
60.48,35.99,57.46,11.1,21.3,1012.7,11.24,45.2
29.07,57.06,92.01,23.5,65.9,1016.6,2.68,53.3
24.53,64.3,74.9,-0.6,83.9,1020.2,2.49,67.5
36.86,23.31,16.78,15.7,70.6,1021.7,0.88,43.4
25.15,14.55,98.38,-0.6,50.5,993.4,3.2,40.8
10.43,68.71,51.1,-0.8,55.9,1017.1,3.46,52.2
35.7,72.84,52.71,14.0,40.1,1024.6,5.8,51.9
31.03,74.5,40.41,16.3,28.2,998.6,4.37,43.0
-4.71,69.83,17.53,-5.4,42.7,1015.8,6.19,21.6
25.06,48.41,28.27,3.4,35.9,1023.7,13.03,10
13.72,87.17,35.48,5.2,18.5,1016.2,4.98,43.0
32.24,73.68,31.05,10.2,77.6,1010.0,1.52,48.2
59.06,57.25,2.9,33.6,40.1,1022.4,0.57,41.8
2.4,29.57,77.33,7.3,95.5,1027.2,9.63,10
41.3,45.72,62.5,23.3,79.4,1001.1,3.22,68.2
92.14,59.91,56.98,16.7,50.3,1004.1,0.12,72.4
24.1,46.43,51.53,-3.9,54.8,1017.9,0.99,46.7
39.01,36.91,55.85,34.4,50.0,997.2,0.58,48.6
62.36,58.47,34.84,17.7,42.1,1019.0,1.56,75.5
28.11,62.89,46.25,35.4,48.6,1012.6,2.88,51.1
28.18,26.51,41.96,6.5,50.7,999.9,1.08,50.9
40.6,26.76,41.67,16.2,48.2,998.8,2.28,68.0
18.31,44.08,58.63,4.4,48.2,1017.4,2.83,39.9
-17.96,74.63,61.01,6.7,48.5,1000.0,0.72,19.0
-1.52,78.65,23.56,20.3,59.5,1002.7,4.11,45.3
-1.96,80.59,55.75,1.6,36.1,1008.3,1.43,45.4
19.78,50.17,77.2,14.1,60.5,1008.2,1.44,55.0
48.89,15.98,13.87,21.3,71.5,1020.3,4.19,43.5
40.8,54.13,8.53,11.7,43.7,1013.2,5.68,18.3
67.85,64.08,44.94,20.1,0.0,1026.6,26.83,10
22.35,33.34,45.22,4.3,71.3,1019.7,1.25,40.3
57.81,64.91,50.67,8.4,36.3,1015.1,1.24,81.2
62.03,43.69,24.87,32.0,52.4,1010.2,11.0,25.4
40.3,54.8,30.07,17.0,12.6,1023.7,1.66,41.5
29.5,66.18,66.84,12.8,82.0,1013.8,15.72,15.7
61.38,88.52,38.72,-1.4,70.6,1023.4,19.72,30.9
71.02,19.88,69.52,10.9,51.1,1007.3,4.05,65.9
80.46,14.73,36.86,-6.1,29.2,1011.1,0.62,76.5
28.58,44.68,54.37,21.4,56.9,1013.2,1.31,77.2
29.81,46.16,63.66,12.8,62.7,1010.1,3.72,31.7
49.01,45.37,62.1,22.3,58.3,1014.3,1.71,47.8
26.31,46.45,15.19,5.3,110.1,1016.5,1.21,34.8
29.62,54.9,29.46,31.4,43.1,1010.4,2.72,39.8
5.72,60.04,22.11,-5.1,90.4,1022.6,6.36,20.9
15.06,13.75,48.22,9.6,49.1,1016.9,0.74,40.7
95.65,31.45,43.08,17.7,68.6,1014.8,7.26,58.8
24.89,23.12,37.22,8.7,58.6,1007.8,0.82,37.4
44.66,66.77,36.08,-30.2,76.9,1004.4,7.99,33.7
16.54,52.48,65.04,9.8,47.2,1012.5,1.06,57.3
69.04,29.33,74.32,2.6,55.2,1021.7,3.29,64.6
34.27,74.08,88.26,4.4,19.5,1010.8,8.55,49.9
46.32,17.21,49.2,22.4,51.6,1017.2,0.25,49.9
41.42,28.63,58.51,29.5,77.2,1022.1,1.7,47.1
50.17,31.86,27.0,3.7,56.9,992.9,3.1,54.7
36.38,111.92,55.38,8.0,101.5,1006.9,2.5,78.6
73.77,17.21,84.88,4.6,39.1,1021.0,2.3,58.0
67.16,76.43,42.42,-8.9,58.1,1000.4,0.4,91.3
40.54,26.38,30.07,31.6,41.1,1019.2,21.15,10
53.59,69.15,76.82,32.7,53.8,1018.5,0.22,90.0
40.39,98.94,51.15,24.5,54.1,1011.3,4.94,64.4
57.06,57.07,16.87,11.8,101.6,989.4,0.68,52.3
46.31,62.57,84.04,-2.6,59.9,1032.1,4.36,74.2
10.85,62.55,41.07,9.5,84.5,1010.6,3.52,43.6
78.16,42.02,53.14,22.1,28.7,1013.6,3.96,63.5
33.31,82.29,52.41,17.9,89.2,1019.5,3.7,55.2
37.62,68.79,20.56,7.9,30.5,1017.3,3.67,55.1
45.85,9.61,17.65,4.4,58.6,1015.0,1.77,31.6
42.77,54.73,51.74,-12.1,77.3,995.8,5.23,61.4
101.88,43.72,-18.3,14.5,50.5,1011.4,6.04,55.4
45.62,36.62,46.04,28.3,77.1,1006.1,1.18,42.7
52.2,70.04,40.92,5.7,91.7,1009.8,16.02,31.8
24.54,51.94,37.76,11.9,100.6,1024.3,3.04,62.6
18.35,79.39,47.14,24.6,73.2,1010.5,5.02,52.7
54.84,76.93,18.68,12.6,80.1,990.5,1.08,72.8
9.72,30.05,38.0,-1.8,76.7,1000.6,14.83,10
12.8,56.1,63.06,1.8,87.5,1018.8,13.53,32.1
50.17,78.65,26.9,0.8,53.7,1013.3,3.78,63.6
34.93,31.9,41.48,18.6,92.1,1013.8,2.72,49.6
26.9,32.0,29.52,9.7,39.2,1028.8,9.0,16.8
37.55,68.11,7.19,12.0,25.0,1004.7,8.82,10
70.09,70.54,51.08,28.1,17.6,1008.3,2.24,84.8
45.75,76.38,33.19,35.6,55.0,1018.0,6.36,56.3
66.61,53.45,27.08,12.2,63.1,1027.8,4.78,46.4
16.43,19.76,40.74,18.0,36.8,1007.7,4.62,10
27.04,48.16,58.42,19.1,49.0,1006.1,3.24,39.9
62.0,-2.55,80.2,-26.9,87.1,1008.5,9.48,23.7
47.86,19.49,41.34,14.5,38.4,1020.3,1.76,35.2
83.76,73.39,66.59,33.2,54.1,1013.3,3.94,79.6
35.63,64.57,52.97,37.4,42.8,1024.3,0.63,80.9
27.23,63.27,28.5,-8.3,63.0,1016.7,7.48,45.8
88.62,82.31,45.64,28.2,40.5,1000.3,0.38,89.9
7.78,76.1,19.76,4.1,62.6,1027.0,6.61,11.0
56.83,4.78,36.43,10.0,64.2,1008.1,2.69,33.9
14.72,41.49,47.8,26.3,58.2,1023.9,7.71,28.2
20.55,53.67,49.99,18.6,55.1,1032.9,18.55,10
2.73,96.59,8.14,-1.1,39.0,1021.7,0.92,51.8
67.17,76.77,58.84,11.6,76.4,997.0,3.51,56.4
78.39,20.5,72.54,0.3,65.7,1012.7,5.99,47.6
21.13,57.7,75.71,32.1,31.9,1004.3,5.28,30.4
77.13,60.94,37.0,19.5,65.6,995.6,3.6,64.0
42.39,53.89,38.93,8.1,85.4,1017.3,8.1,34.0
66.86,38.74,25.59,36.7,48.1,1013.0,3.96,46.3
55.25,29.76,61.86,-2.0,83.1,1012.7,0.73,69.7
94.01,38.75,38.2,29.9,59.0,1004.2,5.53,95.3
55.07,58.73,55.09,6.2,12.2,1012.4,1.43,74.1
64.53,42.89,45.69,4.5,55.9,1014.3,1.85,78.6
22.82,44.47,60.71,12.7,43.0,1017.4,1.7,51.3
23.29,48.68,85.0,30.2,68.8,998.4,9.67,28.4
31.7,20.97,28.17,37.5,41.1,1025.9,11.06,10
51.89,67.25,62.57,29.9,61.7,1004.9,7.34,41.9
55.51,91.21,25.03,-8.4,89.1,1003.3,3.88,66.9
35.83,69.12,20.82,25.2,26.8,1033.8,1.8,44.6
36.13,67.5,53.24,15.7,14.5,1017.4,4.36,45.4
4.67,25.49,31.35,9.5,28.0,1010.6,6.01,10
46.85,45.63,53.14,3.9,60.9,1017.4,1.32,55.3
27.08,76.54,65.93,11.2,80.0,1016.5,14.29,19.7
48.36,32.01,69.34,24.3,82.9,997.1,5.38,50.7
-4.29,34.7,36.78,-0.7,36.7,1006.6,1.09,10
54.88,59.04,37.84,6.5,64.0,1005.0,1.18,67.2
41.68,52.72,36.71,20.5,75.6,1013.8,18.17,19.5
30.92,36.99,28.39,-2.9,50.5,1018.1,7.61,22.1
58.19,59.22,44.49,20.0,45.6,1002.7,0.32,65.0
34.46,66.13,64.3,2.0,104.2,1003.0,6.34,44.5
25.31,25.07,70.59,27.6,43.5,991.8,0.08,49.1
44.66,36.8,8.64,14.7,82.3,1024.2,18.09,10
41.13,49.19,51.04,17.6,15.2,1015.5,0.28,53.8
51.41,45.32,39.71,11.5,22.0,1019.8,6.15,47.3
49.49,29.54,31.37,7.3,61.3,1014.8,1.1,60.0
49.73,54.47,6.69,10.0,53.4,1014.8,8.33,23.1
44.37,56.8,50.12,12.9,48.3,1005.1,8.55,23.1
34.87,66.67,51.52,17.0,49.2,1025.9,11.99,20.7
48.4,19.76,49.97,-8.2,53.3,1011.4,2.15,50.6
46.29,81.46,34.42,28.0,66.6,1023.9,2.02,46.6
68.48,116.79,64.91,9.7,69.9,1026.8,7.71,86.0
53.3,11.39,24.28,-2.3,66.5,1007.6,0.81,50.7
72.06,56.66,26.86,36.4,46.1,1011.0,2.85,70.6
31.41,-8.34,27.81,18.4,63.1,1027.9,0.58,10
8.48,36.06,37.02,-1.3,44.0,1001.6,4.39,37.4
25.96,29.4,48.52,28.3,33.0,1017.0,17.17,10
12.94,70.92,75.16,8.5,53.0,1001.3,0.27,52.9
24.87,24.51,28.33,14.3,44.1,1007.1,2.5,32.0
23.75,30.31,61.74,25.6,84.7,1017.7,13.05,13.3
78.38,42.47,63.1,18.1,69.6,1016.9,0.9,89.4
51.57,91.5,22.43,25.6,76.8,1003.7,5.05,56.4
13.69,37.57,39.36,11.1,51.9,1002.3,15.2,10
23.45,14.07,42.38,6.1,58.5,1012.8,11.07,10
44.84,28.64,60.87,20.5,48.3,1005.4,0.44,65.8
10.02,69.81,29.72,38.6,84.6,1019.6,18.98,10
56.61,10.26,74.3,25.5,46.6,1000.4,1.16,69.3
33.72,87.31,60.19,19.6,40.4,1009.2,2.24,75.2
40.18,41.24,48.56,-3.1,33.9,1018.9,3.51,48.1
33.76,56.18,40.48,-0.0,56.7,1019.9,8.74,10
49.12,71.16,80.57,-5.0,78.3,999.9,1.72,71.8
64.85,42.85,62.74,14.8,89.6,1013.4,3.06,52.1
24.31,39.88,54.28,4.4,65.9,1001.9,0.44,44.1
44.73,67.13,99.4,12.7,115.0,1000.5,7.84,59.0
8.67,75.64,63.26,17.9,60.4,1014.7,1.07,35.8
73.99,19.74,48.29,23.4,28.6,1031.0,7.31,51.4
45.13,38.92,62.92,8.4,39.3,1006.5,6.2,38.9
4.56,18.16,52.97,12.5,63.9,1011.2,10.84,10
48.11,40.33,52.35,0.8,80.4,1015.1,3.74,45.0
24.94,93.88,62.8,26.5,71.4,1001.9,3.74,64.7
14.46,52.85,49.28,2.2,60.3,1012.9,1.81,42.2
-16.7,32.66,63.71,-3.6,46.4,1010.1,1.93,34.5
65.0,76.27,38.26,5.5,58.9,998.6,8.89,58.4
29.19,24.22,34.34,8.8,57.7,1011.6,3.42,10
35.94,81.09,49.72,31.3,41.7,1017.6,0.68,68.4
70.27,48.63,73.47,3.1,84.2,994.9,0.89,86.7
27.38,78.41,39.23,11.4,68.1,1006.4,5.02,62.3
46.29,40.73,18.7,18.2,104.3,1007.4,10.03,10
57.46,57.73,32.23,28.3,60.6,1013.4,10.44,45.8
52.31,12.09,57.16,24.9,8.9,1005.3,0.85,58.3
40.87,75.82,61.4,20.4,57.9,1022.1,5.35,58.6
51.68,35.8,-3.25,16.2,40.1,1011.2,3.35,29.2
49.51,20.36,60.16,11.4,70.7,990.6,5.41,46.2
61.43,25.57,-11.95,6.0,65.4,1006.0,18.47,10
20.88,61.08,50.65,17.5,44.6,1001.0,19.84,10
52.51,42.18,1.21,22.2,60.8,997.7,0.44,30.6
35.76,40.64,-3.23,-1.4,45.6,1004.4,0.04,30.2
51.87,24.13,33.49,-9.6,24.8,1017.5,4.23,46.4
32.84,14.2,35.71,19.9,56.2,1003.7,1.79,43.4
67.72,1.45,63.34,2.1,57.8,1014.6,4.71,47.5
-2.38,79.29,35.43,22.4,33.3,1021.2,0.72,34.7
6.18,74.89,1.56,10.8,27.2,1028.6,18.87,10
92.06,50.97,53.62,7.2,50.0,1017.5,12.04,45.1
55.71,57.23,65.98,23.2,36.0,1002.6,0.69,83.8
61.58,40.46,26.77,-3.0,45.8,1015.3,0.3,68.9
64.35,13.83,39.1,21.8,76.2,1012.9,1.62,62.0
54.62,6.02,20.9,31.1,70.7,1029.3,2.31,39.2
14.41,61.08,62.99,13.7,81.3,1016.1,3.78,52.3
53.32,34.51,8.86,14.4,56.1,1003.6,4.01,38.9
53.4,30.35,53.96,21.2,41.9,1000.9,4.03,43.3
-2.61,25.53,78.52,30.6,71.5,1017.4,0.9,32.9
42.9,75.78,36.28,39.6,40.9,1014.7,8.21,54.5
27.83,71.75,6.31,22.4,41.9,1016.4,9.33,13.4
33.45,58.84,43.39,-6.0,54.5,1007.9,2.5,35.3
55.62,40.02,87.51,19.1,46.0,996.8,2.86,60.6
70.56,49.23,79.05,34.5,93.9,1002.2,0.48,81.6
65.77,57.07,50.07,4.6,62.1,1022.1,5.15,49.4
45.73,27.89,51.98,31.2,60.6,1003.1,2.39,53.4
31.95,32.74,35.21,3.6,69.8,1022.0,11.95,10
38.59,22.39,41.94,23.0,76.8,1011.9,2.58,45.2
32.88,5.23,75.66,18.9,39.4,1010.9,2.65,49.7
33.95,46.28,2.57,-4.3,39.6,1004.7,18.84,10
48.15,-17.51,47.94,-5.0,63.3,1009.9,0.58,31.1
37.91,3.5,75.88,-1.9,38.7,1007.4,6.39,21.9
43.49,24.3,55.02,30.6,58.5,1012.9,1.83,48.0
40.41,35.62,39.36,1.6,101.0,1017.6,3.87,33.6
37.38,75.88,50.38,15.5,72.8,1019.8,5.12,44.5
31.7,8.92,51.95,12.7,98.2,1019.2,3.23,34.1
21.78,41.17,-1.64,9.2,42.7,997.6,4.27,19.8
48.82,41.31,58.39,-7.1,59.9,1014.0,0.85,65.6
25.94,-7.98,27.35,16.5,42.4,1005.9,0.24,10
36.66,24.93,31.82,17.5,90.8,1019.9,2.13,36.4
69.67,34.96,32.07,0.3,52.8,1018.8,14.56,10
79.73,30.05,40.49,28.6,50.2,1016.9,11.45,23.8
18.19,84.13,18.87,18.0,60.3,987.7,0.9,51.4
76.97,65.29,63.64,-2.4,44.9,1005.7,3.4,67.0
40.86,67.69,26.99,20.0,55.7,1006.7,6.44,35.7
9.35,18.4,43.77,26.4,44.2,1020.6,0.18,28.3
76.27,38.95,80.13,5.5,75.1,1018.1,10.55,50.0
22.86,20.87,57.45,11.8,63.0,1006.4,6.58,16.7
31.68,62.1,44.55,-1.6,39.3,1025.2,2.6,46.0
88.31,35.38,47.66,10.6,51.6,1005.1,12.25,36.1
62.91,30.83,85.52,14.3,73.5,1026.5,9.55,45.7
45.08,86.76,38.24,27.4,47.9,1022.7,0.08,72.8
64.74,-1.5,44.91,19.4,78.5,1022.5,0.86,72.0
22.97,63.03,36.56,12.1,62.4,1016.1,3.49,50.2
44.26,22.87,11.67,23.5,35.2,1015.0,3.35,44.7
54.03,34.17,31.78,24.4,75.4,1027.8,11.91,17.4
51.6,70.88,46.94,1.5,50.9,1021.3,0.81,73.0
40.52,99.78,43.02,18.6,40.8,989.6,9.84,43.8
58.6,5.65,81.16,7.5,95.9,1031.8,31.57,10
25.68,21.44,60.4,3.5,58.3,1008.0,4.67,38.5
19.35,48.2,52.1,30.8,38.3,1035.9,5.74,30.1
33.86,56.4,32.98,7.7,40.5,1004.0,5.25,24.4
44.87,104.69,22.96,47.3,75.9,1006.4,2.64,72.3
46.17,96.93,56.76,16.1,54.0,1015.3,5.8,51.1
36.97,96.97,22.44,10.8,42.8,1012.2,2.44,58.9
10.5,47.94,53.74,14.3,73.3,1007.3,9.64,10
44.2,71.26,61.71,16.4,32.8,1027.9,10.83,36.7
64.33,59.04,68.65,-1.9,9.3,1011.4,1.33,68.2
54.64,42.16,35.9,16.9,50.5,1005.7,0.32,55.9
46.44,51.15,32.82,-0.6,63.9,1007.5,10.26,26.3
33.62,50.83,69.32,-10.7,69.3,1012.6,2.73,45.6
68.35,22.16,38.48,7.5,61.1,1018.5,1.53,49.3
4.68,48.07,26.3,6.7,105.5,1017.8,12.08,10
45.09,43.11,38.53,4.5,78.1,1004.7,0.1,30.3
4.18,66.73,54.76,27.6,64.7,1024.4,16.94,10
66.12,43.85,44.93,16.5,77.0,1015.3,0.33,76.6
14.36,68.01,53.49,4.2,105.8,1004.1,1.73,51.2
-2.36,35.43,72.24,26.5,62.5,1021.3,7.85,18.8
28.66,71.26,57.47,25.0,63.5,1018.5,10.37,46.3
25.34,60.48,68.3,30.7,68.9,1019.3,9.51,61.1
53.15,84.12,54.65,25.7,84.4,1022.5,3.9,66.0
45.09,88.71,32.38,-2.4,56.4,1016.3,1.73,83.9
41.07,59.13,29.22,14.2,38.5,1017.6,0.12,40.2
50.64,94.08,50.16,6.5,48.1,1013.6,17.57,26.2
59.48,35.95,46.71,10.7,52.9,994.8,15.06,35.8
33.24,76.13,28.92,1.4,84.6,1006.8,0.54,67.4
44.19,41.09,78.79,-1.8,41.9,1013.2,21.82,10
59.74,20.92,41.47,14.7,70.6,1008.1,2.81,64.6
39.36,28.27,29.01,25.2,56.3,1037.9,0.17,60.5
29.12,27.68,59.32,12.9,59.9,1005.8,5.65,32.2
17.88,15.7,36.13,24.6,48.6,996.4,0.03,46.6
60.06,47.29,29.45,33.8,27.7,1016.6,1.78,44.3
57.77,9.47,58.4,5.7,88.4,1006.4,1.02,62.1
48.22,63.88,66.96,2.1,78.8,1011.5,3.19,52.4
30.68,82.61,62.4,-0.5,78.8,1021.8,4.7,79.0
43.99,22.66,62.62,-1.3,57.2,1014.3,3.97,43.6
43.44,79.28,50.68,29.3,65.9,1028.7,3.01,69.7
46.34,51.15,53.34,17.8,24.3,1020.9,4.93,58.6
54.45,52.45,25.03,9.1,93.7,1015.3,9.01,51.5
-2.64,54.2,93.64,0.3,82.3,1007.8,19.14,11.1
37.96,69.87,27.09,2.2,66.6,1017.9,0.66,57.0
52.17,44.4,74.19,25.5,89.9,1003.2,4.19,63.3
43.46,87.68,73.44,15.9,98.4,1016.5,1.31,97.8
28.96,34.32,52.97,43.6,70.5,1013.2,2.69,34.2
63.2,9.6,2.34,8.6,74.2,1005.1,3.62,47.5
36.1,42.92,89.68,6.3,75.4,1008.9,7.24,47.9
46.14,27.92,34.64,1.2,73.5,998.1,0.48,44.3
34.08,45.31,98.52,14.5,53.6,1006.9,15.3,12.3
25.33,68.95,24.64,-3.3,37.8,997.2,0.22,24.7
42.82,13.91,69.78,15.4,65.0,1023.4,1.63,51.4
-4.75,78.79,35.33,21.7,53.8,1006.4,0.53,38.5
26.32,48.67,84.24,6.9,65.8,1007.9,0.09,65.6
32.34,89.97,53.05,8.7,41.0,1021.5,0.65,55.8
26.94,23.12,4.09,2.7,37.7,998.7,1.22,17.3
13.05,14.05,77.89,41.9,79.0,1021.8,5.11,20.8
47.36,26.48,46.31,16.8,60.9,1019.1,12.15,30.7
22.03,48.81,47.89,8.7,79.8,1005.3,1.04,51.8
5.94,99.37,32.32,24.4,89.6,1004.7,0.72,60.5
38.21,33.98,24.05,-3.9,81.9,1017.5,4.43,23.7
73.82,48.5,23.44,12.2,64.8,1007.5,7.44,46.2
31.44,-20.79,20.31,2.0,55.4,994.3,1.37,10
40.75,33.19,67.55,7.1,53.4,994.6,13.61,23.7
49.56,32.49,41.8,10.6,34.6,1004.4,9.97,16.8
66.75,49.69,8.53,8.5,80.7,1005.4,2.19,34.9
27.92,86.37,42.32,23.5,87.2,1002.5,2.9,74.0
26.64,61.59,27.98,13.9,44.9,1017.4,5.93,46.8
58.2,7.7,49.34,-4.9,50.7,999.4,4.72,54.6
33.61,52.74,25.32,10.8,61.7,1006.6,1.53,48.8
49.11,90.4,32.34,9.9,112.2,1002.5,7.98,51.6
45.79,60.97,33.36,14.5,53.4,1013.3,0.03,64.3
57.94,103.54,62.73,18.2,58.5,1011.8,10.48,77.8
60.24,93.97,39.58,7.6,62.9,1001.4,8.23,65.2
82.71,57.23,18.48,4.5,27.2,1029.9,11.15,34.7
10.55,12.52,46.69,14.1,54.0,1007.2,5.07,23.6
47.38,46.12,98.58,27.2,22.1,1012.3,1.21,63.4
55.67,84.49,44.93,20.9,62.6,992.9,0.18,86.2
48.74,44.34,44.15,22.8,64.2,1006.5,0.82,48.6
40.38,46.62,59.37,-7.0,54.4,1036.8,5.44,53.5
41.28,47.81,62.23,5.1,75.8,1006.0,1.29,69.5
26.92,25.28,61.98,17.9,31.6,1007.9,7.71,21.3
56.04,73.65,44.96,36.2,29.4,1025.2,10.09,51.5
42.4,58.24,78.23,36.7,66.3,1017.2,2.68,80.2
84.79,76.77,20.47,-13.4,65.1,1006.8,3.49,79.2
38.44,106.42,41.28,26.3,45.6,1004.8,8.02,50.9
72.71,30.45,48.4,34.2,69.8,1009.0,0.88,73.8
35.43,48.93,54.83,13.9,70.9,1008.7,17.67,10
18.35,22.86,32.88,16.1,72.5,1023.9,4.3,13.2
68.75,40.77,36.9,36.7,80.8,1021.6,0.08,57.5
32.89,33.66,41.32,25.9,33.8,1003.6,6.86,24.2
64.51,81.08,22.7,5.3,90.6,1032.2,10.97,43.0
88.23,12.74,53.27,17.0,50.7,996.5,5.34,44.9
45.63,15.45,74.85,34.1,45.5,1028.9,4.45,37.1
14.15,65.02,65.84,9.9,21.7,1022.2,2.9,49.6
37.13,66.02,37.69,38.5,83.4,997.9,2.56,56.1
21.61,68.43,21.87,14.4,54.2,1004.3,4.14,29.4
26.94,31.9,70.25,14.1,40.8,1015.9,5.96,34.1
53.48,25.34,59.73,25.7,13.3,1023.7,7.29,20.6
56.3,69.78,6.03,14.6,32.2,1024.1,6.9,25.9
29.51,72.03,46.42,10.0,42.8,991.4,0.44,47.8
50.44,62.18,46.01,33.5,89.6,1011.1,5.77,64.7
54.72,61.93,39.48,19.3,49.1,1023.6,2.88,63.8
29.34,78.74,90.64,14.1,67.2,1004.4,8.72,51.0
23.38,34.44,12.52,27.3,57.6,1011.9,5.82,26.6
29.68,86.61,19.53,19.5,60.8,997.1,2.64,36.2
23.76,90.71,80.69,9.0,36.0,1020.2,2.86,43.6
10.66,86.57,45.52,20.8,64.3,1021.7,5.12,43.8
40.48,6.61,43.08,2.6,30.9,1010.1,0.54,20.6
63.08,41.15,40.62,23.7,76.6,1006.6,7.95,32.8
39.16,74.99,76.94,3.3,95.4,1009.2,8.05,65.5
35.81,13.72,22.29,35.8,51.0,1016.0,3.16,31.8
51.3,61.41,33.29,5.5,56.3,1016.5,6.02,43.3
14.69,57.65,25.91,7.2,59.3,1009.7,0.34,32.3
49.05,55.78,34.58,17.3,78.5,1020.0,10.8,22.2
-4.9,62.58,51.53,10.0,95.0,1026.2,2.41,38.7
47.64,43.24,24.75,17.8,30.6,1012.7,9.38,13.9
23.64,24.49,11.79,15.4,58.4,1022.0,5.46,12.8
68.23,74.85,81.87,16.1,14.2,1020.9,4.83,87.7
43.04,27.79,7.24,27.1,73.0,1031.0,11.92,10
77.93,12.46,80.51,-0.4,64.2,1016.8,0.79,61.8
20.46,21.73,35.62,12.1,73.4,1000.4,4.58,22.8
59.68,71.81,55.51,27.8,62.4,1011.3,0.83,71.5
15.35,97.84,54.07,33.5,104.0,1023.8,0.22,81.5
69.82,6.89,30.63,14.8,39.3,1016.3,1.73,48.1
44.26,76.24,63.33,36.4,65.9,1013.8,6.16,67.5
43.03,33.75,81.02,32.2,52.3,1015.5,2.52,50.8
34.61,6.01,48.45,25.2,39.9,1019.1,0.51,49.0
13.99,53.77,96.93,26.7,74.6,1024.5,3.36,60.9
36.89,35.56,36.05,19.4,64.9,986.0,8.96,14.9
77.64,39.67,60.96,21.1,33.0,1017.4,2.37,79.5
37.15,30.15,44.52,26.0,76.9,1014.9,15.32,10
21.64,48.27,30.2,21.3,80.9,1021.5,17.16,10
36.86,63.29,41.93,20.9,42.2,1029.5,5.65,42.2
36.66,75.89,54.73,28.4,72.8,1034.6,1.41,61.7
36.76,51.18,66.28,22.0,70.8,1010.5,12.1,27.0
21.6,47.8,57.25,19.6,65.2,1015.9,2.37,50.2
43.43,33.58,27.18,33.1,48.8,995.4,2.85,45.5
36.91,68.6,21.65,20.6,88.0,1003.5,0.22,53.5
49.46,28.71,43.83,8.5,40.3,1024.1,7.02,26.7
19.56,87.31,22.8,33.7,60.8,1011.7,5.65,36.2
56.66,58.34,20.7,35.6,100.2,989.9,4.79,40.2
52.97,57.36,31.8,22.9,54.3,1014.2,0.32,63.3
46.5,31.73,54.79,26.7,28.9,1010.5,9.38,41.9
48.79,51.67,36.7,3.0,75.9,1001.4,11.08,43.6
16.34,80.5,65.19,25.6,76.0,1004.8,1.92,73.3
28.68,80.15,56.29,29.5,55.3,1010.9,1.11,75.3
14.49,48.79,68.15,21.9,30.6,1022.2,0.59,74.0
41.26,56.79,60.19,27.5,43.2,1001.7,35.53,10
46.34,13.05,55.87,15.1,55.8,1014.4,2.62,27.8
43.42,60.83,47.26,25.5,52.9,1018.1,3.57,48.5
30.93,33.95,19.64,10.9,54.7,1013.3,2.33,32.3
43.05,76.7,54.11,-5.9,59.4,999.2,4.5,66.1
1.04,76.41,68.98,32.5,30.2,1022.6,0.37,37.2
29.84,0.34,17.53,9.7,43.4,1004.4,9.7,10
67.05,21.57,28.65,38.6,40.3,1024.6,2.7,30.3
43.07,55.36,34.2,20.2,35.2,992.6,12.2,29.1
38.24,-9.0,55.04,-9.0,46.8,1032.5,2.09,42.7
19.65,43.11,11.76,19.5,100.7,1012.9,4.64,44.3
53.31,64.43,41.97,13.0,90.8,993.9,0.51,70.2
40.96,69.69,20.87,8.4,47.1,1010.0,0.58,56.6
39.28,30.68,32.23,-14.0,59.0,1011.1,0.93,45.3
60.45,33.44,55.26,22.4,29.9,1012.1,3.0,56.4
44.92,49.07,39.92,21.7,53.6,1001.4,2.03,57.3
34.84,75.75,46.63,-0.5,98.3,1007.8,0.62,65.4
11.91,42.14,23.38,18.2,69.0,1004.1,11.3,10
45.12,13.88,6.2,14.4,59.3,996.6,0.52,38.9
29.67,24.07,23.14,32.6,65.7,1002.6,11.26,10
56.32,20.95,30.92,18.9,35.9,1023.3,2.08,29.7
22.32,69.38,47.47,14.5,28.1,1020.3,26.19,10
23.36,66.63,91.73,11.4,58.1,1009.6,2.71,58.4
33.23,86.95,29.68,11.7,88.5,1015.1,2.73,74.0
58.92,59.67,35.38,19.5,67.0,1024.7,0.48,50.0
22.37,41.74,74.69,11.1,74.7,1001.1,1.14,69.7
48.61,104.54,-10.17,16.5,43.4,1005.6,0.97,57.4
32.17,14.82,64.52,39.3,39.0,1007.2,0.3,29.1
15.46,48.6,60.13,9.7,45.1,1021.4,5.63,50.8
36.39,53.05,80.51,6.0,76.1,1015.6,2.09,47.3
21.37,27.14,71.62,16.6,67.8,1008.3,2.22,51.4
10.21,57.64,54.37,9.8,54.2,1005.6,2.19,37.7
24.67,86.75,26.88,-7.9,50.9,1017.0,9.9,30.3
27.21,28.31,36.4,-6.3,43.5,1002.8,0.21,31.0
67.53,77.23,48.08,1.3,52.4,1008.1,4.97,60.8
15.71,73.92,58.91,18.3,58.6,1012.8,2.49,56.3
45.34,92.89,36.17,-1.1,70.0,1001.8,2.25,58.5
58.32,34.8,43.95,28.9,60.3,1024.8,3.88,56.0
50.32,61.53,38.82,20.3,50.1,1021.7,4.26,55.5
30.58,47.43,32.94,6.3,48.5,1018.0,6.14,48.2
48.76,56.96,8.55,31.3,28.9,1009.2,0.01,63.8
27.94,69.46,25.85,13.6,49.8,1022.4,1.68,38.0
68.53,62.32,39.04,19.9,113.4,1013.7,4.91,63.1
14.32,54.57,28.45,31.0,42.5,1021.4,6.12,29.1
-16.56,95.25,49.55,10.9,69.0,1002.9,3.21,42.5
57.87,52.63,36.49,14.8,42.8,1022.0,15.09,26.7
6.87,73.8,67.56,18.9,87.9,1003.0,2.83,43.4
15.74,88.3,36.77,6.3,36.8,1008.9,3.62,50.1
