Cement,BlastFurnaceSlag,FlyAsh,Water,Superplasticizer,CoarseAggregate,FineAggregate,Age,Strength
127,247,11,170,3.72,932,601,7,10.53
429,173,150,174,0.37,980,860,28,13.29
491,300,200,223,31.33,812,898,365,85
111,138,136,186,25.98,948,867,365,85
470,33,136,134,15.86,966,819,365,75.0
168,221,166,148,25.47,1107,951,365,85
221,331,12,149,13.57,1116,952,1,32.71
326,128,55,145,9.52,804,884,365,63.34
275,172,7,135,22.24,1145,696,7,56.25
170,350,124,210,9.24,1017,950,7,20.88
112,74,100,235,3.97,825,656,28,22.64
179,195,53,236,5.42,843,617,90,29.25
536,321,86,181,15.16,1081,738,90,49.89
485,356,22,132,16.59,1001,855,7,42.15
482,155,11,131,24.97,1080,641,28,63.03
327,131,27,191,29.15,1058,946,7,64.82
507,52,198,145,24.0,1103,732,180,70.94
493,71,119,174,22.36,939,701,180,69.31
330,53,136,223,22.16,1071,799,365,85
245,241,59,228,14.93,971,829,1,31.98
507,228,47,178,8.45,1034,898,7,19.69
521,307,138,124,14.15,866,720,7,37.17
452,74,185,134,10.61,939,984,7,33.13
403,349,151,178,14.47,811,732,365,72.98
212,202,69,145,4.83,989,882,1,14.83
360,234,115,162,24.24,934,962,180,66.45
246,76,17,224,0.12,1106,889,90,15.43
272,235,104,211,0.15,1093,801,365,41.16
301,351,113,194,6.55,1098,883,365,56.77
428,16,199,211,27.26,1053,891,180,81.44
392,249,188,208,29.94,1107,916,7,70.65
475,295,130,247,7.5,925,860,1,24.61
168,143,1,185,23.78,842,906,28,56.95
463,193,66,220,12.65,947,723,28,31.55
474,91,37,240,20.62,969,605,28,49.76
479,267,133,227,21.14,1057,878,1,50.44
248,92,1,124,4.08,1092,970,7,8.09
215,338,115,231,31.21,952,683,365,85
439,263,15,221,3.93,1037,685,365,50.15
384,151,8,221,23.62,1093,800,180,73.91
216,270,175,234,10.77,1122,832,28,31.14
179,6,124,138,2.75,963,886,365,50.64
270,196,1,143,29.26,877,731,90,74.82
430,353,21,151,25.01,898,831,180,74.99
417,351,104,156,31.54,876,887,7,73.47
269,187,10,177,20.07,897,683,1,46.62
512,153,68,208,25.16,1104,656,7,55.22
153,0,131,168,10.17,1049,622,28,25.58
232,0,192,233,12.23,851,785,1,27.29
159,114,171,212,27.81,1096,784,1,62.23
397,326,174,138,29.64,1077,755,180,85
197,253,59,161,1.16,871,645,365,45.17
149,26,176,218,2.7,1098,767,7,10.43
441,91,169,190,2.84,951,928,7,18.28
466,334,158,203,9.75,863,913,180,44.71
377,44,124,173,7.73,1141,648,180,46.92
531,52,27,165,8.84,908,968,1,31.67
128,40,170,158,3.51,801,748,365,48.83
310,134,170,165,12.17,875,925,365,67.96
463,253,48,176,24.53,875,925,365,85
428,359,32,127,23.78,1127,755,90,62.12
339,316,183,133,28.17,1018,821,1,66.56
463,9,24,150,0.7,1096,824,7,9.07
434,84,79,219,20.16,1033,616,90,58.64
362,241,141,228,13.98,860,888,7,28.88
380,359,88,157,1.44,808,666,90,21.37
301,266,168,153,10.23,832,645,28,35.81
168,84,87,223,17.3,1066,652,180,59.28
250,170,165,216,19.52,896,955,90,53.72
344,18,87,205,23.76,955,907,90,68.72
176,297,31,142,12.81,1063,642,28,35.9
285,115,49,190,9.53,907,604,180,44.22
334,258,130,204,6.31,861,619,365,48.22
127,257,87,209,4.89,1130,779,90,19.74
106,96,66,153,1.66,1076,777,90,14.92
288,40,149,225,15.07,932,951,7,42.66
119,128,75,217,22.65,1143,919,365,77.9
460,288,187,234,25.42,809,897,28,59.13
410,44,46,217,16.84,838,644,90,54.27
247,298,75,236,8.64,868,688,180,36.78
395,171,170,185,28.49,952,673,90,72.48
538,142,157,230,10.26,1132,768,1,30.37
257,226,136,204,21.57,946,628,90,54.18
188,259,171,238,2.03,973,962,180,28.61
186,53,30,232,29.12,1103,966,28,64.76
155,42,111,246,28.57,990,782,90,66.39
215,0,12,240,21.76,899,697,28,54.33
142,178,101,226,9.45,1035,935,365,58.09
248,46,67,240,12.48,1027,701,28,34.05
449,315,98,224,4.76,1043,828,28,22.56
164,216,93,174,22.0,962,831,90,56.27
226,196,91,164,16.28,859,823,1,34.58
523,209,117,194,12.48,916,909,7,31.24
310,79,58,160,9.07,1017,901,7,25.36
278,212,47,212,16.86,1055,900,28,41.4
137,255,188,148,7.15,927,806,365,60.05
497,349,11,168,6.87,972,612,7,20.78
455,51,109,207,23.67,1140,933,28,63.18
378,321,163,128,20.09,1002,649,180,68.55
385,252,96,121,30.9,1143,783,90,81.41
511,13,52,230,12.03,904,932,7,34.98
175,255,25,238,19.89,1122,666,1,43.88
484,172,111,174,14.63,1111,622,90,41.76
183,254,174,184,24.25,1142,693,90,61.31
140,132,117,210,13.84,981,948,365,73.23
162,213,65,124,28.73,881,796,1,68.65
275,229,44,155,22.05,1105,638,90,58.53
196,216,24,159,25.6,1126,631,1,60.9
276,330,122,186,25.81,1088,719,7,58.65
353,6,56,201,7.65,860,773,90,32.68
270,44,153,189,6.38,998,623,90,28.7
259,316,140,242,19.36,1014,973,180,66.02
285,270,98,148,17.77,1136,985,1,40.58
301,38,101,172,20.35,851,697,1,46.3
371,178,49,194,29.94,846,916,1,64.53
112,263,143,238,0.19,1135,838,28,7.34
286,271,181,153,25.02,828,680,28,60.97
337,34,55,189,19.2,873,828,180,64.34
246,134,175,155,10.77,1078,977,180,43.75
435,31,31,196,23.89,966,661,90,61.15
282,347,113,202,16.56,952,782,365,76.68
324,109,12,166,3.54,1065,636,90,19.86
401,222,58,233,2.86,1036,718,7,14.73
388,180,101,191,20.14,1002,886,365,82.85
475,323,15,222,3.66,818,955,7,14.22
536,219,39,199,5.67,965,801,7,17.87
519,99,61,168,30.68,846,990,7,70.39
521,35,56,202,17.11,802,788,180,56.27
494,68,170,205,16.36,818,666,28,42.43
454,167,195,150,28.5,826,834,90,76.44
346,15,3,219,30.72,1096,791,1,68.27
258,135,58,203,29.13,1101,987,7,63.03
287,332,164,228,13.62,926,793,1,30.07
185,109,17,144,6.08,917,798,90,23.04
327,117,10,190,2.76,1105,615,7,11.58
484,139,32,126,12.81,1060,962,180,50.5
106,140,34,158,28.57,1084,763,1,63.65
371,285,188,149,18.71,838,627,28,51.51
355,281,88,188,14.45,900,974,365,76.06
349,219,188,172,16.99,1116,700,1,42.99
323,137,59,185,21.24,809,862,180,69.74
332,15,72,155,28.79,973,772,28,64.86
426,262,138,242,15.34,931,682,1,34.44
540,278,11,165,24.84,1034,896,365,85
404,261,59,121,28.07,1067,983,90,70.58
214,293,58,205,22.5,1103,876,28,55.39
492,216,200,122,30.62,930,686,90,74.06
410,210,192,245,10.74,1070,915,180,48.99
202,349,192,148,25.03,1064,924,1,59.08
312,118,64,177,25.28,1123,634,365,85
233,227,166,206,25.71,1084,625,28,62.88
260,128,89,221,4.2,888,783,180,29.6
157,146,139,121,17.87,933,761,180,54.28
395,103,25,220,22.79,978,860,90,60.14
515,307,186,153,25.69,834,875,28,65.69
477,255,16,154,3.32,1056,876,365,51.01
496,343,183,136,0.96,1006,804,7,14.54
193,141,108,148,29.82,817,686,28,69.29
479,212,86,229,7.45,1047,876,90,30.62
211,218,199,124,7.01,875,643,1,22.5
243,164,143,175,2.63,941,841,180,29.74
254,135,176,211,3.24,979,627,180,30.91
455,81,123,215,13.41,873,866,180,53.6
214,248,28,124,11.96,1015,599,7,25.49
362,10,70,178,22.66,926,671,90,62.97
241,97,178,237,24.18,962,870,365,85
320,68,88,194,12.5,1115,975,90,44.83
138,60,68,206,29.03,1027,820,90,74.17
161,352,80,199,31.08,1069,619,180,85
478,237,130,217,12.62,857,641,180,52.21
186,285,59,208,22.88,938,612,7,50.04
125,342,131,234,28.9,971,932,180,84.18
392,237,72,202,20.48,992,924,28,57.49
498,280,74,141,27.11,954,906,28,74.25
193,257,126,170,29.63,1143,767,90,73.17
368,209,104,192,16.54,960,769,365,72.72
168,344,78,225,2.79,903,974,7,10.63
190,202,168,159,26.86,1067,643,180,78.04
389,292,15,219,30.88,813,860,28,67.79
284,312,148,134,18.29,866,641,28,45.53
321,131,180,156,22.77,884,882,90,63.36
447,261,114,124,1.14,1095,618,90,17.04
487,190,38,236,31.74,1122,934,7,74.64
180,129,74,149,14.76,879,906,7,30.4
235,187,106,233,20.57,1127,809,90,59.49
136,26,144,236,29.28,992,960,28,62.43
221,259,135,242,23.25,976,990,365,85
207,234,23,245,3.29,1132,988,1,16.96
386,179,178,203,12.91,855,946,1,34.88
522,279,20,185,17.93,969,852,1,42.56
163,270,161,236,13.74,921,902,7,32.21
359,331,118,129,18.4,1045,634,28,48.05
394,149,11,176,20.98,1022,858,28,45.31
403,42,13,139,25.29,1036,918,28,57.84
361,99,114,247,20.76,871,715,1,51.77
111,189,104,236,22.57,881,913,7,48.37
221,198,34,127,31.53,919,742,7,72.24
362,255,111,150,1.0,1104,850,90,13.64
205,61,150,171,22.0,1079,762,7,49.3
480,178,129,144,21.55,928,848,365,85
369,358,135,236,4.53,970,944,180,38.55
357,273,28,213,6.93,1091,655,90,29.63
492,115,158,144,22.52,1035,757,28,53.68
373,241,12,168,29.53,947,738,1,68.51
254,248,82,166,6.15,952,651,7,16.43
122,244,8,222,27.19,1129,747,180,77.05
447,53,3,209,15.03,851,835,180,54.96
355,182,189,147,22.03,806,594,28,55.8
357,310,72,138,15.88,990,711,90,46.1
305,352,147,232,11.05,1031,669,28,28.39
345,61,41,238,5.09,1103,755,1,19.84
185,23,15,195,3.08,874,771,365,50.09
261,26,34,197,15.5,809,854,180,53.13
503,311,120,123,30.05,1140,727,1,68.92
302,255,142,224,4.17,914,845,90,23.87
137,3,84,213,29.32,1123,901,365,85
113,150,170,159,24.86,1112,739,1,49.98
454,167,200,134,10.67,940,903,1,29.14
271,214,162,221,31.88,1037,599,90,79.26
155,317,160,167,7.83,877,878,1,17.87
387,268,79,181,18.48,987,930,7,46.92
211,124,176,203,18.86,867,860,180,56.46
536,53,141,191,13.28,871,987,180,56.35
353,180,125,239,3.07,1078,873,90,25.82
453,99,13,208,14.05,978,836,180,52.18
296,162,141,153,3.21,901,597,1,16.1
184,84,5,173,9.35,892,605,90,34.34
417,256,61,174,24.97,1104,915,28,64.14
116,92,128,210,21.35,891,899,90,49.58
453,2,45,176,9.98,1106,929,365,64.64
279,54,160,234,5.16,1021,755,365,53.86
503,226,118,143,18.61,1131,924,7,44.82
319,119,106,188,3.43,914,602,28,17.11
269,70,108,127,1.3,1126,639,180,33.43
227,8,122,148,16.8,1088,930,1,37.97
498,349,106,165,30.22,849,624,1,67.44
126,178,180,127,1.1,1096,634,1,9.3
161,164,129,124,16.34,991,915,1,39.31
525,82,185,230,10.99,839,652,7,34.47
493,169,15,247,16.68,1003,833,1,40.75
326,315,150,133,9.1,924,846,1,25.76
291,56,77,136,8.19,1076,850,1,25.19
311,32,10,193,11.18,917,745,180,48.27
407,33,40,180,10.74,917,807,365,58.11
482,28,90,144,24.48,899,968,365,85
108,295,17,235,15.49,899,776,365,66.25
295,138,8,247,20.18,1124,936,28,48.86
384,37,25,190,11.88,1031,837,1,30.64
533,231,92,181,13.64,1022,661,90,46.0
119,145,44,220,24.36,928,604,90,56.61
280,119,143,170,16.93,1057,627,28,42.94
341,333,143,170,28.48,1020,903,1,59.07
227,133,182,180,10.47,832,976,90,33.22
234,153,78,151,24.41,935,737,90,65.16
306,89,106,219,6.93,977,643,180,42.74
467,116,136,233,29.55,897,737,365,85
142,163,86,236,5.77,1117,675,90,24.3
375,316,154,244,26.46,1011,654,90,65.55
503,344,160,184,16.05,835,870,90,53.09
442,268,164,229,18.53,1093,717,1,49.23
332,241,36,225,10.23,953,618,1,26.08
271,13,149,219,8.7,997,935,90,35.14
392,13,46,225,11.63,990,969,7,34.51
486,305,116,146,14.72,1087,728,1,37.64
160,297,6,143,31.99,862,804,365,85
331,69,48,241,15.95,1125,819,7,37.36
532,99,194,128,3.71,1103,676,28,21.07
189,104,21,152,24.97,951,957,28,60.09
278,193,91,127,6.98,1043,644,28,18.6
386,263,56,235,16.34,1024,869,7,41.56
265,73,103,240,27.4,825,841,365,85
466,252,80,207,14.8,1059,815,180,57.85
290,8,6,176,27.18,1039,719,90,65.68
331,329,181,195,8.35,876,931,7,20.76
158,4,162,192,2.51,1053,856,7,7.57
535,234,18,237,19.8,1103,946,7,49.96
470,56,123,247,13.1,1060,853,1,33.81
510,122,119,227,12.09,812,809,1,33.51
169,181,87,209,1.77,1031,770,180,24.64
161,343,122,243,17.14,1015,730,1,35.06
259,106,70,128,5.86,1065,861,28,27.31
405,304,21,128,16.36,1032,649,90,47.79
474,349,63,161,15.68,801,693,365,76.06
491,266,51,141,1.95,1040,968,7,13.98
270,148,59,177,0.11,863,661,90,19.02
370,311,117,203,4.36,935,886,90,14.23
501,347,56,160,26.11,1054,836,365,85
215,52,5,212,20.0,1020,661,28,47.06
165,160,193,184,3.4,872,989,90,19.58
335,59,177,122,12.88,934,803,90,40.63
379,128,8,157,5.88,1097,636,365,53.22
314,253,18,141,26.35,883,747,180,79.23
323,327,77,130,10.29,1043,974,365,58.18
135,356,159,131,7.92,994,863,7,23.98
511,256,40,194,14.44,1049,965,7,39.49
431,39,55,242,11.71,1129,958,7,28.28
486,302,73,225,19.47,1110,666,90,56.09
348,142,75,183,6.0,949,763,90,26.06
324,276,64,181,5.03,1034,945,90,21.31
350,46,98,246,18.75,947,733,28,43.76
527,88,69,184,1.28,806,752,7,12.97
292,164,185,211,8.68,1041,653,7,19.72
147,196,142,126,17.18,995,881,7,38.69
426,307,121,202,14.01,1047,757,7,30.86
392,274,56,194,3.24,1046,953,28,16.83
359,271,76,241,3.75,1132,981,365,48.98
315,151,174,238,28.37,860,628,180,81.21
473,138,102,178,1.46,810,810,1,14.22
378,135,125,151,16.36,816,983,365,75.42
104,350,112,142,2.26,991,612,180,23.97
306,127,78,126,11.0,1000,740,180,46.85
416,10,193,135,15.23,888,752,1,38.01
251,303,170,151,10.42,1081,652,28,36.16
224,99,133,184,19.12,870,932,180,58.39
406,63,39,226,7.71,1145,657,365,64.71
353,142,167,222,1.45,1054,723,7,12.04
376,322,64,148,5.35,915,932,90,27.84
295,242,35,196,8.94,875,740,90,30.9
318,146,122,140,16.05,927,922,7,33.88
183,323,96,126,24.74,1145,705,7,50.27
271,192,25,184,20.81,982,864,7,46.82
138,233,56,124,19.94,1060,950,1,47.57
144,294,181,240,4.59,1138,666,28,14.15
291,82,35,186,22.27,917,670,1,52.42
352,134,158,191,1.15,814,904,7,10.58
326,273,94,227,2.66,979,769,28,17.53
247,139,187,160,4.51,1108,924,90,28.13
321,287,48,141,25.35,905,723,180,72.63
282,190,176,178,20.41,913,846,180,63.8
406,100,19,134,27.68,1000,762,7,63.15
297,355,190,199,12.1,981,820,1,29.44
347,47,92,200,20.66,1134,870,7,46.27
187,323,167,223,11.9,809,656,7,27.25
159,28,180,214,7.77,934,636,1,23.73
522,338,35,124,29.91,1126,929,7,72.46
521,276,44,229,4.03,1021,990,1,20.03
303,322,142,210,23.86,1012,809,7,57.81
378,208,58,239,19.04,1113,854,90,51.78
152,294,43,200,18.22,970,887,1,42.34
399,332,53,188,27.53,964,601,180,79.4
470,198,155,158,27.14,1003,691,365,85
143,124,185,241,24.19,1003,759,7,51.08
455,200,155,130,26.42,1139,879,90,64.77
493,56,18,164,2.98,998,744,365,51.39
420,212,198,168,29.67,1105,835,180,80.53
128,269,3,121,9.02,802,695,7,26.8
439,97,144,131,6.44,937,911,90,26.89
432,337,153,149,3.23,883,913,365,52.23
528,74,60,215,13.47,1021,611,1,36.02
374,87,17,137,27.08,1128,642,1,58.38
152,2,106,245,1.51,1107,844,180,23.12
115,144,172,202,4.94,818,891,90,25.9
320,343,61,134,31.09,826,902,28,70.92
474,323,71,138,4.3,910,790,28,21.41
344,40,66,234,27.62,892,923,365,85
295,78,50,150,26.22,1035,784,1,59.57
260,132,131,149,2.66,1141,740,365,50.73
314,4,18,171,2.61,1063,836,365,53.22
216,15,124,146,14.88,878,930,28,38.06
373,123,103,147,19.19,1028,610,1,47.04
105,73,145,162,26.36,1085,860,7,52.71
220,346,86,188,13.74,910,734,7,34.54
251,67,36,174,9.67,809,656,28,23.94
503,172,193,177,14.46,807,966,90,40.62
284,63,124,154,7.62,889,657,1,21.92
417,274,131,240,18.01,903,951,180,60.23
301,221,132,122,24.5,877,794,365,85
251,286,88,135,20.15,853,822,90,56.64
245,251,175,169,29.47,1083,760,365,85
256,219,144,141,29.43,989,900,365,85
459,152,105,199,31.21,943,960,180,82.32
513,160,119,169,7.78,951,825,365,60.87
126,55,49,183,21.21,1062,720,28,49.81
168,345,67,143,28.07,824,741,90,72.04
262,81,17,204,15.76,832,766,90,45.58
124,24,37,213,23.9,899,613,28,57.5
532,9,184,124,20.38,867,639,28,55.03
359,278,79,128,27.39,1114,767,28,64.45
164,285,31,127,12.29,837,899,180,47.01
380,27,110,170,14.4,996,732,365,74.22
118,340,198,212,13.5,833,798,28,26.79
345,100,123,125,8.72,1133,627,28,25.15
386,230,112,241,25.65,1071,846,1,58.05
279,28,104,202,19.11,975,914,90,51.42
365,335,29,144,6.21,966,746,365,57.52
303,79,1,147,15.79,1012,622,7,39.58
357,16,114,152,15.03,1003,808,180,59.94
324,8,114,212,19.4,938,790,365,81.05
273,302,194,151,23.66,1099,890,28,56.81
242,137,156,211,19.45,1135,927,90,47.62
197,286,112,199,22.36,878,807,365,84.94
257,54,158,237,8.35,977,918,1,24.32
121,222,98,124,7.43,920,730,1,20.39
489,194,20,237,13.31,912,657,7,33.23
267,88,136,124,8.6,913,690,7,26.35
244,136,95,221,16.34,1008,748,180,60.09
151,168,40,202,16.14,1083,652,28,38.23
435,9,161,183,22.11,1101,723,180,63.73
414,353,7,175,0.53,1078,644,7,3.57
303,15,39,210,19.73,885,669,28,53.31
460,224,17,160,15.23,1010,843,28,44.3
118,9,198,207,21.08,894,651,365,83.41
330,355,107,159,25.48,1028,597,365,85
441,14,21,172,10.92,836,666,28,31.95
313,297,88,129,4.5,991,628,90,24.87
191,195,27,221,25.74,941,685,7,58.55
298,300,124,187,11.0,863,701,90,31.94
113,328,70,155,23.48,919,766,365,85
123,326,166,138,29.84,1031,664,180,80.29
194,312,10,246,31.22,1068,851,365,85
202,200,162,201,23.08,887,786,365,85
148,113,176,159,18.72,1018,608,90,51.56
183,319,86,241,28.63,866,649,180,81.5
277,83,34,142,29.57,912,656,1,64.4
217,40,20,167,27.92,960,841,180,82.0
524,4,65,232,19.96,1121,945,180,69.94
438,116,20,222,27.58,890,602,90,72.53
219,298,87,232,25.39,926,981,365,85
279,329,19,239,4.16,1106,934,180,28.96
369,261,69,146,2.45,1025,743,180,32.92
372,230,106,227,9.0,1027,705,1,29.22
128,51,136,192,28.09,832,992,90,71.3
422,278,50,139,24.02,876,733,1,52.5
533,261,5,132,24.84,1077,611,90,66.08
367,53,147,180,28.26,1121,924,365,85
178,37,128,240,26.57,1118,603,90,62.47
431,28,169,163,13.62,990,713,28,39.58
312,35,116,138,25.63,1028,756,7,64.93
271,132,53,207,3.0,1122,916,365,45.86
378,208,151,187,3.55,943,991,365,56.44
161,259,94,194,5.77,924,620,1,22.33
242,310,37,141,28.96,937,805,180,82.99
154,208,105,220,3.99,1075,784,90,23.31
384,357,111,172,10.29,1143,836,1,26.76
123,97,67,129,20.9,1080,808,28,45.96
356,347,168,242,20.55,1135,927,7,48.84
350,87,88,228,18.86,815,797,7,42.02
163,80,197,136,22.33,839,933,1,50.68
403,269,46,246,23.28,940,861,90,59.57
269,266,6,179,14.89,844,623,180,57.06
532,344,148,150,16.36,1112,778,180,62.95
369,336,77,162,8.0,942,794,180,46.86
298,88,49,235,26.1,825,598,7,61.0
202,238,199,232,21.82,977,838,1,48.59
457,275,181,122,30.1,1034,847,180,80.4
371,94,105,129,9.3,956,797,28,33.14
215,34,15,234,1.41,870,804,90,14.7
195,242,81,177,29.92,940,861,180,82.26
152,347,103,165,6.49,1112,847,180,33.5
106,33,170,238,23.06,971,876,365,79.34
371,144,147,225,5.5,882,778,28,16.35
373,96,185,231,26.06,941,608,7,60.55
483,297,72,145,19.69,854,976,28,48.7
260,339,33,207,22.09,829,625,180,66.56
525,247,186,154,19.96,850,884,7,52.09
253,289,94,225,3.1,804,896,365,46.72
465,231,7,208,25.69,952,912,1,55.3
413,114,76,213,14.63,1086,986,90,45.04
343,139,190,238,12.46,1111,700,1,32.93
162,248,141,143,2.35,1100,952,365,50.8
504,14,182,223,1.78,1063,927,28,17.98
192,272,127,242,7.94,988,932,90,32.12
289,262,186,179,6.17,845,637,7,16.6
194,160,143,169,15.03,964,802,28,36.87
207,83,137,135,27.95,992,791,1,58.65
214,120,169,213,4.65,818,956,28,17.23
451,343,113,245,9.52,1041,662,28,32.31
523,23,194,212,3.48,1045,913,180,33.67
351,309,5,190,25.56,1086,635,28,60.36
139,183,188,237,5.19,965,953,1,13.84
206,217,21,229,31.98,923,689,1,63.78
531,203,63,220,5.21,888,693,90,24.11
150,328,182,215,30.03,1034,882,180,81.96
487,306,180,172,14.64,857,890,90,50.07
370,34,97,143,12.84,1051,642,28,30.75
288,297,126,126,1.74,911,676,1,5.08
329,333,4,198,27.0,879,828,7,57.49
206,129,145,200,4.79,933,667,90,23.54
149,229,128,229,8.95,966,747,180,40.23
229,240,3,134,8.66,1117,940,180,41.01
460,353,93,188,20.74,1112,975,7,55.17
152,74,175,166,19.07,920,704,365,75.21
472,340,148,148,13.43,1016,730,7,38.24
179,245,124,161,12.08,980,691,180,48.13
210,251,109,212,20.05,1040,710,7,43.15
259,82,111,205,13.28,1031,820,7,29.51
170,103,87,205,4.38,1115,939,28,21.14
174,248,102,176,8.3,1071,959,365,56.33
430,161,98,153,31.67,861,711,1,73.0
303,22,185,140,19.61,1054,667,180,62.71
474,181,105,121,19.23,827,632,365,80.92
307,283,18,128,28.29,1121,767,180,84.06
102,104,164,172,26.81,876,814,7,63.32
113,171,188,228,20.21,908,672,7,40.98
301,359,46,157,27.44,993,946,180,76.54
273,304,191,247,8.28,983,862,90,30.11
124,168,96,160,1.33,812,805,90,16.55
264,344,33,157,23.21,1125,868,90,67.85
263,335,164,168,31.65,809,826,28,71.97
258,295,96,201,7.92,1094,687,1,16.54
393,201,79,142,27.14,832,738,7,61.77
267,40,151,130,22.8,1019,619,1,54.54
179,218,174,246,31.13,1017,846,180,85
170,154,58,230,8.9,850,831,180,37.04
123,275,156,211,30.29,985,967,365,85
254,208,156,140,21.02,860,948,1,50.59
450,195,137,180,24.02,1046,734,1,53.78
362,242,109,183,0.38,929,730,28,10.81
439,32,58,235,19.29,931,612,180,68.3
264,358,83,202,15.41,945,688,90,39.91
179,171,167,195,26.1,918,765,7,60.11
249,61,42,231,13.57,1007,950,7,33.49
313,22,192,199,0.11,878,857,180,23.12
137,39,183,136,20.36,815,640,28,41.88
232,77,118,246,29.67,1029,937,1,65.1
128,159,91,138,27.95,1075,835,90,67.89
363,10,158,124,22.65,930,913,365,85
273,55,189,215,16.06,989,744,365,75.91
150,103,124,139,26.08,1087,648,1,54.95
257,134,142,189,12.99,918,806,90,40.69
264,188,68,238,17.43,1089,954,365,77.36
516,94,105,165,27.99,1051,613,1,63.66
460,148,72,231,30.67,875,912,365,85
320,22,182,227,19.05,1011,685,180,64.23
269,326,111,132,6.23,848,760,1,16.88
427,292,175,139,3.97,877,598,180,32.74
364,197,9,127,22.2,1055,832,365,84.93
271,197,35,209,6.03,946,848,90,25.01
462,315,16,215,9.02,973,827,180,47.51
459,339,187,121,18.55,862,902,365,83.63
402,160,152,200,24.73,832,777,90,59.31
477,49,14,150,3.1,928,606,180,32.31
218,0,41,156,13.13,1046,808,365,69.48
436,284,114,214,0.17,951,639,1,10.15
420,338,16,121,15.04,880,882,180,58.44
192,145,197,247,16.87,980,653,28,44.2
205,132,51,247,9.06,1094,641,90,28.68
422,175,126,244,20.03,972,867,7,48.64
405,143,62,201,15.61,1052,785,1,37.75
387,172,53,193,19.95,895,853,90,57.67
400,333,175,238,29.62,929,939,1,62.74
506,51,166,172,11.32,826,814,28,31.86
115,176,75,128,24.04,1007,885,90,61.02
174,197,142,143,14.59,974,802,7,38.05
133,297,162,139,28.53,880,736,1,58.11
290,180,180,145,13.73,1052,717,1,39.19
182,33,26,164,4.23,1098,914,7,20.8
223,214,1,194,18.8,821,834,7,48.55
288,51,59,132,0.75,924,916,180,26.93
368,219,49,163,19.04,852,666,7,48.88
332,154,80,152,14.9,1051,612,180,51.4
362,186,17,176,0.91,902,650,7,6.46
479,98,138,239,2.52,970,735,1,10.04
241,52,87,153,13.86,894,673,28,35.62
171,255,18,236,19.96,1123,598,90,52.17
156,150,172,187,12.32,1112,936,365,65.41
169,326,129,234,9.14,899,860,1,28.36
480,63,160,176,13.88,830,731,365,77.83
479,296,142,195,29.06,1017,871,365,85
176,38,94,209,2.78,936,924,90,22.55
509,21,15,128,10.17,928,922,1,22.56
315,153,149,244,5.94,880,820,7,16.79
453,324,171,166,27.95,914,851,180,84.72
319,334,71,243,19.9,965,687,365,84.48
265,102,186,181,15.21,952,991,7,33.97
328,32,97,157,17.55,924,983,28,41.57
248,344,103,138,12.47,966,769,7,31.77
283,179,138,185,10.82,1093,895,1,35.5
373,289,194,237,2.0,938,835,90,20.62
483,315,147,165,25.14,1085,765,7,63.52
519,53,31,217,27.64,836,708,1,60.75
539,218,25,235,29.39,1132,825,90,78.96
207,347,25,202,0.96,1127,933,180,25.46
213,48,36,176,10.43,873,928,180,47.12
538,312,139,191,21.15,1076,839,1,54.07
369,149,9,156,25.07,1085,621,1,57.71
312,169,132,243,20.98,962,700,180,63.9
416,107,98,156,24.76,1094,772,28,60.42
286,356,144,236,27.45,808,779,28,63.44
128,239,54,140,11.78,1108,638,90,32.89
451,29,123,236,15.25,1013,904,7,37.47
168,20,154,199,20.83,1014,668,90,54.49
107,35,34,219,1.19,1082,739,1,4.38
367,262,41,137,4.66,866,941,28,19.59
216,32,126,186,28.09,1059,835,180,77.81
347,355,103,177,14.58,807,940,7,39.49
520,207,121,226,4.53,821,697,90,25.67
396,295,147,153,21.9,990,610,1,51.23
191,100,163,199,8.7,1114,972,90,29.23
290,346,59,171,10.0,838,732,180,43.34
275,291,187,193,8.82,1057,868,7,21.59
104,277,148,226,16.83,1069,954,365,70.87
301,145,74,213,16.86,834,837,28,45.99
168,171,181,150,19.22,834,914,7,46.23
204,243,104,127,21.19,1041,859,90,59.31
507,58,164,164,28.0,1057,989,7,65.96
202,319,32,186,26.38,1069,970,90,66.67
424,196,5,158,16.12,1118,865,180,55.66
478,280,175,204,3.65,1025,968,28,19.91
135,273,130,187,0.41,1143,793,365,43.86
138,119,21,195,3.9,942,677,180,32.82
302,280,186,170,23.68,1076,787,28,55.86
483,233,140,209,24.24,888,825,90,67.64
164,241,108,162,27.25,964,856,180,77.83
408,33,104,212,4.64,818,744,180,36.91
167,121,60,236,6.6,922,650,90,26.5
119,120,115,138,29.47,958,922,90,73.33
473,313,91,245,2.76,827,844,28,14.56
408,17,162,122,6.34,1115,680,365,53.13
346,331,8,230,17.71,1098,943,7,44.27
225,1,52,127,15.89,920,914,90,48.5
412,141,199,214,12.89,876,916,28,37.03
376,339,169,136,27.03,885,690,7,63.8
317,14,50,127,17.26,1114,901,7,44.94
308,123,173,131,31.52,950,605,7,72.31
127,260,3,224,9.05,883,829,90,31.39
525,353,131,196,8.0,868,706,28,30.11
440,74,194,214,6.58,1138,637,365,56.68
158,198,45,223,3.58,941,675,90,19.25
275,224,5,182,13.57,835,946,28,39.2
262,28,173,138,2.05,896,636,1,9.73
538,134,17,246,1.49,1000,738,28,12.02
105,12,174,194,8.15,833,948,7,23.09
165,192,24,247,19.09,1009,764,7,45.26
367,120,46,201,7.14,925,958,90,34.29
114,305,141,193,26.23,905,746,7,54.05
356,30,31,145,25.92,963,850,180,82.62
163,191,95,238,24.32,980,662,28,56.49
102,258,120,136,6.53,853,800,1,21.86
115,158,197,241,24.13,836,647,365,83.77
459,327,1,175,22.07,825,956,7,57.9
301,241,68,241,13.39,1105,834,90,41.45
394,99,26,176,25.57,1105,704,365,85
289,185,113,160,18.44,1078,768,90,48.32
265,171,104,158,16.69,993,723,7,33.92
500,200,150,170,7.45,1074,918,1,21.37
415,215,0,196,19.73,1131,917,7,46.58
128,306,38,176,5.04,945,856,7,13.86
279,74,17,178,24.55,1077,650,1,50.55
416,227,61,215,6.58,1121,687,28,24.63
439,83,87,192,30.35,1100,909,180,85
345,119,157,128,6.08,999,885,90,23.88
499,261,94,203,27.68,929,613,90,69.07
504,348,140,166,20.09,909,735,90,62.19
464,222,181,180,10.87,1082,898,90,42.68
179,340,34,242,21.17,1053,614,180,63.4
435,80,8,234,27.45,825,962,28,66.43
383,268,184,220,19.07,1084,889,90,52.06
467,125,139,143,1.02,1077,834,90,17.8
185,292,68,239,20.87,930,967,1,49.49
425,1,157,134,4.79,1053,965,1,19.54
299,204,45,127,31.12,1010,924,7,69.64
244,232,3,226,18.13,1020,834,28,42.98
323,74,59,196,4.96,983,662,90,27.98
288,170,177,201,14.21,974,821,90,47.43
158,83,1,125,27.84,1015,758,365,85
406,104,135,179,5.05,1139,824,1,16.15
412,109,58,166,19.81,891,740,7,45.55
385,66,63,209,4.81,1102,600,1,17.82
305,103,124,188,30.09,863,873,90,75.62
226,278,54,195,21.93,976,987,28,47.7
497,255,177,209,2.49,1087,739,1,19.53
236,31,94,191,28.09,1038,597,28,68.91
517,58,140,204,14.76,867,713,365,72.39
270,26,157,174,30.84,897,720,28,66.86
485,290,194,216,23.98,1143,719,180,76.27
226,100,53,178,21.74,1050,698,365,85
370,30,83,227,28.9,883,907,365,85
373,308,176,164,18.19,1058,628,28,51.31
267,314,85,129,11.2,1011,843,28,31.01
195,236,50,127,1.19,923,794,28,10.6
370,245,15,158,26.71,1072,914,1,68.04
157,309,36,200,9.33,1123,732,90,31.73
439,233,125,219,19.28,923,855,1,47.51
532,4,50,247,14.52,806,732,180,57.9
341,10,84,179,18.55,1030,704,1,37.26
218,216,42,226,27.69,963,782,90,69.42
390,4,63,140,4.11,838,653,7,19.8
320,315,164,237,23.87,1085,801,90,60.22
312,285,87,215,16.24,1139,920,28,37.49
473,199,145,244,16.27,1139,631,365,76.32
195,327,54,126,21.99,834,987,1,49.38
506,118,69,166,13.0,837,708,180,57.67
443,86,99,179,26.57,1140,759,7,64.58
169,162,186,194,18.99,841,819,180,65.81
195,246,25,161,5.95,872,825,7,17.28
184,71,105,146,28.85,1071,810,1,67.39
296,287,16,145,24.22,1081,691,28,58.36
361,48,7,220,11.49,953,923,28,28.52
431,274,54,167,9.94,837,978,1,33.25
424,173,121,200,25.35,847,752,28,59.63
336,299,145,183,19.35,956,706,1,47.69
350,318,21,135,0.42,1039,750,90,14.93
223,4,45,204,30.27,804,607,90,75.06
279,333,41,145,5.01,956,663,1,17.32
244,238,2,154,5.01,952,850,28,18.14
274,10,143,199,7.59,828,605,180,35.28
383,348,113,162,4.63,1092,709,7,16.32
440,192,78,149,3.17,865,895,1,9.58
436,174,133,148,20.17,1053,652,365,84.4
318,69,3,187,23.7,889,828,180,72.73
230,284,54,143,18.25,1067,602,90,49.35
421,4,30,178,11.27,849,832,90,37.55
280,16,56,203,2.44,1015,917,365,50.8
285,234,48,175,13.71,808,936,180,54.3
161,89,6,123,6.73,811,865,365,55.12
259,226,103,164,30.78,971,745,28,74.92
386,256,85,234,0.34,1052,677,1,12.34
115,157,23,192,25.21,1067,928,28,58.17
310,8,182,212,9.12,881,622,180,42.2
258,112,35,142,3.19,1001,712,28,19.16
537,257,36,201,11.22,925,853,1,29.77
259,107,180,142,25.26,1111,900,28,58.5
533,270,58,167,1.0,977,949,28,12.56
230,127,32,194,15.52,868,947,1,29.93
172,95,31,219,4.62,1032,930,1,14.84
519,333,177,138,16.81,1074,905,365,78.79
194,345,188,176,0.97,1126,774,7,7.96
114,197,194,195,29.11,1054,836,365,85
173,124,140,171,6.13,1128,841,90,23.75
253,74,29,177,17.49,1139,835,7,45.23
442,9,185,155,22.53,915,796,180,64.62
479,108,141,237,1.7,1133,868,90,20.39
144,267,13,194,28.14,854,836,28,60.46
467,230,197,161,20.42,1054,598,1,47.56
119,88,188,146,7.01,998,989,7,19.9
142,35,100,233,19.33,1052,835,365,80.75
138,343,57,242,22.29,1019,929,28,53.51
323,167,115,130,13.55,1066,899,90,37.84
138,307,7,130,1.25,843,871,28,13.63
293,248,192,154,9.17,1049,605,7,28.57
409,11,197,181,19.6,925,666,180,63.61
349,127,101,139,6.36,970,982,90,21.9
510,352,12,210,27.08,886,791,90,75.29
164,272,183,167,25.59,974,682,365,85
409,183,99,148,18.59,1076,845,28,45.43
475,149,149,128,18.88,903,724,7,44.42
498,80,104,149,28.05,958,724,28,67.71
159,9,94,160,10.79,1072,906,90,36.96
188,282,99,247,15.98,1129,980,90,44.3
114,251,49,160,10.83,1036,657,1,25.96
113,209,90,162,27.09,889,812,28,61.34
141,133,105,208,9.38,879,617,7,19.27
285,249,146,176,30.64,1034,772,180,82.65
218,151,177,155,14.83,1027,973,90,45.95
463,357,145,170,13.05,927,822,180,55.64
195,2,66,243,11.31,1119,846,90,38.86
471,328,64,128,8.08,979,609,90,34.37
145,309,170,240,3.98,978,932,28,16.69
174,233,171,192,3.98,898,801,7,10.73
497,136,110,182,15.03,1112,706,7,39.6
505,27,38,201,30.37,1087,791,365,85
157,135,22,150,10.14,818,692,365,65.03
535,160,20,159,26.18,891,602,1,55.97
299,252,124,150,28.0,1079,757,7,64.86
495,328,79,239,31.23,1013,656,1,68.31
246,299,170,218,15.29,898,853,28,35.02
347,216,185,173,15.42,994,953,1,38.64
297,148,90,146,7.79,903,827,7,21.94
256,224,102,124,31.54,845,614,90,78.04
290,126,60,194,13.1,841,732,28,30.91
492,189,122,225,26.64,1075,876,1,54.26
131,314,155,229,21.9,970,677,28,51.74
527,183,87,160,29.86,1005,849,365,85
283,349,140,179,1.39,851,661,365,51.47
336,16,49,156,3.19,862,794,7,14.1
148,4,135,146,1.72,991,693,28,15.24
172,229,142,123,1.45,968,803,1,8.57
504,285,168,223,9.23,1108,790,7,29.73
156,306,66,154,14.03,1000,911,1,35.46
187,127,43,205,23.42,1078,695,180,68.09
378,176,50,188,19.39,898,761,90,52.06
413,177,21,180,28.92,1085,799,7,59.96
193,237,132,169,19.8,1087,924,28,46.79
393,196,177,179,22.46,1039,946,180,73.1
298,273,133,224,1.04,1066,759,365,47.16
310,223,89,139,3.79,996,705,365,51.83
345,282,96,216,8.61,1067,606,1,25.16
511,71,169,216,25.74,956,657,365,85
224,164,148,228,31.5,1126,837,180,85
216,177,34,169,27.41,1030,719,365,85
304,8,111,211,22.22,819,797,7,55.96
343,334,157,142,27.89,851,642,180,85
133,311,83,237,13.99,831,786,365,68.94
194,125,35,215,6.21,1052,948,7,17.13
232,24,20,217,18.01,1045,703,1,43.57
160,201,61,243,2.15,952,936,365,46.68
537,114,140,193,4.1,1031,718,7,17.61
250,223,149,144,7.99,872,790,90,28.84
474,303,190,175,31.29,993,708,180,85
318,104,53,185,29.65,1120,637,7,63.63
425,347,186,231,13.12,1120,944,7,36.7
229,199,28,141,7.5,912,697,180,33.72
277,323,71,206,20.92,1099,820,28,55.63
450,172,40,151,24.73,975,881,180,74.97
507,195,116,212,2.42,873,662,365,51.73
462,8,148,123,28.29,854,716,28,70.97
218,309,2,210,2.67,917,707,180,33.03
531,96,177,138,26.02,1017,778,1,57.53
360,157,166,221,17.06,914,919,90,46.94
515,31,63,232,27.26,827,985,1,54.3
502,294,151,129,20.88,904,739,90,59.81
423,14,98,165,12.66,875,651,365,69.3
536,19,111,190,17.49,1026,848,7,43.36
429,101,140,174,12.46,1105,947,90,35.94
433,64,26,189,28.87,809,966,180,85
157,203,154,185,4.31,903,962,90,24.08
482,190,62,245,22.87,869,942,365,85
309,257,5,244,14.61,984,681,90,37.29
282,90,159,236,30.13,1077,597,28,73.92
425,10,187,163,3.49,812,643,180,34.3
125,319,142,216,15.02,1003,732,90,46.32
168,4,92,194,7.83,971,728,1,19.16
182,120,148,184,8.32,929,831,28,21.74
403,49,159,230,18.6,962,908,90,55.21
268,45,147,189,9.49,992,787,7,22.87
196,329,143,205,17.72,1102,726,365,77.28
387,313,77,134,22.21,1053,658,90,65.37
284,68,132,191,4.4,1058,599,365,52.37
211,49,79,145,31.76,820,933,7,69.08
436,64,198,243,18.4,1065,913,1,40.56
395,355,140,126,17.35,1079,682,28,43.02
438,0,150,195,30.55,1139,852,365,85
324,36,98,129,7.97,1134,671,1,22.56
441,273,183,187,21.55,1121,638,90,60.87
308,313,130,181,8.59,872,676,7,28.76
516,147,77,245,9.97,836,640,90,38.1
264,154,152,214,11.78,1035,628,365,67.59
233,329,179,160,20.8,837,780,7,47.37
273,36,175,206,20.53,1078,979,7,47.89
513,242,10,159,26.43,854,778,90,65.97
323,31,119,241,12.18,981,630,90,41.93
482,29,164,228,13.59,818,620,28,40.87
467,147,75,165,3.3,869,851,7,12.81
183,274,158,190,2.41,1017,815,28,16.53
185,343,69,188,23.91,880,755,180,69.47
384,187,159,134,24.1,913,699,90,62.89
203,114,65,167,25.2,896,700,180,74.1
159,203,151,153,12.26,1025,986,28,29.32
415,341,192,138,24.01,1122,687,28,59.98
367,16,120,138,10.55,1140,886,90,35.39
199,47,82,216,8.91,897,810,90,34.53
417,145,181,196,8.82,937,832,365,58.44
443,249,99,197,18.79,1074,989,90,52.97
248,270,151,230,7.99,904,961,7,17.13
209,315,144,225,27.57,816,628,28,67.26
288,350,189,194,18.35,1035,847,365,83.11
424,139,84,200,11.64,1116,795,1,34.33
520,158,21,238,16.26,853,666,90,51.74
287,69,153,149,26.97,870,830,90,70.18
458,336,15,162,25.14,893,655,180,75.69
449,113,33,205,13.94,1006,910,1,34.56
395,289,56,202,22.67,943,770,365,85
405,51,132,223,0.34,961,729,90,19.31
223,2,160,138,25.94,1014,928,7,54.7
311,331,63,150,29.43,933,618,180,83.19
380,82,113,131,29.64,882,976,180,85
525,210,62,136,0.63,1091,801,180,27.87
255,23,112,184,24.64,930,869,180,80.36
314,259,38,240,0.34,911,677,180,24.33
335,237,75,207,28.05,887,941,90,79.29
494,135,48,182,17.43,1086,834,7,41.48
358,41,69,124,22.19,968,623,365,85
291,109,27,175,28.31,1026,618,28,67.14
383,284,119,164,6.11,939,612,90,30.4
212,92,137,202,9.48,993,872,180,43.23
172,268,16,202,29.08,845,612,180,82.81
239,28,54,146,8.22,1046,828,28,27.17
298,226,199,190,7.41,1064,876,28,21.75
446,278,104,183,20.27,1069,642,7,48.97
174,118,176,209,3.35,851,907,90,23.53
466,203,171,156,14.46,1142,860,365,75.99
226,182,96,169,7.88,1065,937,7,24.53
330,4,102,240,21.71,1124,891,90,58.32
118,272,79,246,5.77,1059,754,1,14.91
427,71,54,176,17.25,1145,621,365,85
503,118,99,206,7.82,810,638,28,29.0
168,37,65,214,18.76,847,969,7,44.32
436,325,106,207,14.29,854,933,180,52.46
429,335,147,232,8.19,1094,670,365,58.23
265,347,26,136,17.01,1059,622,7,35.32
432,85,25,206,22.46,1130,873,1,52.89
181,158,156,140,1.98,858,875,365,48.15
220,166,187,213,19.03,915,600,180,61.31
343,74,123,233,6.03,825,646,90,29.44
537,185,107,145,5.83,929,771,28,28.16
217,221,0,172,10.47,1060,645,28,28.36
332,241,46,202,27.1,1024,660,7,61.72
448,144,191,221,13.19,855,870,28,35.18
327,97,35,178,9.52,813,931,90,32.89
440,196,114,229,20.92,1123,596,1,44.77
467,153,118,223,21.4,1132,812,90,61.72
289,97,88,194,12.02,1028,638,7,34.65
230,343,121,169,11.48,880,608,365,64.11
453,152,194,179,4.0,831,690,365,56.99
224,233,26,128,28.88,963,923,180,81.19
115,232,80,128,14.71,1096,826,28,37.15
354,227,77,229,16.03,1062,890,7,37.33
504,220,128,243,30.48,865,811,7,73.18
382,300,24,245,7.62,975,899,365,57.49
340,74,140,184,26.5,858,930,365,85
447,58,185,159,27.37,995,688,365,85
131,304,74,173,2.23,1019,830,365,44.86
310,142,18,187,3.96,1016,620,28,22.99
398,44,38,196,21.15,914,813,7,51.65
117,338,42,198,14.33,1062,596,1,30.85
179,21,144,176,15.68,926,869,365,76.45
278,34,159,176,11.98,1028,792,90,41.27
190,246,77,200,30.57,844,746,7,69.7
328,345,81,225,0.03,913,601,180,26.79
524,192,194,247,27.97,819,646,28,64.3
352,57,89,130,2.65,1126,870,365,49.73
464,94,124,127,7.71,887,745,365,60.32
294,19,78,234,6.25,938,770,28,20.46
499,126,145,231,9.71,1075,637,180,49.84
361,140,181,187,29.3,1051,819,28,73.11
333,309,47,229,5.47,1144,620,1,18.54
415,161,123,227,19.71,997,699,7,40.97
454,36,153,146,10.21,1038,609,180,46.25
262,27,135,224,31.07,1040,619,7,67.53
185,147,39,191,30.98,1020,891,28,65.24
465,278,66,161,10.98,884,919,365,69.5
244,139,163,231,14.01,904,911,365,70.42
400,352,190,138,21.15,846,738,180,71.26
194,187,173,194,23.4,1108,789,180,68.42
106,194,106,124,3.86,844,799,28,14.77
279,14,60,162,11.65,1083,646,180,50.28
452,344,192,127,13.31,1136,609,28,36.43
491,247,122,205,25.51,1128,647,7,59.85
470,109,138,125,29.35,1018,719,365,85
354,271,35,220,30.28,925,810,180,85
410,347,158,213,28.52,1140,863,90,75.09
203,342,1,209,21.13,1115,650,90,54.69
123,15,69,226,15.41,853,761,7,27.58
118,10,156,147,10.57,1031,635,90,33.71
440,186,3,204,28.36,1079,824,180,85
131,334,83,240,5.99,1111,986,28,16.59
279,339,67,233,25.69,1131,694,28,61.42
209,89,165,221,2.68,889,940,28,10.5
205,126,177,123,6.98,1123,631,7,23.02
437,134,76,184,28.81,918,600,180,84.56
163,15,189,177,29.1,1085,600,365,85
524,194,123,188,9.76,906,695,28,31.55
226,179,173,220,14.72,953,706,90,44.68
481,204,21,147,12.53,1047,955,28,33.22
471,191,24,235,30.15,858,796,7,74.01
497,245,142,217,28.75,948,775,365,85
222,211,43,165,28.41,924,600,7,59.66
515,221,200,231,0.12,1026,714,7,12.43
417,311,33,241,28.01,870,919,180,80.57
411,154,190,122,0.52,1051,763,1,12.36
411,322,179,154,31.48,1095,992,180,85
539,285,145,238,11.47,995,734,365,69.82
209,19,56,141,28.57,875,881,28,61.9
156,108,139,158,23.57,912,659,1,53.64
271,192,0,145,0.92,867,899,7,11.05
359,251,164,144,0.84,813,988,90,17.06
531,355,44,162,11.43,1105,702,1,31.75
324,82,57,225,20.41,860,730,7,47.7
220,252,62,121,11.22,981,909,90,33.73
222,7,8,215,18.77,1051,789,7,41.66
227,310,112,236,12.34,933,875,180,46.43
260,32,79,152,2.24,953,608,1,7.76
343,357,143,160,5.18,1114,782,7,19.24
338,52,131,239,18.76,896,868,28,49.08
361,187,105,207,7.1,805,687,365,57.58
137,77,194,127,1.56,947,922,1,2
536,358,92,211,2.97,989,774,180,34.68
346,16,48,232,26.74,862,859,90,72.9
382,281,140,187,8.94,919,935,28,28.93
396,276,177,126,28.97,1083,629,7,65.02
452,196,37,139,8.65,948,815,7,29.65
312,62,93,206,15.71,1031,659,7,36.92
145,245,33,180,8.98,1082,745,90,30.09
398,306,67,239,28.05,943,787,1,62.4
307,28,107,211,16.01,949,849,365,76.1
458,250,78,121,19.48,833,944,7,47.33
361,233,163,127,0.75,1030,981,1,5.4
253,260,13,235,24.45,900,668,28,58.68
390,318,160,236,16.32,809,625,180,58.34
152,145,134,159,17.31,1110,753,90,54.23
236,37,179,129,5.77,890,667,180,25.83
319,317,21,152,25.17,893,968,1,56.95
497,319,80,226,4.62,840,879,90,25.2
175,108,168,195,13.01,966,814,365,66.51
401,148,175,234,17.81,915,824,180,59.9
373,178,85,196,23.16,857,635,180,72.29
169,144,183,187,28.73,1072,968,90,66.9
213,244,161,189,26.83,934,821,7,64.22
328,108,42,227,12.33,1066,650,7,30.73
438,315,56,172,9.87,1048,948,90,30.14
424,90,172,189,4.95,815,840,28,21.66
266,315,104,144,23.71,943,639,365,84.18
245,175,153,238,23.45,867,716,365,85
451,42,69,142,2.62,980,860,7,8.45
499,175,188,220,21.93,861,722,7,50.16
177,176,15,128,16.87,996,938,180,62.23
120,178,17,128,6.19,839,778,180,39.51
172,278,48,157,18.56,878,858,7,37.47
171,226,15,174,0.35,1047,925,365,43.22
528,245,101,158,4.57,1003,907,1,17.71
125,120,199,232,4.21,889,687,7,17.34
467,77,195,209,23.92,854,828,1,52.99
108,318,6,133,5.1,1042,655,90,25.19
110,80,113,220,1.11,1095,732,7,10.72
161,47,193,222,19.45,1117,844,1,43.1
315,93,88,235,20.88,1006,949,1,46.76
386,277,102,155,31.61,998,919,365,85
300,2,196,216,13.27,882,859,28,39.06
351,158,154,142,17.88,835,864,90,55.47
281,147,48,245,3.75,925,654,1,16.16
352,26,111,213,25.29,964,752,90,70.16
206,292,190,204,18.14,811,736,180,58.82
111,122,10,214,6.71,1044,894,180,35.63
184,315,118,172,14.05,1020,725,28,40.46
490,15,179,217,10.25,1026,811,365,65.81
108,196,149,215,4.91,812,616,28,14.04
212,177,125,156,1.23,1086,851,365,43.01
237,152,74,244,2.39,1070,873,7,7.71
470,125,198,205,11.25,875,794,7,30.57
494,30,98,218,3.2,1046,910,180,32.23
537,106,136,209,2.77,828,599,90,25.31
338,206,31,153,0.15,935,857,90,16.19
439,222,152,128,15.4,924,709,180,57.45
420,55,29,156,19.29,1070,902,7,43.74
280,11,146,244,28.92,1062,902,28,65.76
368,328,56,206,12.32,932,794,180,49.96
320,18,56,235,7.49,880,990,7,22.72
425,84,46,151,11.97,1035,756,28,34.29
415,67,193,202,10.14,1134,627,180,50.33
