Company_ID,Company_Name,Industry,Years_Operating,Employees,R&D_Investment,Marketing_Spend,Operating_Costs,Revenue,Revenue_Category,Is_Profitable,Market_Share,Customer_Satisfaction,Export_Percentage,Has_Patents,Region
1,Company_001,Retail,2,175,186316,224025,568804,1473397,Medio,1,0.19,65.14,28.73,0,North
2,Company_002,Finance,18,31,96812,73513,2674053,1512511,Medio,0,1.71,80.54,22.88,1,South
3,Company_003,Finance,24,32,175964,174592,2118725,1474585,Medio,0,5.85,95,20.01,1,East
4,Company_004,Manufacturing,42,185,124396,136937,2446829,930261,Bajo,0,2.23,46.62,83.77,1,Central
5,Company_005,Healthcare,34,45,879731,136006,4519537,3001168,Premium,0,2.88,52.81,22.96,0,South
6,Company_006,Retail,1,300,28168,500000,562285,2283094,Alto,1,0.4,72.85,62.99,0,South
7,Company_007,Finance,43,274,29776,66062,1530244,1367253,Medio,0,4.11,88.22,39.2,1,East
8,Company_008,Retail,44,380,93977,68325,1372590,924726,Bajo,0,3.02,57.4,6.7,1,South
9,Company_009,Tech,26,1848,317348,50713,2640614,1761376,Medio,0,4.35,52.37,84.76,0,Central
10,Company_010,Retail,44,3807,109906,46611,4233036,1476930,Medio,0,4.79,79.06,68.54,0,East
11,Company_011,Retail,33,32,1851799,76399,9381638,2886830,Premium,0,5.29,76.65,81.27,0,Central
12,Company_012,Tech,22,50,207811,10105,1838947,1750388,Medio,0,2.95,66.76,46.36,0,North
13,Company_013,Tech,7,336,637399,286136,11093729,3672291,Premium,0,1.53,76.87,79.2,0,North
14,Company_014,Tech,5,2786,291511,226484,3775601,3354000,Premium,0,0.24,46.41,73.63,0,North
15,Company_015,Retail,48,150,303483,213596,1725888,1988324,Alto,1,7.99,56.7,70.75,1,South
16,Company_016,Retail,1,157,368568,206069,2545379,1636397,Medio,0,3.29,74.17,15.6,1,South
17,Company_017,Tech,2,40,619761,103169,3722140,2397958,Alto,0,2.41,35.97,51.05,0,Central
18,Company_018,Healthcare,8,460,407107,146587,6655132,1810148,Medio,0,12.61,44.76,31.75,0,Central
19,Company_019,Finance,46,27,277856,80207,1195401,2040063,Alto,1,1.99,52.65,60.82,1,West
20,Company_020,Manufacturing,15,189,374937,67510,2280969,973250,Bajo,0,3.22,68.23,86.04,0,West
21,Company_021,Finance,30,439,71167,46838,4257944,991642,Bajo,0,3.29,86.54,29.66,1,South
22,Company_022,Retail,25,416,167600,242820,5183595,2015398,Alto,0,11.39,39.73,63.95,0,East
23,Company_023,Retail,28,43,1244284,113486,6083636,2510467,Alto,0,15.0,52.69,90.82,0,South
24,Company_024,Tech,39,191,527267,35438,2295142,2476496,Alto,1,1.36,74.88,10.81,1,East
25,Company_025,Finance,48,230,827175,47718,1088839,2667836,Premium,1,4.06,54.66,62.25,0,South
26,Company_026,Retail,9,13,523609,23400,2923584,1411455,Medio,0,4.63,63.12,16.36,0,North
27,Company_027,Tech,37,1197,1034477,129522,2549477,4580308,Premium,1,5.47,55.47,78.31,0,West
28,Company_028,Tech,19,409,194113,370046,707580,3869578,Premium,1,0.83,83.6,73.76,0,West
29,Company_029,Finance,6,271,924178,10000,5018682,2607161,Premium,0,9.75,73.28,31.85,1,West
30,Company_030,Tech,23,214,742807,65905,1583042,3203199,Premium,1,3.09,59.92,72.01,1,West
31,Company_031,Retail,19,407,430950,188176,5646290,848592,Bajo,0,0.1,69.49,63.29,0,South
32,Company_032,Retail,9,2763,1068891,68472,5976373,1662636,Medio,0,4.73,81.98,32.94,1,South
33,Company_033,Finance,21,411,701526,18801,632972,3074502,Premium,1,15.0,48.95,54.3,0,East
34,Company_034,Finance,35,14,195146,55699,586193,1744723,Medio,1,9.55,52.67,47.81,0,West
35,Company_035,Tech,6,245,635582,105202,8162306,2016982,Alto,0,6.74,62.71,59.4,1,South
36,Company_036,Finance,19,2918,30697,297188,1277212,1937436,Alto,1,1.23,38.75,85.23,1,North
37,Company_037,Retail,47,28,269876,37339,3015267,1045640,Bajo,0,0.91,24.32,90.58,0,West
38,Company_038,Tech,35,33,749252,160153,445899,3069638,Premium,1,2.63,81.51,52.26,1,Central
39,Company_039,Tech,27,476,436641,76677,631191,1820372,Medio,1,4.19,58.96,22.65,0,North
40,Company_040,Healthcare,37,45,174200,27253,47504,1042608,Bajo,1,1.43,69.25,14.81,0,North
41,Company_041,Tech,5,448,301464,101976,4179222,1482349,Medio,0,1.77,80.58,25.19,0,South
42,Company_042,Retail,36,245,394634,18592,7020836,1362550,Bajo,0,1.21,54.43,76.73,1,East
43,Company_043,Tech,28,33,1264861,161219,1816147,3581173,Premium,1,2.16,68.99,45.19,0,Central
44,Company_044,Retail,28,715,615576,52502,1033659,2213155,Alto,1,8.75,42.63,66.3,0,Central
45,Company_045,Tech,49,395,81231,92629,2347758,1770657,Medio,0,3.75,33.88,66.46,1,North
46,Company_046,Tech,21,41,318527,120106,182650,1706277,Medio,1,4.62,62.61,4.62,1,East
47,Company_047,Retail,26,3281,185072,14597,3271616,1062818,Bajo,0,1.46,71.14,42.8,1,Central
48,Company_048,Finance,41,190,584503,14214,303010,2017017,Alto,1,1.67,68.93,73.71,0,North
49,Company_049,Manufacturing,46,21,46808,175010,7177614,1485150,Medio,0,0.31,58.65,68.19,1,Central
50,Company_050,Retail,10,3041,329891,78399,8487988,1045140,Bajo,0,13.66,75.07,66.26,0,South
51,Company_051,Tech,9,28,1061193,67673,787389,3853057,Premium,1,0.9,95,32.61,0,West
52,Company_052,Manufacturing,15,208,762612,98073,7285360,1319681,Bajo,0,2.73,45.45,47.96,0,South
53,Company_053,Healthcare,15,3363,334312,81109,1248842,1743266,Medio,1,0.56,60.04,14.22,1,West
54,Company_054,Tech,17,19,516837,131824,1582408,2655734,Premium,1,0.29,78.93,22.49,0,West
55,Company_055,Retail,34,1054,1131064,10000,337520,1566696,Medio,1,2.32,61.06,64.19,1,South
56,Company_056,Manufacturing,12,4306,155693,262223,299312,1184106,Bajo,1,11.09,58.12,45.59,1,East
57,Company_057,Manufacturing,22,33,376141,97784,1871152,1179668,Bajo,0,7.14,75.43,22.64,0,East
58,Company_058,Retail,20,417,364574,14363,2017602,930589,Bajo,0,6.79,41.58,23.11,0,Central
59,Company_059,Finance,29,343,122978,62086,1056536,1776767,Medio,1,10.24,46.08,78.12,0,South
60,Company_060,Tech,44,3118,737386,142177,1647627,4771751,Premium,1,7.66,51.87,33.12,0,West
61,Company_061,Retail,6,35,483954,101271,1903651,1096645,Bajo,0,10.51,45.58,34.31,0,South
62,Company_062,Retail,9,364,494763,31161,900380,1356819,Bajo,1,8.02,85.2,12.6,1,West
63,Company_063,Manufacturing,35,29,428799,231368,2526797,1339596,Bajo,0,1.14,47.88,70.94,0,West
64,Company_064,Tech,4,34,1274937,29426,2730850,3105983,Premium,1,3.57,59.94,74.14,0,West
65,Company_065,Finance,3,341,536459,55980,2605772,1484106,Medio,0,5.27,48.44,36.4,0,North
66,Company_066,Finance,30,42,124506,63100,4196666,1615285,Medio,0,4.96,65.49,92.42,0,West
67,Company_067,Retail,45,355,418767,354797,3743369,2616484,Premium,0,4.79,73.73,21.69,0,Central
68,Company_068,Tech,14,389,423279,134242,5044151,2716071,Premium,0,6.83,53.24,26.97,0,West
69,Company_069,Tech,44,252,1304690,55757,1914689,3792777,Premium,1,1.46,48.38,22.03,1,Central
70,Company_070,Tech,22,101,769793,29166,4655335,1574928,Medio,0,1.67,70.1,92.25,0,South
71,Company_071,Manufacturing,19,575,245843,102794,3213786,1385233,Medio,0,0.74,34.42,31.86,0,East
72,Company_072,Manufacturing,12,377,469881,217712,834097,1890399,Alto,1,1.41,37.36,87.37,0,West
73,Company_073,Healthcare,24,162,396058,77540,8066505,2037439,Alto,0,9.62,76.6,59.55,0,Central
74,Company_074,Retail,11,316,381457,263177,2356259,1304873,Bajo,0,4.4,57.17,43.22,1,West
75,Company_075,Manufacturing,50,423,688286,500000,2094575,2730555,Premium,1,6.35,71.06,27.93,0,North
76,Company_076,Finance,25,2527,402481,34940,4798268,2099908,Alto,0,4.96,95,37.54,1,North
77,Company_077,Manufacturing,21,19,351524,145483,5091396,1259251,Bajo,0,0.28,70.96,56.73,0,Central
78,Company_078,Finance,46,39,120339,37840,596689,1325071,Bajo,1,1.06,76.25,63.05,1,East
79,Company_079,Retail,48,4423,829740,45159,1554993,2323878,Alto,1,6.05,34.18,34.73,0,South
80,Company_080,Retail,15,58,215396,157167,891678,1237969,Bajo,1,2.38,64.95,39.33,1,West
81,Company_081,Finance,9,300,157000,130125,504236,1505736,Medio,1,0.76,51.69,16.0,0,East
82,Company_082,Retail,45,462,199922,47935,1344368,1293709,Bajo,0,1.76,68.98,45.86,1,North
83,Company_083,Manufacturing,37,1281,2044505,43170,5322591,3745027,Premium,0,1.56,71.59,72.66,0,South
84,Company_084,Retail,26,2951,141106,120322,394462,1485695,Medio,1,9.95,53.26,15.82,0,Central
85,Company_085,Retail,16,92,221107,82113,591942,969726,Bajo,1,2.98,60.99,79.69,0,East
86,Company_086,Retail,36,2488,552362,79548,1654150,1894812,Alto,1,0.37,61.06,31.22,0,South
87,Company_087,Tech,26,367,318223,97948,8916466,2001521,Alto,0,4.97,73.72,54.73,1,West
88,Company_088,Manufacturing,24,46,168697,33298,237329,866645,Bajo,1,11.48,88.22,39.51,0,West
89,Company_089,Retail,45,68,672171,331529,1966790,3173724,Premium,1,0.27,72.61,69.09,0,Central
90,Company_090,Retail,15,250,405282,57565,563307,832041,Bajo,1,8.35,46.28,79.13,0,North
91,Company_091,Tech,22,396,1199580,291094,3476297,5037553,Premium,1,2.8,85.7,35.3,1,West
92,Company_092,Retail,14,14,561039,135968,1111102,2324221,Alto,1,6.57,82.46,71.52,0,South
93,Company_093,Tech,40,394,120233,59915,5342948,1652118,Medio,0,2.72,61.32,49.39,0,West
94,Company_094,Manufacturing,40,32,165217,147930,2313400,1300138,Bajo,0,7.68,45.3,19.23,0,West
95,Company_095,Tech,50,237,506966,317889,1218509,3234939,Premium,1,8.56,48.67,38.79,0,Central
96,Company_096,Tech,4,322,231646,64366,1589133,1523980,Medio,0,15.0,70.1,70.67,1,West
97,Company_097,Tech,27,88,662889,17523,1528889,3116330,Premium,1,2.29,91.39,54.57,0,Central
98,Company_098,Finance,19,345,117774,364541,4320544,3135133,Premium,0,0.11,48.81,91.93,0,South
99,Company_099,Finance,6,50,588384,99586,1898049,1383274,Medio,0,3.34,48.85,20.73,1,South
100,Company_100,Retail,11,419,178633,98676,748754,1456822,Medio,1,2.15,74.96,52.68,0,North
101,Company_101,Finance,34,146,970658,10772,697563,2894047,Premium,1,4.96,86.51,27.04,1,North
102,Company_102,Tech,4,3760,458493,120426,3327489,2218384,Alto,0,1.6,65.37,74.77,1,North
103,Company_103,Healthcare,16,15,621651,215094,2969716,2676490,Premium,0,3.82,55.14,68.95,0,Central
104,Company_104,Retail,4,340,144357,338549,5015808,1474331,Medio,0,0.28,78.17,60.82,0,East
105,Company_105,Finance,33,76,153527,13293,1550919,1561326,Medio,1,1.96,67.36,51.88,1,South
106,Company_106,Manufacturing,10,36,32668,192272,113022,926840,Bajo,1,1.15,20,53.67,0,East
107,Company_107,Retail,33,35,76024,96201,1311237,1083938,Bajo,0,1.87,84.52,73.36,1,Central
108,Company_108,Tech,23,2200,392614,250287,1200770,3501028,Premium,1,0.82,84.96,13.67,0,North
109,Company_109,Tech,50,1570,167454,232545,554080,2537283,Alto,1,5.98,74.06,69.72,0,South
110,Company_110,Tech,40,175,691269,16582,2382511,2580290,Alto,1,0.13,75.55,64.18,0,North
111,Company_111,Manufacturing,50,40,489111,18760,1466380,1940166,Alto,1,15.0,41.76,43.38,0,East
112,Company_112,Retail,13,4532,507084,111389,4167112,1889763,Alto,0,2.06,71.14,29.28,1,West
113,Company_113,Finance,11,273,1157467,201871,1242245,2776980,Premium,1,0.97,70.56,92.64,1,Central
114,Company_114,Healthcare,10,89,197628,31021,577847,1054359,Bajo,1,5.84,63.13,49.46,0,West
115,Company_115,Tech,27,243,291588,455076,3747941,4203412,Premium,1,1.27,49.55,12.43,1,Central
116,Company_116,Tech,14,3852,811564,54361,371998,3141201,Premium,1,2.22,49.36,91.15,0,North
117,Company_117,Manufacturing,31,388,218746,81503,2131409,1018613,Bajo,0,0.27,27.63,43.66,0,Central
118,Company_118,Finance,34,324,784737,153709,1641503,3470958,Premium,1,4.59,39.26,62.15,0,South
119,Company_119,Healthcare,5,45,335203,53158,11760125,1934406,Alto,0,5.51,61.47,15.84,1,Central
120,Company_120,Manufacturing,23,2663,321245,52982,4099706,917691,Bajo,0,0.24,59.31,76.23,1,North
121,Company_121,Manufacturing,21,36,608292,98450,2300139,1293345,Bajo,0,3.81,53.67,72.24,0,North
122,Company_122,Healthcare,46,33,666501,10000,3926752,2375071,Alto,0,2.13,71.8,39.3,1,South
123,Company_123,Finance,2,572,418182,32021,1244945,1606994,Medio,1,7.65,63.65,31.54,0,East
124,Company_124,Tech,44,14,278240,64735,4737161,2653024,Premium,0,6.11,65.59,7.87,0,South
125,Company_125,Healthcare,17,3814,326300,253742,1075634,2658171,Premium,1,1.25,73.98,90.59,0,Central
126,Company_126,Retail,22,163,295268,60323,1825872,1241328,Bajo,0,1.72,59.33,84.26,0,West
127,Company_127,Manufacturing,10,22,283900,500000,846846,1567780,Medio,1,2.0,59.9,30.57,0,North
128,Company_128,Finance,28,3640,10151,278921,3275603,1041111,Bajo,0,0.1,59.61,49.02,0,South
129,Company_129,Finance,13,35,27800,10000,748778,835923,Bajo,1,5.86,72.8,36.55,0,East
130,Company_130,Retail,41,36,723079,51768,817263,1438131,Medio,1,0.59,52.36,29.84,1,East
131,Company_131,Healthcare,45,3208,555873,14364,2653766,3186043,Premium,1,12.48,79.17,83.2,1,North
132,Company_132,Tech,23,2697,338603,52181,10266558,2847265,Premium,0,6.05,49.99,44.55,0,East
133,Company_133,Manufacturing,47,1570,428963,12314,135456,1206357,Bajo,1,3.92,72.42,44.17,1,West
134,Company_134,Finance,36,947,19469,122280,2964864,1960118,Alto,0,1.99,65.4,75.65,0,North
135,Company_135,Tech,32,59,97135,17138,4229034,1550367,Medio,0,3.7,61.28,29.72,0,East
136,Company_136,Manufacturing,15,32,1380048,56762,949048,1782113,Medio,1,7.89,39.01,35.54,1,East
137,Company_137,Healthcare,44,445,580919,285700,2477908,2925681,Premium,1,0.96,35.21,49.83,0,West
138,Company_138,Finance,45,4696,246276,37358,1595949,3522288,Premium,1,6.61,65.33,48.07,0,West
139,Company_139,Retail,28,4782,99984,51104,3371402,1401694,Medio,0,3.07,75.31,38.81,1,East
140,Company_140,Finance,27,3061,1713451,98906,4421430,5072731,Premium,1,2.28,72.64,66.33,0,South
141,Company_141,Tech,18,116,139991,10000,7154324,1141059,Bajo,0,11.03,80.19,73.26,0,East
142,Company_142,Finance,24,49,490594,441567,106290,3398690,Premium,1,2.99,72.72,37.15,1,East
143,Company_143,Finance,19,2077,264348,18026,7144443,1694920,Medio,0,5.58,69.24,77.38,1,West
144,Company_144,Finance,22,14,59639,146165,1264621,1351568,Bajo,1,2.45,63.25,52.04,1,Central
145,Company_145,Tech,44,94,231997,79743,261920,2239036,Alto,1,1.23,50.58,30.01,0,Central
146,Company_146,Retail,6,433,947783,39509,1046401,1899446,Alto,1,1.44,75.17,12.0,1,East
147,Company_147,Tech,42,28,635211,62917,4194683,3156175,Premium,0,4.8,59.9,22.28,1,South
148,Company_148,Finance,29,206,433715,54155,6139150,1860440,Alto,0,8.25,89.42,93.9,1,Central
149,Company_149,Finance,15,2883,120184,17078,121291,1122205,Bajo,1,6.92,53.99,39.51,0,West
150,Company_150,Tech,43,33,326123,201381,1503501,2861581,Premium,1,4.71,59.89,83.64,1,South
151,Company_151,Manufacturing,32,359,12981,97839,3125995,819890,Bajo,0,0.83,79.34,68.87,1,West
152,Company_152,Manufacturing,2,18,554804,153473,1422748,1213762,Bajo,0,4.47,81.7,39.71,1,South
153,Company_153,Tech,38,1989,642306,30990,475628,3272719,Premium,1,3.89,92.35,46.65,0,North
154,Company_154,Finance,3,269,191098,162678,6818639,1497317,Medio,0,3.33,77.89,16.75,0,North
155,Company_155,Manufacturing,27,129,364527,49859,3605850,1362498,Bajo,0,1.14,66.8,36.03,0,North
156,Company_156,Retail,11,42,338387,142459,5588752,1490983,Medio,0,0.37,71.12,54.7,0,Central
157,Company_157,Tech,11,234,137437,83736,3154459,1516787,Medio,0,1.65,81.38,70.06,0,North
158,Company_158,Tech,33,4906,1272976,239928,3590314,6361792,Premium,1,9.43,63.04,47.16,1,South
159,Company_159,Finance,35,26,205577,221449,513022,2428039,Alto,1,3.33,78.88,49.72,1,South
160,Company_160,Tech,43,53,1033668,10000,4249405,3462806,Premium,0,1.62,67.09,66.89,0,South
161,Company_161,Retail,21,56,752329,18868,1446916,2369120,Alto,1,1.02,56.6,44.88,1,South
162,Company_162,Manufacturing,36,245,165912,288617,114260,1707680,Medio,1,0.75,72.21,54.6,0,North
163,Company_163,Manufacturing,31,1288,390308,74050,11318981,1298766,Bajo,0,1.11,69.65,57.8,1,North
164,Company_164,Retail,10,3263,360064,86624,528895,1827620,Medio,1,1.86,78.72,27.31,1,Central
165,Company_165,Tech,2,25,723897,12394,3441937,2327525,Alto,0,2.53,50.46,41.69,1,South
166,Company_166,Tech,23,3164,1735517,141475,3889981,5236728,Premium,1,9.07,60.35,53.01,0,East
167,Company_167,Finance,1,438,412409,111042,2461003,1939308,Alto,0,2.33,67.57,33.53,0,West
168,Company_168,Manufacturing,40,2727,234565,56209,4212129,1162521,Bajo,0,5.5,66.11,14.36,0,South
169,Company_169,Finance,24,455,219938,138916,2152897,1038061,Bajo,0,1.4,35.75,36.86,1,East
170,Company_170,Retail,36,179,426721,73905,4898018,1487705,Medio,0,1.33,68.61,30.06,1,South
171,Company_171,Tech,6,223,2828734,198460,1290259,8793228,Premium,1,10.95,79.01,38.01,1,West
172,Company_172,Retail,32,21,509250,107824,3980598,1829157,Medio,0,0.89,57.79,34.96,1,North
173,Company_173,Retail,21,387,161311,54726,1772128,1249718,Bajo,0,5.89,64.31,71.89,0,South
174,Company_174,Retail,24,262,1327720,11429,3256939,2873213,Premium,0,1.21,51.66,34.42,1,Central
175,Company_175,Tech,41,395,400304,33388,1862167,2362935,Alto,1,2.15,83.73,46.46,1,Central
176,Company_176,Retail,48,38,387689,273789,3946610,2113352,Alto,0,1.76,91.7,33.46,0,North
177,Company_177,Tech,38,26,337628,283294,9011574,4286372,Premium,0,4.67,68.5,46.9,1,West
178,Company_178,Manufacturing,1,373,320710,10000,877860,805004,Bajo,0,8.4,61.54,62.91,0,North
179,Company_179,Retail,17,42,373489,320900,1116239,1824754,Medio,1,4.59,55.96,41.59,0,East
180,Company_180,Retail,2,136,312460,10766,2603593,750542,Bajo,0,1.17,49.01,30.97,0,South
181,Company_181,Retail,18,10,69572,212582,1998587,1112479,Bajo,0,1.71,65.76,73.72,0,North
182,Company_182,Retail,2,230,295355,49070,1254139,880750,Bajo,0,2.49,77.34,49.43,0,West
183,Company_183,Tech,9,400,1199871,60782,3209115,3452005,Premium,1,0.8,80.73,78.45,1,North
184,Company_184,Finance,41,2742,133419,172423,3953546,1599947,Medio,0,6.06,59.5,32.57,1,West
185,Company_185,Tech,14,38,268297,46732,327687,1458385,Medio,1,2.38,76.14,28.73,0,West
186,Company_186,Manufacturing,16,252,325449,97723,960453,966040,Bajo,1,3.61,85.81,63.03,0,South
187,Company_187,Retail,11,113,88542,190966,5598093,1085053,Bajo,0,0.89,32.05,65.88,1,West
188,Company_188,Manufacturing,13,26,20138,119450,4091546,1104846,Bajo,0,1.22,62.87,74.59,0,East
189,Company_189,Tech,6,36,234323,245420,3580100,2354764,Alto,0,9.08,20.51,71.99,1,East
190,Company_190,Retail,40,46,908303,234722,4102011,2328109,Alto,0,3.92,60.68,45.85,0,Central
191,Company_191,Tech,8,50,1182224,38631,2350827,2773189,Premium,1,2.13,44.4,87.81,0,North
192,Company_192,Finance,37,64,1407822,111812,906200,5253172,Premium,1,15.0,59.8,40.57,0,Central
193,Company_193,Manufacturing,23,19,327556,250859,266921,1548973,Medio,1,3.56,39.88,61.07,1,North
194,Company_194,Finance,33,31,481125,26474,8856261,2664071,Premium,0,8.15,76.51,2.6,0,West
195,Company_195,Tech,49,157,264835,53259,2537769,1829300,Medio,0,0.83,65.46,66.46,0,South
196,Company_196,Manufacturing,35,116,37576,10044,564650,916007,Bajo,1,7.51,75.75,56.89,1,Central
197,Company_197,Tech,45,283,255896,327686,2018455,2722059,Premium,1,3.45,45.89,40.63,1,North
198,Company_198,Manufacturing,35,352,351402,141187,2146592,1367229,Bajo,0,10.88,44.88,16.81,0,West
199,Company_199,Finance,20,1070,596351,166923,1803166,2371325,Alto,1,0.36,42.84,49.84,0,East
200,Company_200,Tech,44,2955,549684,59717,2491619,2529803,Alto,1,2.09,62.17,35.01,1,East
201,Company_201,Tech,28,251,646195,87008,1181660,2430230,Alto,1,0.77,78.81,91.48,0,West
202,Company_202,Manufacturing,30,3987,642377,92664,2152362,2226106,Alto,1,3.58,72.47,44.38,0,Central
203,Company_203,Tech,40,40,656940,217265,3352501,3290441,Premium,0,5.31,65.91,43.08,0,East
204,Company_204,Healthcare,48,451,539380,109581,383019,1727823,Medio,1,12.19,59.02,63.75,0,East
205,Company_205,Tech,29,139,215774,114033,555923,2257056,Alto,1,3.55,74.13,65.09,0,East
206,Company_206,Tech,26,293,964529,133966,5566282,3398774,Premium,0,0.8,60.9,10.48,0,East
207,Company_207,Tech,42,286,1070942,283352,1100441,2979332,Premium,1,7.09,68.74,23.9,0,South
208,Company_208,Manufacturing,14,1497,711187,150228,1396962,1003861,Bajo,0,2.81,75.26,15.84,0,North
209,Company_209,Tech,5,152,617971,116820,4552707,2705902,Premium,0,0.42,53.42,48.46,1,West
210,Company_210,Healthcare,32,256,1485218,359213,52984,5135145,Premium,1,4.53,53.59,42.25,0,West
211,Company_211,Tech,36,34,720958,82254,5262255,3392703,Premium,0,0.16,53.99,68.47,1,North
212,Company_212,Retail,35,47,193777,284764,184902,2035988,Alto,1,5.41,95,85.94,0,Central
213,Company_213,Manufacturing,28,477,267726,155447,9511733,1762684,Medio,0,9.73,60.19,17.93,0,Central
214,Company_214,Manufacturing,2,1161,86991,402958,5323838,1377935,Medio,0,5.85,28.44,75.68,1,East
215,Company_215,Retail,7,491,1021161,41027,4785128,2413213,Alto,0,1.08,64.2,62.16,1,West
216,Company_216,Tech,16,353,564980,299737,1276931,3249686,Premium,1,1.28,62.19,58.6,1,South
217,Company_217,Retail,41,188,170497,25241,2667619,1060957,Bajo,0,2.08,77.67,77.61,1,North
218,Company_218,Manufacturing,14,478,404936,93950,1368306,1203932,Bajo,0,1.25,82.6,8.64,0,West
219,Company_219,Manufacturing,29,92,531357,280276,795518,2342313,Alto,1,3.36,95,29.55,0,North
220,Company_220,Tech,28,407,1170694,15398,2031693,5227771,Premium,1,2.26,66.62,84.57,1,Central
221,Company_221,Manufacturing,49,32,361227,77313,3012329,1684772,Medio,0,3.25,63.04,77.92,0,West
222,Company_222,Healthcare,7,17,811252,186314,792172,3127365,Premium,1,2.98,59.27,36.51,0,Central
223,Company_223,Finance,9,3010,147925,113773,1955343,1669989,Medio,0,0.92,72.63,81.08,0,East
224,Company_224,Finance,14,67,732041,27324,909456,2052687,Alto,1,4.21,70.38,64.48,1,Central
225,Company_225,Finance,3,45,631427,73086,4093577,1725290,Medio,0,3.94,73.55,14.06,1,West
226,Company_226,Retail,4,3457,335404,93797,134124,1542160,Medio,1,1.82,67.0,80.08,0,West
227,Company_227,Manufacturing,39,23,249875,130725,4489738,1546113,Medio,0,0.97,85.53,42.93,1,East
228,Company_228,Retail,30,10,134932,195546,753753,1522462,Medio,1,1.67,94.47,11.69,0,East
229,Company_229,Manufacturing,41,405,214419,26993,5340221,1284649,Bajo,0,0.31,48.61,76.0,1,Central
230,Company_230,Manufacturing,44,188,780562,18004,3158286,2173685,Alto,0,3.42,53.59,24.79,0,Central
231,Company_231,Manufacturing,27,89,107458,10000,5300805,659977,Bajo,0,2.96,84.91,54.92,1,East
232,Company_232,Tech,45,107,78273,20115,3116611,1035416,Bajo,0,0.66,95,20.81,1,East
233,Company_233,Manufacturing,40,46,70945,322720,5765104,1498099,Medio,0,0.95,82.21,51.65,1,West
234,Company_234,Finance,49,1512,408565,118314,1583334,3131278,Premium,1,0.47,59.54,69.19,0,North
235,Company_235,Tech,44,103,334229,83638,2020063,2029773,Alto,1,1.12,61.79,29.82,0,West
236,Company_236,Healthcare,32,125,207474,187053,472403,1864396,Alto,1,6.79,68.47,10.64,0,West
237,Company_237,Finance,35,441,40010,62128,2675815,1598189,Medio,0,4.36,47.76,36.52,0,West
238,Company_238,Retail,31,130,458590,117865,4202183,1264463,Bajo,0,0.55,59.34,50.84,1,North
239,Company_239,Tech,43,4716,808209,82311,5031844,3430451,Premium,0,3.63,54.28,42.15,1,Central
240,Company_240,Tech,37,165,644945,264044,3901765,3064188,Premium,0,4.51,62.13,19.04,1,East
241,Company_241,Retail,30,330,828512,155920,2734578,3106597,Premium,1,4.02,77.23,52.55,0,South
242,Company_242,Manufacturing,27,475,236496,233066,1320027,1879032,Alto,1,0.18,55.53,87.21,1,North
243,Company_243,Healthcare,27,1239,334748,152788,736419,2831633,Premium,1,4.74,66.29,11.49,1,West
244,Company_244,Healthcare,14,21,179427,87724,406649,1738826,Medio,1,4.2,55.96,60.1,1,North
245,Company_245,Healthcare,45,2463,209268,194398,3311878,2250510,Alto,0,1.74,49.42,31.3,0,North
246,Company_246,Manufacturing,46,469,95457,91626,3435007,1349206,Bajo,0,7.23,69.46,58.49,0,South
247,Company_247,Manufacturing,49,48,781356,63313,6175473,1982963,Alto,0,7.01,74.62,20.91,1,South
248,Company_248,Tech,6,2124,216193,10000,4000729,1112846,Bajo,0,3.93,64.81,19.58,0,South
249,Company_249,Finance,27,64,239075,179994,2056856,1344165,Bajo,0,3.12,51.05,48.6,1,East
250,Company_250,Tech,16,231,209796,59231,2064753,2170611,Alto,1,4.41,52.57,23.9,0,North
251,Company_251,Healthcare,18,270,233140,176967,1451718,1311593,Bajo,0,0.84,85.08,25.76,0,West
252,Company_252,Retail,32,107,1499630,31097,1499737,3146369,Premium,1,4.82,90.6,83.2,1,East
253,Company_253,Retail,7,1759,37465,253366,4349087,1673237,Medio,0,6.26,42.05,83.21,1,Central
254,Company_254,Finance,12,35,87027,30095,1565175,980648,Bajo,0,6.17,64.58,51.28,0,West
255,Company_255,Tech,39,437,360816,34530,599119,1898644,Alto,1,6.02,88.44,60.44,1,East
256,Company_256,Healthcare,16,201,546931,124400,2714149,2172247,Alto,0,4.82,60.53,56.37,1,West
257,Company_257,Healthcare,12,15,967702,134812,716940,3036752,Premium,1,3.33,70.11,64.78,1,West
258,Company_258,Tech,13,11,808408,10000,856264,2718649,Premium,1,14.81,66.09,48.63,0,West
259,Company_259,Retail,26,10,97150,95149,2963760,1200374,Bajo,0,8.38,45.15,46.33,0,West
260,Company_260,Finance,28,28,896960,97240,3854096,2441685,Alto,0,7.84,60.16,60.9,0,West
261,Company_261,Retail,7,302,250227,29289,448286,983139,Bajo,1,5.4,55.43,79.57,0,South
262,Company_262,Tech,29,480,1000237,352600,3583143,4570989,Premium,1,1.15,85.13,73.0,0,South
263,Company_263,Manufacturing,16,4380,282699,16146,6644841,1317370,Bajo,0,6.43,76.28,37.72,0,Central
264,Company_264,Tech,10,417,1233294,16066,436566,3188132,Premium,1,6.31,76.82,70.78,1,Central
265,Company_265,Manufacturing,34,125,820055,38195,7602124,1782992,Medio,0,7.29,77.17,74.5,1,South
266,Company_266,Tech,33,316,282156,10000,3359526,1350305,Bajo,0,2.77,95,62.83,1,West
267,Company_267,Finance,16,4868,246516,25870,3142950,1822303,Medio,0,0.81,62.51,63.96,1,West
268,Company_268,Finance,17,375,361743,250104,723725,2130401,Alto,1,3.29,83.12,40.61,0,East
269,Company_269,Tech,2,122,1118713,54807,3433140,3326423,Premium,0,0.27,56.06,21.04,0,South
270,Company_270,Finance,29,30,87123,183852,350546,1874321,Alto,1,2.97,52.31,5.61,1,Central
271,Company_271,Healthcare,34,40,453371,208828,1154578,2165411,Alto,1,0.48,53.76,58.99,0,Central
272,Company_272,Tech,7,196,127619,16916,2300854,897157,Bajo,0,5.34,60.83,52.25,0,South
273,Company_273,Tech,33,247,262653,190597,181815,3074819,Premium,1,4.83,84.42,26.99,0,South
274,Company_274,Finance,36,50,1269999,181972,1384203,3181216,Premium,1,1.19,58.29,80.48,1,Central
275,Company_275,Manufacturing,44,2641,225138,63866,994993,1614504,Medio,1,7.26,62.0,31.63,0,West
276,Company_276,Tech,50,569,113494,294524,5121317,2145091,Alto,0,1.07,81.82,32.95,1,North
277,Company_277,Retail,32,22,718925,229022,455630,1633970,Medio,1,4.57,67.73,28.77,0,West
278,Company_278,Retail,42,30,371405,52673,2729079,1893770,Alto,0,9.49,55.18,77.03,0,South
279,Company_279,Tech,16,31,256246,18161,8289927,1924557,Alto,0,5.57,57.8,72.66,1,North
280,Company_280,Manufacturing,41,113,41614,23625,2543618,1063972,Bajo,0,5.57,75.37,68.84,0,Central
281,Company_281,Finance,30,500,636537,203181,231254,2554744,Alto,1,4.86,80.01,51.59,0,South
282,Company_282,Healthcare,49,348,130090,69255,99999,1650437,Medio,1,3.69,80.97,39.22,1,West
283,Company_283,Retail,22,264,271527,500000,2965667,2260644,Alto,0,5.83,63.91,28.92,0,West
284,Company_284,Tech,8,38,164677,32200,5826242,1075637,Bajo,0,4.33,72.35,25.92,1,Central
285,Company_285,Finance,39,375,628611,135314,1804744,2482183,Alto,1,11.35,77.56,14.29,0,Central
286,Company_286,Tech,46,405,429227,109803,4480115,2506910,Alto,0,6.07,83.55,37.54,0,East
287,Company_287,Manufacturing,19,230,465884,101679,2043614,1155545,Bajo,0,2.95,54.39,66.01,0,East
288,Company_288,Finance,50,190,161884,25488,5772601,1866654,Alto,0,1.49,56.41,96.88,1,South
289,Company_289,Retail,14,314,577010,107950,1880748,1842329,Medio,0,2.92,78.85,55.41,0,West
290,Company_290,Manufacturing,35,47,32002,188051,4089766,1167286,Bajo,0,2.47,56.0,80.27,0,Central
291,Company_291,Tech,25,24,239824,102904,124997,3151155,Premium,1,2.73,35.37,42.2,1,South
292,Company_292,Retail,33,284,337070,130971,3727120,1123371,Bajo,0,1.67,61.25,56.36,0,South
293,Company_293,Finance,25,2002,898009,76179,3037525,2954167,Premium,0,2.65,73.4,56.44,0,West
294,Company_294,Retail,16,274,124853,57265,2192053,882795,Bajo,0,9.7,51.11,48.55,1,North
295,Company_295,Tech,1,34,1045427,77826,591267,4036514,Premium,1,1.07,54.74,55.47,0,South
296,Company_296,Finance,15,32,178417,208598,6981418,1561513,Medio,0,11.1,67.38,16.62,1,South
297,Company_297,Manufacturing,21,4449,464257,121395,1309312,1362249,Bajo,1,0.76,52.72,44.44,0,East
298,Company_298,Manufacturing,3,262,692916,10000,1825599,1352047,Bajo,0,4.11,70.65,55.01,0,West
299,Company_299,Finance,13,19,149351,123050,2732861,1407612,Medio,0,1.1,68.91,72.58,0,East
300,Company_300,Finance,33,271,1017977,79745,6748100,3430468,Premium,0,4.99,72.85,55.24,0,South
301,Company_301,Healthcare,1,42,910391,86558,2216891,2602061,Alto,1,2.41,74.94,69.56,0,West
302,Company_302,Tech,24,396,36879,27313,1366144,1461380,Medio,1,6.37,73.84,87.14,1,South
303,Company_303,Finance,35,245,575458,307084,3689354,2610515,Premium,0,1.17,48.21,25.02,0,West
304,Company_304,Retail,13,307,63481,186019,1609913,614177,Bajo,0,1.6,69.22,88.02,0,Central
305,Company_305,Finance,34,2677,278898,76748,2112243,1812943,Medio,0,2.18,46.06,56.12,0,South
306,Company_306,Retail,31,388,159877,10000,350175,1113966,Bajo,1,1.94,69.58,60.64,1,North
307,Company_307,Tech,10,4633,40146,16471,2730756,1507361,Medio,0,4.13,70.75,30.64,1,North
308,Company_308,Manufacturing,22,1029,684272,263753,2132721,2149246,Alto,1,4.44,75.22,54.18,1,North
309,Company_309,Finance,25,50,256240,35206,2413553,1837719,Medio,0,11.47,36.4,94.85,0,East
310,Company_310,Finance,39,12,597442,111500,2958084,3689390,Premium,1,2.35,40.05,16.78,0,South
311,Company_311,Tech,43,1804,279234,82534,1554889,2779825,Premium,1,1.09,61.85,45.57,1,West
312,Company_312,Finance,31,19,176159,36332,2010915,1525649,Medio,0,0.57,79.79,40.64,0,South
313,Company_313,Tech,16,204,787107,204605,5313894,5286775,Premium,0,6.27,91.85,43.9,0,West
314,Company_314,Tech,38,343,424634,17779,2147513,2333628,Alto,1,7.45,50.71,60.84,1,West
315,Company_315,Manufacturing,32,47,502566,203771,1162868,1877639,Alto,1,0.65,63.02,9.87,0,North
316,Company_316,Tech,34,2903,717386,156043,3198769,3839628,Premium,1,2.15,56.71,14.55,1,South
317,Company_317,Retail,28,26,215317,30166,1144385,1396932,Medio,1,1.55,78.12,53.03,1,East
318,Company_318,Tech,39,27,113389,141389,4508664,2409636,Alto,0,2.01,77.26,19.41,0,East
319,Company_319,Tech,23,493,232386,62969,1030052,1307493,Bajo,1,6.75,76.27,59.36,1,South
320,Company_320,Tech,47,239,840354,174327,1042025,3144445,Premium,1,1.59,76.63,77.84,0,North
321,Company_321,Tech,37,28,524810,500000,2415546,4715249,Premium,1,8.37,58.66,47.39,1,Central
322,Company_322,Finance,11,441,480973,14377,3118423,884014,Bajo,0,2.77,61.32,77.78,0,South
323,Company_323,Healthcare,42,68,11976,58250,1934831,1167800,Bajo,0,2.84,72.38,93.46,0,West
324,Company_324,Finance,12,187,101635,72107,1992569,893137,Bajo,0,1.11,45.46,82.8,0,East
325,Company_325,Finance,44,216,982597,85146,6329353,2745177,Premium,0,0.73,73.62,79.32,1,Central
326,Company_326,Tech,17,2526,733851,109854,649663,2967929,Premium,1,5.27,89.61,31.51,0,South
327,Company_327,Tech,4,318,252570,43513,2828463,1614355,Medio,0,5.94,56.75,52.02,0,North
328,Company_328,Tech,18,1325,369653,116516,691570,1965208,Alto,1,6.89,50.12,65.24,0,East
329,Company_329,Manufacturing,9,358,110250,35317,3423764,661813,Bajo,0,8.18,37.54,13.04,1,Central
330,Company_330,Healthcare,5,318,30631,10000,7801646,730349,Bajo,0,8.74,95,47.7,0,South
331,Company_331,Healthcare,33,412,879290,51444,1245753,2601771,Alto,1,1.7,80.75,64.55,1,South
332,Company_332,Finance,39,3158,82506,141827,2308049,2781045,Premium,1,1.94,95,87.58,0,East
333,Company_333,Retail,29,27,171774,99924,2485721,1310752,Bajo,0,3.35,59.33,41.31,1,West
334,Company_334,Tech,28,35,95336,274315,4035121,2983490,Premium,0,0.14,84.07,40.17,1,North
335,Company_335,Manufacturing,46,18,425750,99334,1828432,1859972,Alto,1,0.33,68.74,41.86,1,South
336,Company_336,Healthcare,32,17,187314,66897,336444,1229417,Bajo,1,2.82,50.73,57.35,0,North
337,Company_337,Finance,31,1427,561844,53671,2154309,2375900,Alto,1,2.78,54.28,31.71,0,West
338,Company_338,Retail,15,347,862095,343946,1222506,2475744,Alto,1,2.23,79.15,75.88,0,South
339,Company_339,Manufacturing,27,24,60948,246962,501332,1459567,Medio,1,2.26,39.74,18.32,0,West
340,Company_340,Retail,1,19,64304,171553,930439,1352476,Bajo,1,2.78,60.92,46.58,1,East
341,Company_341,Healthcare,9,255,634312,34019,3550593,2087047,Alto,0,1.85,75.08,83.65,0,Central
342,Company_342,Tech,11,83,170135,152341,1695918,1317957,Bajo,0,9.18,65.01,69.92,0,Central
343,Company_343,Finance,38,806,239014,105904,600844,2113609,Alto,1,6.17,66.55,67.71,0,East
344,Company_344,Healthcare,39,19,544361,102955,1623576,1772789,Medio,1,4.67,45.34,83.4,0,West
345,Company_345,Manufacturing,21,399,351149,500000,332586,2054274,Alto,1,0.34,76.7,33.44,1,South
346,Company_346,Tech,30,323,84471,65632,5503988,1856655,Medio,0,0.86,70.31,15.46,0,West
347,Company_347,Tech,12,14,225854,91261,394714,1828881,Medio,1,2.82,58.48,30.89,1,South
348,Company_348,Healthcare,47,427,2071126,119775,7722226,6087091,Premium,0,1.51,90.14,90.2,0,Central
349,Company_349,Tech,14,617,309108,59098,2992632,2134148,Alto,0,2.68,79.71,65.62,0,West
350,Company_350,Healthcare,7,1350,978353,139647,3028659,2323198,Alto,0,6.49,31.77,28.68,0,West
351,Company_351,Retail,48,241,1111305,51244,1689134,1788033,Medio,1,0.1,66.89,35.21,0,West
352,Company_352,Manufacturing,37,375,328380,86123,921131,1013286,Bajo,1,0.66,53.32,83.31,0,Central
353,Company_353,Retail,9,3433,158855,41530,9713946,1036607,Bajo,0,0.15,52.51,13.58,0,North
354,Company_354,Tech,41,36,313815,33060,4075454,1725969,Medio,0,3.41,66.42,94.12,0,East
355,Company_355,Finance,15,18,220803,142908,6407313,1161670,Bajo,0,3.76,55.45,73.03,0,Central
356,Company_356,Healthcare,32,278,362073,173459,3631597,2034505,Alto,0,3.74,34.34,66.75,0,East
357,Company_357,Tech,14,240,128355,10000,5785018,1317205,Bajo,0,4.53,57.63,55.09,1,North
358,Company_358,Retail,28,213,442345,52758,2623919,1534317,Medio,0,4.92,82.18,11.85,0,Central
359,Company_359,Tech,27,190,261673,15190,2948002,2481532,Alto,0,1.75,64.52,88.66,0,East
360,Company_360,Tech,6,33,1290988,10000,387831,3349317,Premium,1,1.79,88.21,70.42,0,Central
361,Company_361,Tech,34,40,722176,63933,1255397,2077846,Alto,1,1.73,76.84,76.15,1,North
362,Company_362,Finance,25,16,281926,320257,1722736,2864933,Premium,1,7.63,75.01,30.4,1,South
363,Company_363,Tech,11,495,560867,105132,2684899,1985432,Alto,0,3.32,60.68,70.56,0,East
364,Company_364,Tech,42,266,164327,32674,4085049,2125718,Alto,0,1.42,67.54,25.15,0,West
365,Company_365,Tech,14,197,835640,289312,5246552,3862900,Premium,0,6.85,57.07,67.81,0,East
366,Company_366,Tech,2,198,144668,17666,6198294,1112176,Bajo,0,8.52,52.84,17.28,1,Central
367,Company_367,Retail,41,36,125862,46220,5092244,834715,Bajo,0,3.03,65.94,66.56,1,East
368,Company_368,Retail,40,39,543987,70325,102222,1355755,Bajo,1,0.82,65.84,54.12,0,West
369,Company_369,Retail,4,52,369030,71173,564061,1226363,Bajo,1,4.82,51.27,33.84,1,North
370,Company_370,Finance,21,1640,775158,25094,1653766,2245023,Alto,1,4.52,66.89,35.4,1,West
371,Company_371,Healthcare,30,45,35123,157811,4252243,1448780,Medio,0,6.55,79.04,65.72,1,Central
372,Company_372,Tech,48,311,172632,291010,1243797,1478674,Medio,1,1.84,70.46,41.1,1,West
373,Company_373,Tech,31,2424,1325541,95334,1050419,4025790,Premium,1,6.25,78.72,38.76,0,East
374,Company_374,Tech,27,1713,36608,59292,332334,1783117,Medio,1,8.1,84.3,47.41,1,East
375,Company_375,Finance,9,29,154287,122865,1427826,1996372,Alto,1,4.88,77.78,54.64,1,East
376,Company_376,Tech,12,246,1000427,12495,706090,1931308,Alto,1,0.42,82.21,78.36,0,East
377,Company_377,Finance,34,2075,11013,151384,1881054,1830407,Medio,0,3.96,65.03,61.32,1,North
378,Company_378,Retail,7,24,57336,10000,1592212,595958,Bajo,0,2.47,76.38,53.46,1,East
379,Company_379,Retail,8,184,359635,38017,1815933,1110389,Bajo,0,3.52,69.21,78.65,0,Central
380,Company_380,Retail,7,42,187863,111240,4093428,986351,Bajo,0,3.39,61.39,84.13,1,East
381,Company_381,Healthcare,16,47,17523,307233,3324205,1590744,Medio,0,11.73,58.18,25.24,1,South
382,Company_382,Retail,5,44,173228,416511,1662984,1636881,Medio,0,4.29,54.84,26.25,0,North
383,Company_383,Healthcare,15,333,176913,202417,704931,1656622,Medio,1,0.21,47.75,16.34,1,West
384,Company_384,Finance,43,76,1028627,67533,1445246,2456003,Alto,1,8.2,82.71,35.33,1,Central
385,Company_385,Tech,16,201,279342,178626,4783664,1714763,Medio,0,12.28,42.6,61.01,0,West
386,Company_386,Retail,36,13,564666,49141,1429482,1484064,Medio,1,1.28,92.77,54.24,0,East
387,Company_387,Retail,23,72,600438,14790,3095131,1415892,Medio,0,1.95,79.22,79.74,1,East
388,Company_388,Tech,38,48,177447,261922,7447975,2738313,Premium,0,4.77,77.61,25.89,1,Central
389,Company_389,Tech,37,25,271584,62191,5336495,2381226,Alto,0,0.46,47.91,28.03,1,South
390,Company_390,Retail,9,457,236366,15494,4405860,623529,Bajo,0,1.51,59.31,78.76,1,North
391,Company_391,Finance,39,419,52086,72433,2311644,1627470,Medio,0,3.33,30.2,94.06,0,East
392,Company_392,Finance,12,351,230201,43686,364463,1210806,Bajo,1,3.92,80.41,29.95,0,Central
393,Company_393,Tech,19,38,186637,172769,1285151,2277467,Alto,1,0.54,65.27,74.05,1,East
394,Company_394,Retail,30,17,866087,22266,2943310,2074939,Alto,0,0.76,95,56.19,0,Central
395,Company_395,Retail,3,411,1464615,25308,1459803,2521282,Alto,1,12.53,58.02,52.34,0,North
396,Company_396,Retail,3,184,623657,44195,3270282,1538241,Medio,0,3.48,70.51,23.51,0,South
397,Company_397,Finance,21,227,810944,339125,8165547,2985397,Premium,0,2.67,54.08,94.19,0,East
398,Company_398,Finance,17,2698,431919,100465,778421,2505981,Alto,1,2.37,58.37,14.29,1,West
399,Company_399,Manufacturing,24,160,522999,10000,6651870,1145008,Bajo,0,3.62,48.57,5.91,0,West
400,Company_400,Tech,47,425,353393,28041,4063842,1910328,Alto,0,1.93,48.11,23.8,0,North
401,Company_401,Tech,19,4868,458471,260632,3746029,4350867,Premium,1,10.05,64.33,31.7,0,South
402,Company_402,Tech,10,479,417492,150523,1711972,2881993,Premium,1,0.83,67.83,2.55,0,East
403,Company_403,Finance,31,489,941714,10000,740517,2923486,Premium,1,5.57,62.87,15.33,0,East
404,Company_404,Retail,10,23,1214401,76878,2772212,2198450,Alto,0,1.98,34.68,69.38,1,North
405,Company_405,Retail,35,98,65195,28890,3549186,1041669,Bajo,0,5.62,32.64,43.85,0,South
406,Company_406,Tech,7,43,577538,65994,3905254,2180428,Alto,0,12.08,73.23,50.34,0,North
407,Company_407,Finance,49,45,331154,251859,524208,2790990,Premium,1,1.2,69.77,28.93,0,North
408,Company_408,Finance,2,4318,1060642,92649,11976987,4289705,Premium,0,1.06,52.75,39.99,1,Central
409,Company_409,Tech,18,253,50956,48068,11035357,1503363,Medio,0,3.48,31.17,80.89,0,North
410,Company_410,Manufacturing,42,58,275060,31270,5894120,905942,Bajo,0,0.1,58.52,27.1,0,Central
411,Company_411,Tech,48,526,256549,21870,566162,1700801,Medio,1,5.81,49.5,74.78,0,East
412,Company_412,Tech,13,22,151882,243175,2915381,1480884,Medio,0,2.12,61.49,39.95,1,East
413,Company_413,Retail,48,96,467218,40820,4385601,1964786,Alto,0,3.22,69.8,23.45,1,South
414,Company_414,Finance,12,274,558796,84984,1392990,2282345,Alto,1,2.04,85.92,86.44,1,Central
415,Company_415,Finance,4,3033,286969,105001,1127665,1563993,Medio,1,1.81,81.34,60.56,0,South
416,Company_416,Retail,45,40,738792,251838,613552,2169649,Alto,1,10.15,95,78.64,1,Central
417,Company_417,Finance,33,3761,123260,39408,1874401,1711578,Medio,0,2.8,48.7,14.99,1,North
418,Company_418,Retail,7,257,263244,80481,2884635,1611841,Medio,0,2.57,58.16,37.95,0,West
419,Company_419,Healthcare,8,267,492287,222320,1859829,2029097,Alto,1,4.9,94.56,60.73,0,East
420,Company_420,Retail,50,4946,220521,90422,692333,2048855,Alto,1,4.0,47.03,24.92,0,West
421,Company_421,Manufacturing,47,4255,48121,10000,5929073,1430265,Medio,0,0.57,73.76,63.56,1,North
422,Company_422,Tech,13,205,627772,374784,367506,3293529,Premium,1,1.21,46.37,71.11,0,East
423,Company_423,Tech,27,190,220375,64603,1580934,1230685,Bajo,0,5.74,24.28,10.41,0,West
424,Company_424,Retail,17,388,1553997,189108,1908330,3624512,Premium,1,1.7,69.63,65.65,1,North
425,Company_425,Retail,16,325,118583,40830,3669520,1001265,Bajo,0,0.88,75.07,49.42,0,East
426,Company_426,Retail,41,212,452942,42212,6695520,1753610,Medio,0,0.1,84.68,56.4,0,South
427,Company_427,Tech,40,91,598653,47405,2770666,2493072,Alto,0,2.3,93.53,60.59,0,South
428,Company_428,Manufacturing,14,285,203081,20706,1825535,723162,Bajo,0,0.88,62.12,65.48,0,North
429,Company_429,Manufacturing,50,35,867214,202208,753164,2047908,Alto,1,1.5,72.35,36.9,1,South
430,Company_430,Retail,30,4526,987871,69137,1822052,2746600,Premium,1,1.47,65.58,49.86,0,West
431,Company_431,Manufacturing,9,28,189901,159414,133145,736678,Bajo,1,3.71,65.83,71.64,0,Central
432,Company_432,Finance,11,4448,150611,10000,1890872,1298638,Bajo,0,1.26,95,61.1,1,Central
433,Company_433,Retail,22,188,523498,292080,3626999,1514887,Medio,0,1.46,78.98,36.64,1,Central
434,Company_434,Retail,5,1585,479667,42722,3783073,1400737,Medio,0,4.08,52.27,63.89,0,South
435,Company_435,Tech,28,1413,877448,197041,4436878,3228256,Premium,0,2.62,70.03,40.51,0,East
436,Company_436,Finance,29,21,434463,95223,4477062,1446266,Medio,0,1.01,73.6,48.35,0,Central
437,Company_437,Finance,13,452,147955,212268,3143078,1765989,Medio,0,4.99,72.56,46.92,1,East
438,Company_438,Finance,27,35,60492,199355,2654813,1441214,Medio,0,6.36,61.98,34.15,0,East
439,Company_439,Finance,31,4349,1106856,47384,3836776,3156107,Premium,0,0.33,66.74,19.38,0,Central
440,Company_440,Tech,37,388,215352,360150,1726147,2907240,Premium,1,3.23,51.67,83.96,0,West
441,Company_441,Healthcare,33,3179,1149057,154829,6158951,3811150,Premium,0,4.01,92.88,77.6,1,South
442,Company_442,Retail,22,449,799180,95349,1252349,1765388,Medio,1,1.48,71.67,31.11,0,Central
443,Company_443,Tech,39,823,1098827,62318,1169591,2838551,Premium,1,2.78,79.34,44.67,1,West
444,Company_444,Tech,50,467,113410,122750,3143344,1624872,Medio,0,1.17,74.65,31.44,0,West
445,Company_445,Finance,7,208,683419,108915,1510038,3180744,Premium,1,1.93,50.17,17.03,0,South
446,Company_446,Finance,27,3934,148427,29990,1681670,1312402,Bajo,0,1.91,26.02,16.27,0,South
447,Company_447,Tech,27,1420,353081,98012,2804900,2120332,Alto,0,1.47,88.88,60.38,0,South
448,Company_448,Healthcare,15,430,91254,42442,4785764,1327178,Bajo,0,3.85,48.6,89.19,0,South
449,Company_449,Tech,26,342,426174,34798,1446682,2403927,Alto,1,8.91,65.56,25.26,0,East
450,Company_450,Manufacturing,28,328,114570,103880,3461963,613816,Bajo,0,2.9,65.2,91.84,0,North
451,Company_451,Retail,50,43,483062,74511,2087173,1885284,Alto,0,0.92,84.4,39.54,1,North
452,Company_452,Retail,39,985,426362,29445,3896650,1424161,Medio,0,2.14,55.74,72.71,0,East
453,Company_453,Retail,31,38,246200,294221,483796,2071098,Alto,1,1.57,36.99,19.96,1,West
454,Company_454,Tech,47,356,823670,333099,6114756,5273631,Premium,0,5.86,70.74,58.07,0,East
455,Company_455,Manufacturing,25,495,602360,374545,3721651,1656992,Medio,0,6.62,61.68,46.47,0,Central
456,Company_456,Manufacturing,48,392,154555,65693,2333832,1284988,Bajo,0,3.11,53.52,55.07,0,East
457,Company_457,Retail,36,429,339145,421301,4195439,2961630,Premium,0,8.06,55.43,43.5,0,West
458,Company_458,Tech,38,309,819870,313183,2238761,3971321,Premium,1,5.04,61.67,68.47,0,East
459,Company_459,Manufacturing,16,391,187273,40966,2532244,1213352,Bajo,0,0.81,64.23,72.3,0,West
460,Company_460,Healthcare,48,33,309081,73000,804219,2092568,Alto,1,4.1,65.37,33.26,1,Central
461,Company_461,Tech,4,274,446365,147108,415450,1270463,Bajo,1,7.96,75.8,64.83,1,East
462,Company_462,Retail,27,44,1650843,10489,3851724,2395283,Alto,0,2.68,60.22,33.74,0,West
463,Company_463,Tech,23,37,157384,42528,4410925,1612703,Medio,0,9.19,61.07,26.09,0,North
464,Company_464,Tech,23,19,598918,27490,3337204,2461697,Alto,0,1.84,60.26,51.2,1,East
465,Company_465,Finance,8,83,280059,45184,1067851,1462267,Medio,1,2.2,66.52,35.24,0,Central
466,Company_466,Tech,49,50,364788,19497,4111997,2104356,Alto,0,10.04,65.74,52.62,1,Central
467,Company_467,Retail,44,4664,481611,76759,1143614,3377525,Premium,1,7.06,78.38,19.08,0,Central
468,Company_468,Finance,1,261,315596,35136,705630,1781358,Medio,1,4.08,83.14,23.14,1,South
469,Company_469,Finance,9,68,412127,42939,1048795,1967613,Alto,1,5.35,42.19,25.81,0,South
470,Company_470,Tech,42,34,134254,36076,2521479,1921436,Alto,0,0.4,66.66,64.36,0,Central
471,Company_471,Tech,7,53,319489,417164,731507,2997528,Premium,1,5.61,70.19,41.21,1,East
472,Company_472,Finance,24,28,669938,10000,850553,2271945,Alto,1,7.69,53.25,48.46,0,East
473,Company_473,Retail,16,22,546696,277308,2018243,1672233,Medio,0,2.34,59.79,23.15,1,West
474,Company_474,Retail,11,314,370588,150914,7028592,1515594,Medio,0,4.65,51.85,21.06,1,Central
475,Company_475,Tech,7,93,30216,16972,1977055,971975,Bajo,0,0.38,62.92,56.58,0,Central
476,Company_476,Healthcare,45,2543,129531,79610,5249760,2203837,Alto,0,1.01,80.02,26.61,0,South
477,Company_477,Retail,6,459,443366,163404,2029372,2126316,Alto,1,3.77,59.4,72.12,0,East
478,Company_478,Finance,6,66,117815,184237,185944,1812382,Medio,1,0.22,72.62,51.68,0,East
479,Company_479,Finance,18,38,733600,123620,8393007,2758238,Premium,0,2.32,95,18.15,1,West
480,Company_480,Retail,40,18,168489,63561,2803315,1490053,Medio,0,1.03,95,31.71,0,South
481,Company_481,Tech,12,2365,141087,164542,3057003,2016486,Alto,0,2.8,77.91,73.08,0,North
482,Company_482,Tech,49,1154,752164,99882,5021960,4011677,Premium,0,10.06,77.92,71.15,0,East
483,Company_483,Healthcare,13,20,49908,106568,841277,1348957,Bajo,1,2.74,51.42,26.79,0,Central
484,Company_484,Tech,31,31,167173,29235,1075786,1459077,Medio,1,3.59,82.65,83.6,1,Central
485,Company_485,Healthcare,14,56,280269,180510,3985709,2432302,Alto,0,2.06,70.56,92.2,0,East
486,Company_486,Healthcare,31,334,282199,243928,3685767,2292511,Alto,0,7.61,75.74,64.56,0,South
487,Company_487,Finance,39,2679,69831,35851,5687714,1770351,Medio,0,10.38,55.24,64.44,0,South
488,Company_488,Manufacturing,19,34,361292,10000,4671248,992081,Bajo,0,0.45,72.28,80.84,0,Central
489,Company_489,Tech,2,30,522436,62301,3458624,2646602,Premium,0,5.99,37.78,11.15,1,North
490,Company_490,Finance,5,16,479970,44257,2337225,1957139,Alto,0,3.51,66.77,24.41,0,North
491,Company_491,Finance,3,24,122962,81503,2224505,1173424,Bajo,0,7.82,51.1,13.26,0,East
492,Company_492,Finance,10,371,957740,145256,928066,3342236,Premium,1,5.21,58.98,70.6,1,Central
493,Company_493,Tech,25,2184,168952,299987,5017195,2729571,Premium,0,0.32,79.88,45.89,0,East
494,Company_494,Healthcare,39,301,425449,377274,126327,2742643,Premium,1,0.1,48.6,43.47,0,North
495,Company_495,Tech,10,23,110229,500000,1000121,2154952,Alto,1,8.16,95,42.07,0,West
496,Company_496,Manufacturing,27,10,560085,12257,1542895,1023932,Bajo,0,3.36,48.19,74.09,0,East
497,Company_497,Manufacturing,35,33,896926,63637,2299002,2492640,Alto,1,2.31,73.07,49.8,1,North
498,Company_498,Finance,23,280,992393,122605,4306002,3236892,Premium,0,4.13,40.32,45.01,0,North
499,Company_499,Retail,11,400,846856,21729,7887708,1738210,Medio,0,2.51,58.48,57.24,1,South
500,Company_500,Retail,20,35,249563,193900,1624546,1031396,Bajo,0,0.39,68.82,35.99,1,Central
