CRIM,ZN,INDUS,CHAS,NOX,RM,AGE,DIS,RAD,TAX,PTRATIO,B,LSTAT,MEDV
3.4002,0,14.84,0,0.7,6.2,29,0.8828,1,390,21.0,333.19,16.3,8.6
0.8082,0,8.84,0,0.51,6.24,50,0.2736,5,557,19.4,264.17,9.85,9.7
1.0856,0,15.79,1,0.47,6.46,95,0.936,24,575,19.3,237.6,18.72,5.6
0.7968,0,-3.67,1,0.46,6.94,97,2.9283,8,557,18.5,451.69,11.6,12.8
6.5723,0,13.45,1,0.63,6.01,2,10.2504,5,699,20.3,192.02,20.93,5
0.5873,0,13.32,0,0.65,6.28,99,2.536,3,318,16.1,459.26,8.91,7.8
2.0018,0,6.01,0,0.57,6.57,10,7.861,6,259,18.6,351.06,13.81,8.9
0.3303,0,9.56,1,0.64,6.71,26,0.7033,24,330,18.1,291.97,13.24,10.8
2.2161,0,-6.91,1,0.4,7.58,86,4.2243,3,381,19.1,397.06,14.63,7.7
10.7951,0,-8.79,0,0.57,6.41,35,0.7616,6,431,17.6,397.85,13.44,11.3
0.4736,0,9.14,1,0.64,5.24,36,1.1032,4,538,15.7,283.96,4.11,19.5
1.0125,0,8.63,0,0.6,5.42,72,0.5343,3,229,20.2,312.42,9.64,14.9
5.1607,0,9.53,1,0.24,6.23,31,0.8407,4,595,14.2,457.11,15.43,7.4
0.3825,0,2.32,1,0.59,5.97,34,0.1513,8,188,18.9,402.09,-3.54,23.4
3.6294,0,14.77,1,0.6,6.83,26,1.8183,8,365,19.1,297.65,15.38,7.0
0.8014,0,19.31,1,0.56,5.21,98,0.8924,5,417,19.7,431.03,7.9,14.2
1.6149,0,2.06,0,0.25,6.74,73,0.9554,2,654,16.2,367.02,3.64,10.0
7.4194,0,19.78,0,0.65,5.92,83,1.0826,24,431,17.7,310.07,7.89,11.1
3.9467,0,5.13,1,0.57,5.69,100,2.9242,1,576,17.1,304.46,14.33,10.5
2.2161,0,4.87,1,0.84,6.74,77,2.77,1,272,19.1,349.7,10.76,10.6
1.5888,0,20.37,0,0.53,5.94,85,0.137,1,440,17.1,416.67,1.33,15.8
3.1153,0,22.8,0,0.41,5.86,11,2.9891,4,291,19.5,503.91,20.8,5
3.611,0,11.11,1,0.62,7.65,57,0.6458,5,682,17.8,377.3,7.77,11.9
3.6773,0,6.15,1,0.28,6.63,3,2.4232,4,274,17.0,367.34,11.6,6.9
1.1616,0,14.32,1,0.54,5.95,44,1.4452,24,464,17.6,406.47,15.42,9.5
2.9686,0,11.41,0,0.65,6.06,92,2.5462,5,233,19.3,468.98,23.11,5.5
0.6793,0,10.77,0,0.43,6.05,81,0.8526,8,648,20.5,380.2,13.48,10.8
1.0247,0,6.02,0,0.43,6.73,6,0.8776,5,651,16.6,179.92,18.1,5
0.8488,0,1.8,1,0.53,5.91,36,2.3136,24,635,18.2,313.11,30.95,5
3.5138,0,1.78,1,0.73,6.14,15,6.5002,6,608,19.4,370.35,9.31,16.9
2.4092,0,15.14,1,0.36,6.59,58,4.7569,4,460,20.8,323.98,14.32,5
2.6784,0,13.1,1,0.55,5.61,51,0.7049,3,258,14.8,154.05,13.12,9.4
2.9472,0,10.85,1,0.48,6.4,43,6.7905,4,579,14.4,525.88,8.53,10.6
2.3258,0,8.76,1,0.42,6.17,44,6.3762,8,511,22.4,351.9,14.44,8.7
0.8604,0,10.12,0,0.51,6.8,49,1.8777,4,608,19.6,508.23,4.65,11.0
0.0315,67,10.41,0,0.54,5.54,47,2.8507,5,209,16.7,469.6,12.19,7.5
3.1137,0,6.83,1,0.68,7.48,82,0.3407,1,503,18.0,450.98,11.33,8.6
1.0606,0,-5.65,1,0.69,6.26,98,11.3207,8,561,16.2,314.04,6.31,14.4
3.3921,0,4.86,0,0.46,6.79,61,8.0039,5,605,16.8,365.59,17.73,6.8
7.2214,0,1.57,1,0.68,6.59,58,10.023,6,288,21.1,532.56,5.31,16.0
0.7946,0,12.19,1,0.49,6.38,99,2.693,4,425,17.8,421.42,6.67,8.3
0.0871,0,2.95,1,0.42,6.2,77,0.3849,4,231,19.3,379.1,11.61,11.0
7.6509,0,12.39,1,0.61,6.71,78,2.5207,24,704,18.9,569.99,20.44,6.2
2.0022,0,5.0,1,0.53,6.04,49,10.2343,24,255,17.6,333.14,14.84,6.9
9.4414,0,6.78,0,0.41,6.94,73,1.5272,5,418,19.6,426.21,-0.31,12.7
0.0204,0,12.33,0,0.37,6.03,22,1.5404,6,273,20.1,238.7,10.28,8.9
2.3938,0,9.83,1,0.56,6.75,17,0.0259,8,366,15.8,260.52,15.72,5.9
1.9103,0,13.13,1,0.48,7.3,90,8.4095,2,634,20.1,385.14,10.79,6.6
0.6136,0,14.41,0,0.68,7.81,20,0.8985,3,449,15.9,473.92,12.31,9.2
8.5968,0,7.06,1,0.53,6.01,66,0.257,24,649,16.0,262.45,14.44,15.4
4.4764,0,7.83,0,0.48,5.64,66,3.4627,1,440,18.7,97.09,6.61,14.1
3.3222,0,13.99,0,0.47,5.64,85,3.9964,8,319,23.8,308.31,24.54,6.3
2.4913,0,15.16,0,0.52,6.28,19,0.5612,5,290,18.6,434.69,28.33,5
0.5584,0,15.45,1,0.4,6.84,59,0.8886,4,503,20.2,420.8,9.51,10.0
1.8081,0,5.21,1,0.72,6.89,99,0.5824,24,337,18.0,323.95,6.12,13.2
4.1808,0,15.06,1,0.71,7.95,62,1.9843,1,268,19.1,412.55,6.64,11.7
0.2162,62,23.06,0,0.61,6.67,2,3.1801,4,613,15.3,361.73,24.54,5
0.0685,0,2.06,1,0.64,7.05,100,2.9068,6,323,15.1,415.33,18.86,8.5
5.5621,0,7.79,1,0.34,5.72,8,6.6947,6,466,16.5,456.44,23.89,5
2.4415,62,2.29,1,0.67,6.38,12,1.3246,5,500,17.8,262.42,10.28,16.2
1.9027,0,-3.08,1,0.56,7.6,58,0.1181,2,428,20.0,313.74,16.53,8.9
4.8002,0,4.13,1,0.59,6.3,73,0.4176,5,643,16.0,301.84,18.19,6.8
0.5713,0,18.18,0,0.44,5.91,61,5.4264,3,275,16.0,420.96,10.79,9.7
1.271,0,9.12,1,0.58,6.67,66,8.053,1,314,18.6,360.12,6.31,14.5
3.2696,0,11.81,0,0.6,5.25,79,1.3731,1,216,19.8,250.48,14.06,14.2
3.4232,0,9.95,1,0.51,5.36,63,2.0815,6,334,16.2,309.89,8.53,12.0
0.3394,0,6.57,1,0.55,6.5,29,2.9183,1,238,16.6,519.44,8.14,11.4
0.175,0,2.79,0,0.51,6.64,81,3.8023,2,318,21.2,425.66,5.24,12.9
0.4913,0,18.59,0,0.6,5.77,22,1.6638,5,531,18.6,352.37,12.29,9.8
1.7959,0,23.97,0,0.58,6.42,8,2.9197,3,576,14.7,321.72,16.48,5
3.6179,0,9.96,1,0.82,7.41,35,3.1393,4,439,17.4,499.46,17.07,7.7
9.0849,0,7.9,1,0.68,5.48,20,1.1438,5,267,17.6,283.01,4.85,13.4
2.9463,0,6.71,0,0.49,7.17,62,2.1634,4,481,16.8,380.9,18.62,6.1
8.4039,62,8.55,1,0.57,6.18,66,2.1038,4,302,16.3,438.26,3.8,12.4
0.7154,0,19.1,0,0.53,7.41,33,0.0228,8,428,18.3,292.3,13.79,5.0
3.6733,0,7.1,1,0.66,7.14,30,0.8245,3,676,19.1,370.52,13.94,7.3
4.6848,27,1.92,1,0.35,5.14,66,0.7528,3,355,17.3,280.6,13.7,10.4
2.0137,0,8.67,1,0.6,5.41,91,0.2196,1,257,21.7,315.47,0.39,14.2
1.9839,0,6.29,0,0.6,5.47,69,0.4541,4,190,18.0,336.92,6.58,13.7
6.937,0,6.85,0,0.49,6.5,88,4.05,1,437,19.9,303.01,12.67,12.9
1.2802,0,29.02,0,0.5,6.55,40,1.0727,3,624,18.7,287.9,9.6,9.4
1.1884,0,16.8,0,0.41,8.63,73,2.5167,8,435,17.2,236.57,9.27,5
0.1345,0,-4.71,0,0.52,5.52,28,1.6841,4,516,20.0,364.2,6.72,15.2
13.2674,0,15.62,0,0.5,6.4,20,0.0545,8,489,16.7,243.43,12.58,9.3
5.7456,0,14.34,0,0.62,5.35,25,8.2923,1,221,19.0,286.27,12.04,11.8
4.2694,0,22.54,0,0.46,6.47,36,5.2814,2,569,21.4,223.59,-1.37,14.6
1.7322,0,11.67,0,0.6,7.47,44,2.7813,2,230,20.0,396.01,14.11,5.2
2.7877,92,-1.86,1,0.46,7.42,12,2.3158,6,241,16.7,188.36,15.98,8.3
3.3515,17,8.44,1,0.33,7.55,12,1.0398,8,344,19.7,309.24,9.41,5
2.697,0,12.62,1,0.47,6.91,33,2.8285,3,576,16.9,313.67,7.08,6.9
1.4935,0,16.26,0,0.54,5.32,81,1.5929,6,637,15.4,272.38,20.54,8.2
2.8591,0,8.09,1,0.27,6.97,39,5.9318,2,605,19.2,314.81,5.4,8.4
3.0371,0,8.59,1,0.59,4.69,70,3.0032,2,298,21.2,291.88,16.15,11.4
0.998,0,17.71,0,0.53,7.09,66,0.5447,1,681,16.2,302.08,5.79,10.3
3.9775,0,8.88,0,0.56,5.95,61,0.8793,8,375,15.4,293.93,20.96,6.1
0.806,0,26.84,0,0.63,6.37,27,2.0389,5,688,18.8,394.95,14.2,10.9
5.602,0,14.3,1,0.44,5.06,67,1.6393,3,579,18.0,428.19,6.97,16.4
10.1109,0,22.26,1,0.51,6.75,23,0.2876,1,412,17.5,363.06,10.61,10.1
0.4005,0,4.9,1,0.59,6.86,29,15.2766,2,440,18.2,444.15,-4.09,18.2
4.1349,0,8.75,0,0.58,6.44,92,1.154,5,284,18.2,254.98,15.39,6.6
0.9481,77,15.15,1,0.59,6.84,97,1.0868,6,652,20.8,491.03,11.11,8.6
2.5483,0,10.91,1,0.47,6.45,45,7.4859,1,234,18.3,455.93,1.12,10.5
0.5771,0,3.36,0,0.28,5.63,41,4.3153,4,626,20.3,281.9,25.44,5.3
0.4726,0,7.43,0,0.42,5.91,98,6.9181,3,257,18.6,397.83,19.78,5
3.8672,0,18.39,1,0.5,6.76,84,0.2934,5,214,22.0,291.79,13.05,6.3
7.6064,0,10.93,1,0.58,6.06,51,6.5731,8,561,18.7,-2.17,0.17,16.0
4.1566,0,7.59,0,0.61,5.8,99,5.9965,2,504,21.0,241.77,11.17,9.7
4.4987,0,7.19,1,0.47,6.76,17,4.9197,1,530,19.9,368.97,11.76,8.6
1.5279,0,13.36,0,0.45,6.13,6,2.683,8,416,17.5,403.19,4.52,12.7
0.6588,67,11.2,1,0.38,4.62,43,0.3012,24,195,17.9,526.55,7.71,17.2
2.6363,47,9.59,1,0.64,5.41,99,3.5697,5,293,11.4,320.05,2.6,16.8
2.8978,0,-0.81,1,0.59,4.62,52,4.0213,6,512,18.3,403.33,4.0,18.0
1.4787,0,5.92,1,0.64,6.92,29,6.0248,6,338,16.6,309.71,15.48,7.6
4.5955,0,15.02,0,0.48,6.72,35,8.3136,2,209,21.1,410.95,21.59,5
1.6082,0,6.0,0,0.47,5.21,80,0.9403,5,697,17.8,260.84,7.16,16.9
3.321,62,11.53,1,0.64,6.4,74,2.3265,8,463,16.9,389.39,18.14,5
5.4699,0,6.85,1,0.76,6.39,65,2.6039,3,689,18.9,350.86,19.68,7.6
5.4054,0,13.86,0,0.7,7.18,14,1.3677,6,326,17.9,353.07,18.28,9.6
1.4711,0,12.3,1,0.62,6.87,100,11.1923,1,373,22.9,517.63,27.34,5
0.9569,0,2.57,0,0.38,6.18,54,2.2647,8,546,18.7,332.45,18.4,7.7
1.2793,0,5.42,0,0.51,6.53,8,0.3559,4,381,17.8,500.47,15.34,5.5
2.6592,0,4.49,1,0.6,5.69,83,1.1501,2,671,20.2,324.67,14.73,11.0
7.2237,0,10.02,1,0.57,6.56,87,1.4043,8,419,19.7,441.5,15.8,6.9
2.1559,0,2.35,0,0.55,7.42,81,0.5317,24,364,17.3,391.82,17.15,6.4
4.3289,77,2.5,1,0.62,6.59,3,5.1479,8,302,18.2,412.81,13.44,8.5
1.4047,0,2.8,1,0.42,5.21,90,1.7123,8,526,19.2,350.71,10.29,13.8
6.1684,0,6.33,1,0.63,7.0,13,0.6939,4,603,21.9,358.83,8.0,13.2
2.0321,0,14.38,1,0.55,5.92,24,10.7732,24,545,15.2,133.23,16.88,6.6
0.772,0,9.89,0,0.54,5.45,41,4.1579,5,620,18.3,291.56,16.17,10.0
1.1074,0,16.88,1,0.42,5.97,78,1.7256,6,330,20.7,335.22,13.67,8.7
2.5498,17,6.09,1,0.56,5.88,18,4.502,3,530,19.2,246.28,8.88,12.7
0.1839,0,29.02,0,0.54,4.87,69,1.1811,1,341,16.9,323.08,21.6,5
5.0311,0,8.62,1,0.35,6.25,13,0.4619,8,626,18.1,281.15,3.99,13.6
3.7644,0,14.63,1,0.51,6.31,10,5.7879,5,484,18.2,362.65,15.19,8.4
7.9134,87,9.5,0,0.55,7.52,50,6.9729,5,236,18.8,346.08,2.64,9.0
0.0312,0,16.75,1,0.63,5.34,67,4.2286,2,476,17.2,278.41,0.52,17.0
2.2863,0,15.35,0,0.59,5.29,94,4.2861,5,423,12.0,317.24,19.21,9.2
0.4106,97,23.56,0,0.22,7.05,95,0.3252,6,374,16.3,314.7,16.97,5
0.6082,0,13.5,0,0.54,6.11,47,3.1503,3,681,18.2,301.73,20.23,7.9
2.7748,0,20.32,0,0.5,6.24,84,1.6198,1,198,19.1,354.28,3.26,12.4
2.0484,62,11.96,1,0.54,6.29,15,1.7219,1,187,21.6,400.38,1.66,12.3
3.0539,0,17.64,0,0.31,5.37,83,11.1212,5,569,19.2,295.0,21.95,5
0.6923,0,5.39,1,0.59,7.17,77,10.4263,3,697,18.8,531.71,15.39,8.5
3.5718,0,20.27,1,0.51,6.61,52,11.0434,5,650,19.7,496.94,13.54,7.3
4.4497,0,12.99,1,0.29,6.44,92,0.4088,6,678,23.5,456.7,22.75,5
0.0428,0,13.56,0,0.62,6.38,59,0.3604,4,585,14.3,421.49,20.91,5.9
0.9649,0,10.12,1,0.67,6.85,26,1.1613,3,263,17.2,359.47,10.66,7.6
0.9813,0,4.53,0,0.44,6.71,64,5.2007,6,261,19.9,302.43,2.12,12.9
0.3215,0,24.68,1,0.51,6.95,73,5.785,1,304,19.5,519.47,15.83,5
1.1081,0,17.19,1,0.55,6.57,12,9.8686,3,194,19.1,381.7,26.15,5
0.2495,0,3.31,1,0.46,7.13,59,3.3161,8,510,18.8,431.71,16.04,5.3
4.8311,0,2.99,0,0.54,5.58,71,1.1651,3,492,22.2,374.78,15.11,12.6
4.5983,0,7.81,0,0.46,6.8,25,3.7054,1,659,19.0,391.77,3.94,14.7
3.7087,0,-1.62,0,0.48,6.5,76,0.5511,6,510,15.5,448.23,8.41,12.7
2.1795,0,8.56,0,0.38,5.36,35,4.4085,2,264,20.9,409.37,13.98,7.2
7.4014,0,14.95,1,0.55,6.66,22,0.658,3,682,19.7,307.97,16.8,7.9
8.3328,0,13.21,1,0.59,6.06,77,3.5313,2,444,13.9,359.95,21.21,5.7
2.3228,0,10.06,1,0.48,5.71,17,3.6069,8,525,20.0,351.81,13.65,10.0
2.8309,0,11.34,0,0.4,6.23,30,5.9137,3,373,19.4,191.01,25.17,5
0.4727,0,11.09,0,0.58,7.51,70,2.3328,2,282,18.4,449.66,16.35,5.0
2.5154,0,21.17,1,0.39,6.46,34,2.1615,4,272,18.1,511.05,13.66,7.0
1.4995,0,8.86,1,0.68,6.08,89,1.6886,4,610,18.9,242.24,-4.37,21.1
1.6924,0,23.51,0,0.51,5.78,53,5.1405,1,351,17.5,344.94,5.89,11.1
4.2972,0,13.86,0,0.6,5.26,68,1.1229,1,709,18.6,423.49,9.56,13.6
0.2369,0,13.17,1,0.38,6.21,2,1.0087,8,705,19.3,529.78,22.84,5
0.0924,0,6.29,0,0.6,6.32,35,0.9512,2,595,21.8,350.34,19.08,10.0
0.7424,0,6.78,0,0.47,6.47,15,0.4257,2,691,20.2,362.76,12.04,7.3
7.5767,0,3.92,1,0.47,5.36,56,2.169,1,701,14.7,435.35,3.14,16.9
0.354,0,12.83,1,0.45,6.51,65,1.8385,8,568,17.7,338.05,26.11,5
6.467,0,3.24,1,0.63,6.47,52,0.3474,3,248,17.2,407.58,8.81,14.3
1.7687,0,2.48,0,0.69,5.87,96,1.9742,2,577,19.2,324.52,0.29,16.5
1.2537,0,7.58,1,0.47,6.98,77,2.4531,24,610,16.8,204.62,16.4,5.3
9.2045,0,11.6,1,0.34,6.13,96,1.1144,3,321,18.6,243.17,9.55,12.5
0.4839,0,12.15,1,0.62,6.46,83,2.5437,6,680,19.2,341.69,8.46,13.7
2.1112,0,15.44,1,0.37,7.19,2,2.6485,4,608,20.8,219.03,22.82,5
3.2723,0,22.71,1,0.62,5.96,10,0.6713,5,300,19.7,261.7,0.97,14.3
1.0454,0,10.25,0,0.41,6.02,65,20.655,24,219,14.8,402.34,12.16,10.2
4.8722,0,-2.65,0,0.79,6.2,41,9.1741,3,230,20.4,242.29,8.82,15.2
5.2726,0,17.49,0,0.52,8.36,99,3.2706,1,551,20.2,408.05,26.84,5
0.7146,0,5.67,1,0.71,6.19,91,2.2451,3,543,17.4,499.02,17.76,9.5
5.7052,0,13.67,0,0.76,5.87,43,4.2552,8,381,18.7,376.76,6.67,12.3
0.23,57,13.78,1,0.57,5.84,79,4.2177,1,400,20.6,389.93,13.91,7.6
0.3557,0,11.47,0,0.82,6.46,97,0.3717,6,656,19.7,371.75,16.66,15.0
7.7592,0,19.74,1,0.5,6.88,32,2.7605,4,571,18.2,386.99,9.52,12.1
1.0763,0,11.32,0,0.4,5.74,76,0.9583,5,494,16.2,524.54,17.97,9.8
1.1908,0,16.99,0,0.68,7.11,17,6.7953,4,198,19.7,209.65,7.61,9.1
0.5543,0,15.58,1,0.67,5.43,52,0.5339,6,271,18.2,366.19,10.45,15.9
2.1857,0,10.58,0,0.56,5.81,89,8.5961,2,302,19.5,321.14,13.76,9.8
0.1531,12,0.83,0,0.4,6.36,68,4.6257,24,331,20.5,150.98,13.03,6.8
3.9749,0,1.34,1,0.52,6.34,42,2.2098,2,377,19.2,296.3,16.03,10.6
0.2134,0,11.92,0,0.5,6.38,82,3.8668,8,433,18.9,281.78,11.9,10.3
3.8406,0,17.3,0,0.39,7.24,74,8.3009,6,256,22.3,268.7,10.85,5
7.4851,0,-1.3,0,0.61,6.45,5,1.4838,24,324,18.5,408.87,20.91,5.3
0.1092,0,17.95,0,0.61,7.16,43,6.7191,4,624,18.2,415.29,6.82,12.6
2.4831,0,18.19,1,0.48,6.9,70,1.6785,1,583,18.6,256.74,10.84,9.8
1.8299,0,20.04,1,0.38,5.37,91,2.6352,8,610,17.9,286.06,5.32,14.2
0.5971,0,10.05,1,0.58,6.36,23,8.111,3,353,20.0,413.03,2.71,14.2
0.4169,0,10.94,0,0.59,5.3,60,1.7596,2,193,16.6,398.26,0.42,21.6
1.1815,0,1.71,0,0.45,6.94,75,5.1597,3,653,19.8,86.07,28.52,5
6.5396,0,11.68,0,0.58,7.04,13,2.2033,5,624,19.0,329.78,14.17,8.3
0.6611,0,6.48,0,0.58,7.32,44,1.4341,4,198,20.1,314.87,7.27,11.9
1.3513,0,18.02,0,0.63,6.25,6,3.4583,24,346,22.5,364.68,18.42,11.9
1.1858,0,15.81,0,0.36,7.26,51,0.6916,2,502,19.5,231.25,12.55,5
0.8117,0,4.76,0,0.54,6.26,26,1.3856,24,504,19.6,333.85,12.87,10.3
2.0967,0,19.6,0,0.5,5.91,58,3.7069,5,339,17.2,518.47,2.16,14.4
9.5653,67,7.55,0,0.56,5.42,13,1.8531,3,643,19.1,528.61,17.0,9.3
5.5862,0,10.3,1,0.43,5.84,25,4.009,6,519,18.3,350.06,12.04,11.9
0.4542,0,7.04,0,0.45,7.05,53,2.9764,4,436,24.8,328.49,21.82,5
5.16,0,13.82,0,0.72,6.76,78,2.072,2,642,23.2,318.62,14.71,12.8
0.0006,0,14.53,1,0.5,5.15,42,1.1877,5,632,19.3,271.11,2.69,16.7
4.1467,0,7.87,0,0.54,4.46,55,0.5585,3,324,17.1,534.31,11.65,15.7
0.8528,0,13.98,0,0.61,7.51,6,12.7579,24,564,15.9,390.66,12.14,7.2
10.764,0,15.8,1,0.79,6.34,60,2.396,24,526,11.6,421.5,23.57,6.1
2.1362,0,13.55,1,0.72,6.02,66,0.2666,5,445,16.7,282.53,13.9,9.9
1.0093,0,7.13,0,0.51,5.48,54,4.9043,4,637,19.4,432.75,5.32,14.6
2.1559,0,17.62,1,0.54,7.23,88,1.2645,1,286,22.5,481.33,9.9,5
1.654,0,13.78,0,0.56,5.42,69,0.3657,24,546,17.2,504.58,15.44,11.1
3.5609,0,35.16,0,0.6,5.68,83,2.0137,5,624,20.5,412.78,17.26,5
18.3705,0,18.44,1,0.45,6.5,71,4.8802,4,295,18.8,274.36,0.88,10.5
7.8329,0,17.24,1,0.68,7.04,74,2.5546,6,528,19.5,218.69,10.52,10.3
0.1338,0,13.75,1,0.77,6.12,82,1.9207,4,330,16.7,400.75,9.69,14.5
0.7928,0,14.71,0,0.61,6.29,81,0.1563,3,201,15.3,347.75,18.6,5
5.3511,0,4.42,1,0.6,7.79,77,0.635,2,310,15.3,273.75,7.28,10.7
5.2189,0,17.07,0,0.65,5.45,100,2.1543,3,398,16.8,345.83,-0.08,19.1
3.1563,0,18.03,1,0.51,6.32,82,3.5894,5,241,18.4,383.76,15.03,6.8
5.4518,0,10.37,0,0.66,6.95,43,1.8104,6,422,19.9,448.47,6.26,12.1
0.522,0,10.12,0,0.54,6.07,44,0.4535,1,474,18.3,141.02,18.51,8.2
0.6208,0,19.39,0,0.67,5.32,96,6.868,4,522,18.2,342.57,12.69,9.8
3.9763,0,10.25,0,0.62,5.77,32,3.477,2,203,18.4,579.39,10.22,14.6
5.1999,0,16.14,0,0.67,5.32,36,3.9917,4,269,19.1,495.06,20.34,5.8
2.0872,0,9.04,0,0.61,5.65,71,0.4018,24,401,22.1,81.4,12.67,9.1
2.0074,0,11.37,1,0.53,6.98,10,0.6956,24,276,16.6,417.09,22.0,5
11.6416,0,20.85,1,0.52,6.03,31,6.005,6,608,19.3,443.14,16.84,6.9
2.792,32,-0.03,0,0.44,5.98,23,3.2133,3,479,17.2,410.81,14.2,8.8
4.0935,0,7.65,1,0.12,6.35,5,1.7282,24,335,18.8,388.63,22.6,5
2.1732,0,1.36,1,0.46,5.77,26,2.919,4,471,17.4,524.93,10.11,12.6
0.1923,0,9.04,1,0.51,5.9,59,6.9129,2,407,19.9,186.2,22.4,5.5
0.7764,0,12.74,0,0.33,6.07,92,2.7971,3,391,16.8,364.78,7.26,10.2
0.0082,0,4.32,1,0.32,5.99,90,3.4501,1,309,20.3,314.46,11.57,10.7
4.4012,0,15.95,0,0.41,6.66,8,1.0613,8,551,16.3,379.5,2.72,14.1
0.6096,0,14.18,1,0.35,6.33,64,1.7701,3,291,16.6,385.51,21.17,5
8.2577,0,10.64,1,0.42,5.38,17,0.8383,3,419,17.7,486.58,16.16,5.1
1.881,0,11.17,0,0.6,5.21,5,0.3172,5,543,15.0,469.26,12.66,16.8
2.5085,0,5.84,0,0.43,6.69,77,0.6824,2,372,18.0,295.53,8.42,10.3
1.4941,0,11.72,1,0.55,6.1,89,12.4573,24,418,18.8,424.39,11.69,10.2
1.9212,0,13.41,1,0.5,7.16,78,6.1936,8,312,16.9,355.41,20.46,7.5
9.5622,0,10.27,1,0.42,5.41,31,3.2995,3,217,21.1,389.02,14.22,13.6
0.7519,0,10.95,1,0.69,5.47,50,1.948,1,220,15.2,263.9,8.91,16.5
2.2481,0,16.2,1,0.57,5.58,77,11.7867,6,478,17.9,264.54,10.49,10.8
1.4425,0,6.99,1,0.76,5.55,45,0.6202,6,225,17.5,463.75,3.38,17.4
2.833,77,10.55,0,0.48,6.78,80,1.1866,8,393,18.4,363.85,11.08,9.6
6.197,0,12.52,1,0.53,6.31,86,2.588,4,611,17.6,325.13,30.39,5
10.9108,0,18.19,1,0.44,6.24,97,3.8539,5,632,16.3,531.33,18.27,5
3.8703,0,9.72,0,0.47,7.32,6,0.7521,5,326,16.8,379.52,24.87,5
0.219,0,25.51,0,0.42,6.84,75,4.4202,2,444,18.5,424.71,-0.76,16.5
4.5414,0,7.21,0,0.72,5.58,64,2.5414,2,511,18.8,301.17,16.59,10.9
1.2281,0,23.14,0,0.74,5.6,41,3.3958,6,311,18.7,346.94,19.78,5
0.5821,0,24.09,1,0.63,6.26,44,4.2122,2,351,19.9,297.87,26.95,5
0.1784,0,4.18,0,0.46,5.68,93,11.6515,3,607,20.0,343.25,3.4,13.3
0.6692,0,27.32,1,0.34,5.64,56,3.0576,3,278,18.7,373.8,12.51,8.6
4.5739,0,2.93,1,0.45,5.58,84,2.0426,1,667,16.6,452.23,21.39,7.5
0.3338,0,10.46,0,0.59,5.84,65,8.8798,24,322,18.2,351.37,8.49,10.5
1.0182,42,15.27,1,0.53,6.86,21,2.704,24,241,16.4,257.43,12.49,7.7
4.2404,0,16.4,0,0.84,6.53,29,2.9199,1,371,18.2,485.62,19.42,7.1
10.0681,62,8.82,1,0.75,5.07,78,3.5765,6,231,16.3,369.69,10.35,14.6
0.6534,0,16.05,1,0.37,6.51,64,5.3832,5,321,18.0,330.14,11.53,5.3
0.3152,0,20.67,1,0.58,6.9,88,0.8463,3,694,18.8,233.87,15.76,5
2.8019,0,2.81,0,0.52,6.88,76,0.2844,1,303,20.0,234.39,16.18,10.3
1.9925,77,16.49,0,0.4,6.22,52,0.4136,3,675,18.3,452.27,16.49,8.5
3.9111,0,21.76,0,0.38,6.62,82,6.5109,4,275,17.2,351.85,7.87,7.8
2.9334,0,-3.45,1,0.64,7.0,72,23.1149,1,686,17.8,311.44,13.47,14.6
0.4145,0,19.07,1,0.41,5.74,31,2.3618,6,666,16.7,515.07,26.41,5
4.6111,0,10.75,0,0.57,6.0,8,24.035,6,454,17.9,327.68,6.73,12.0
1.4629,0,18.32,0,0.57,7.17,15,5.7835,1,706,14.8,280.36,11.18,8.9
3.4718,0,15.37,0,0.53,6.73,62,1.3917,3,274,15.7,320.19,0.21,14.7
0.495,0,9.24,1,0.74,6.0,93,5.4706,2,273,17.6,431.13,11.27,10.4
4.022,0,14.88,1,0.62,6.73,28,7.285,24,540,18.1,323.83,5.37,13.5
16.0628,0,3.96,1,0.57,7.17,32,5.9505,5,619,16.1,386.71,6.18,13.3
13.5721,72,18.05,0,0.51,7.5,88,0.5026,8,440,15.7,139.26,11.96,5.9
0.3226,0,19.91,1,0.5,6.58,58,3.8934,24,613,19.8,154.47,-2.46,16.5
0.7969,0,20.05,0,0.59,5.24,7,2.4659,2,567,17.4,162.67,9.33,8.5
0.007,0,-3.03,1,0.54,6.21,50,2.1493,3,328,18.5,341.81,19.12,10.8
1.7567,0,18.27,0,0.69,7.8,75,3.3152,5,313,19.0,511.09,13.65,6.6
3.579,0,15.56,1,0.37,5.78,64,6.6011,1,535,18.1,438.25,9.31,8.3
0.5184,0,14.81,1,0.59,6.66,14,1.2857,8,518,16.3,272.28,13.65,7.1
2.6849,0,10.68,0,0.58,6.51,74,1.7404,2,699,20.6,221.51,10.11,10.5
6.0979,0,7.87,0,0.48,5.77,73,22.4777,8,402,16.5,322.74,18.14,6.4
3.0503,0,23.96,0,0.8,5.3,92,2.2378,8,270,21.3,513.87,15.8,10.5
4.8696,0,9.07,0,0.52,6.5,93,0.8331,24,558,15.4,436.85,14.47,6.5
0.623,0,15.42,0,0.43,6.41,68,4.3509,5,383,19.7,321.19,24.93,5
1.7412,0,15.06,1,0.55,6.58,55,2.5339,6,192,17.9,437.06,10.41,10.1
1.8851,0,13.97,1,0.64,5.53,8,5.7464,4,261,21.0,466.05,13.64,6.9
0.2241,0,10.09,0,0.57,6.14,98,1.765,1,651,16.6,511.77,18.82,6.2
0.3612,0,17.29,0,0.55,6.24,25,0.9286,1,248,15.4,361.88,8.5,11.2
2.1133,0,8.01,0,0.56,5.74,73,6.523,8,539,17.2,281.53,14.39,10.8
0.5902,0,10.39,0,0.62,5.64,100,10.1629,6,571,17.3,476.02,6.09,12.4
4.8348,0,7.68,1,0.62,6.38,4,0.6456,5,290,16.5,315.95,23.56,6.1
1.5838,0,7.17,0,0.67,6.01,33,0.1824,5,316,20.2,232.55,14.7,10.8
3.4528,0,7.86,0,0.49,7.12,65,2.14,8,224,18.3,279.59,10.85,10.0
0.2952,0,2.01,1,0.55,6.2,49,5.4407,6,466,18.0,238.82,10.76,14.0
3.4395,22,7.52,0,0.47,6.01,100,3.8352,5,382,17.9,392.21,11.91,11.1
1.6889,0,14.39,0,0.57,7.41,61,1.3884,2,507,20.6,474.48,7.59,11.4
4.4622,0,7.69,1,0.72,5.72,74,5.1293,3,344,19.7,507.58,10.48,13.1
1.3292,0,13.4,0,0.37,6.28,10,8.0767,8,477,17.1,362.98,4.94,12.7
7.7971,0,5.41,1,0.75,5.34,41,2.9517,24,469,17.4,377.73,7.83,16.3
0.1329,0,9.25,1,0.42,7.02,24,7.6741,8,655,17.3,390.27,15.09,7.3
7.1393,0,19.57,0,0.69,6.66,49,0.2654,2,703,19.9,345.75,12.74,10.7
4.5675,0,9.75,0,0.6,6.68,61,0.2356,4,635,19.9,286.94,11.18,12.9
0.5555,0,-2.54,0,0.54,6.64,86,4.2008,2,586,19.7,372.12,10.76,14.4
0.2175,0,6.21,1,0.56,5.73,81,0.7736,8,625,16.8,328.91,10.88,11.4
0.2277,97,3.93,0,0.44,5.71,15,4.1555,3,444,19.5,538.11,-2.13,17.5
3.1262,0,9.75,0,0.55,6.65,32,4.4636,4,268,16.1,318.57,25.25,5
3.439,0,5.54,0,0.34,6.06,8,7.904,4,414,19.1,306.07,6.21,12.2
0.7614,0,2.31,0,0.49,6.69,94,0.7336,8,367,19.0,295.99,9.89,10.2
3.1335,0,28.33,1,0.39,7.55,21,2.6829,3,450,17.9,278.71,12.25,5
8.2617,0,16.32,1,0.5,6.71,54,7.2094,2,581,22.2,274.73,15.17,5
1.8391,0,21.19,0,0.66,5.77,89,0.5314,4,352,24.5,317.4,22.6,5
5.9016,0,15.61,1,0.62,6.73,20,1.0446,4,594,16.3,334.01,8.13,9.7
0.4808,0,7.81,0,0.3,6.76,54,1.9371,2,357,18.3,139.37,9.49,10.2
2.218,0,7.57,1,0.61,6.01,48,3.6462,8,245,20.6,453.71,16.62,8.5
6.797,0,9.72,1,0.39,5.92,79,2.209,2,543,14.9,407.79,8.33,11.1
6.4784,0,-0.2,0,0.42,6.77,23,7.5577,2,680,19.2,173.56,14.71,6.6
0.5821,0,6.48,1,0.6,6.83,30,8.9501,2,538,17.0,415.58,16.5,6.4
0.3059,0,6.3,0,0.61,5.22,50,2.8673,1,505,15.3,311.66,23.18,7.6
0.8374,0,-1.02,1,0.69,6.17,20,4.582,1,514,19.9,457.61,16.53,12.9
5.8653,0,-1.49,0,0.82,5.0,22,15.7253,8,532,18.0,317.09,17.94,11.3
5.2225,72,4.19,0,0.53,6.9,97,0.7258,1,557,20.3,284.14,17.03,6.2
0.9185,0,5.13,0,0.6,7.43,86,0.3129,24,578,16.3,332.46,2.79,14.4
0.0777,0,22.24,0,0.62,6.25,57,1.1811,3,288,16.4,478.26,8.8,9.1
5.1002,0,10.71,0,0.62,6.52,78,3.9605,1,644,19.7,283.0,3.3,17.7
1.5062,0,13.53,0,0.74,7.3,58,0.5022,24,507,24.1,306.01,8.73,12.5
0.6945,0,16.45,0,0.58,6.11,81,1.8274,5,453,14.3,338.98,7.46,13.6
0.2439,0,3.45,0,0.65,6.66,22,1.814,3,510,21.5,221.19,10.13,11.3
8.6626,0,13.55,1,0.42,6.42,36,3.1171,1,361,16.0,487.4,17.86,5
0.9995,0,11.19,0,0.38,6.57,33,3.7796,8,655,20.6,294.84,18.03,5
0.3149,0,4.31,0,0.66,6.23,56,3.7674,3,678,18.5,415.02,2.31,16.8
17.179,0,20.68,0,0.85,6.34,11,1.5246,3,548,21.2,325.88,6.08,15.8
1.185,0,13.6,1,0.58,5.2,40,1.456,1,545,20.1,330.73,12.5,11.8
0.4407,0,5.33,1,0.48,5.46,58,0.5885,6,631,19.3,317.24,11.18,11.7
3.8163,0,2.07,1,0.56,6.97,16,10.5415,1,316,16.1,410.67,15.85,7.1
2.218,0,8.77,0,0.33,4.61,27,2.1408,2,701,19.0,505.29,7.8,12.8
0.7114,0,8.69,0,0.67,6.4,31,0.8358,8,677,15.9,399.86,18.4,7.0
1.0958,0,5.12,1,0.51,6.75,44,1.4906,6,567,17.3,370.42,-0.16,15.5
11.508,0,15.72,1,0.56,5.02,7,0.4559,8,445,21.2,318.41,14.37,10.4
2.4728,0,15.19,1,0.6,5.04,90,0.7032,8,693,23.4,419.56,18.2,8.3
0.5812,0,12.12,1,0.55,5.97,17,0.6256,1,430,16.5,451.55,-0.52,18.4
0.4781,0,4.56,1,0.91,7.82,15,4.2743,8,450,22.0,399.37,8.01,14.5
4.6598,0,8.6,1,0.27,5.7,25,5.6355,3,380,22.7,286.51,-7.27,21.6
0.6936,0,4.19,1,0.38,7.72,79,0.3502,8,208,20.1,392.39,8.16,5.9
1.0374,0,4.22,1,0.38,5.07,30,8.4903,8,302,15.5,319.13,9.48,12.1
0.6671,0,-1.62,1,0.59,6.92,65,3.6131,5,265,17.1,315.04,4.49,14.9
1.3005,0,4.79,1,0.55,6.49,85,8.4866,8,615,18.9,353.51,9.06,13.0
4.9959,87,21.04,0,0.51,6.96,62,10.5366,2,248,20.7,251.66,21.58,5
0.7889,0,9.49,1,0.46,6.51,78,6.813,1,337,18.0,202.74,17.03,5
4.5958,0,21.17,1,0.52,6.45,22,0.0364,8,652,19.6,487.36,16.96,9.0
0.4456,0,9.73,1,0.29,6.75,90,2.1064,6,601,19.8,490.02,8.49,5
6.2492,0,7.26,0,0.33,6.75,72,0.751,1,433,19.0,236.73,8.26,5
4.3116,0,13.7,1,0.71,6.31,5,2.9491,8,675,20.5,317.38,8.74,15.1
0.5853,0,11.72,1,0.54,5.63,57,0.1361,8,431,15.9,395.7,16.87,11.3
11.5735,12,20.47,1,0.45,6.12,24,4.1338,24,451,20.1,499.89,10.3,8.3
3.8042,0,0.69,1,0.47,6.31,89,0.1454,1,437,20.1,295.73,9.13,13.0
6.9091,0,1.86,1,0.45,6.08,53,1.3286,6,537,19.8,254.6,15.08,5
1.4954,0,16.38,1,0.58,5.43,40,6.899,24,616,18.8,134.38,4.91,13.1
1.8106,0,12.97,1,0.45,6.17,78,0.7378,3,518,21.7,565.34,12.59,11.7
1.0163,0,15.57,1,0.62,5.06,23,3.0622,4,543,17.3,324.16,9.17,15.2
2.3047,0,9.41,1,0.57,5.74,56,1.5567,3,633,15.9,408.33,5.74,10.5
3.1926,0,14.27,1,0.55,7.66,29,0.8405,24,577,20.9,441.55,26.4,5
9.3568,12,6.37,1,0.57,6.04,75,16.4591,4,587,15.5,369.95,12.97,10.5
5.1126,77,15.82,1,0.48,6.1,77,0.5537,2,578,19.7,386.6,26.69,5
0.1771,0,14.95,0,0.46,5.95,11,2.2723,6,399,17.8,402.81,17.12,7.2
0.1065,0,14.02,0,0.56,5.15,70,0.0777,3,408,17.1,195.31,19.81,6.6
1.4285,0,14.42,1,0.3,6.98,27,3.8725,5,589,18.9,190.77,11.16,6.5
1.2794,0,13.26,1,0.48,5.15,77,1.7577,6,594,15.6,332.05,15.6,10.5
1.2786,0,14.31,1,0.74,5.95,69,0.8174,5,263,19.2,406.34,17.29,6.3
0.1597,0,9.92,0,0.6,6.39,61,1.1153,8,224,22.3,213.19,9.9,9.6
1.6659,0,22.47,0,0.44,6.75,43,6.5869,8,418,17.1,455.51,-0.82,10.9
3.1623,87,6.2,0,0.57,6.05,76,7.2915,8,644,19.7,278.41,12.43,12.6
0.321,0,8.33,0,0.67,5.92,65,0.2072,1,408,18.3,353.08,28.42,5
9.6308,0,10.35,0,0.66,7.21,53,0.694,5,620,16.8,520.2,16.47,8.6
0.0967,0,11.57,0,0.53,6.31,8,1.9407,6,287,16.0,438.9,8.07,9.6
2.437,0,17.15,0,0.42,5.44,93,1.7282,8,290,19.8,291.52,18.19,8.1
6.3812,0,6.42,0,0.45,4.88,87,2.1453,6,208,17.0,491.77,12.41,14.3
0.6103,0,14.67,1,0.51,6.27,3,5.8627,5,528,18.9,462.71,25.16,5
0.934,0,15.13,0,0.61,4.84,69,0.641,6,526,17.9,206.73,7.74,14.6
11.4894,37,8.94,0,0.55,6.25,39,3.2587,3,497,18.5,297.32,3.76,11.6
5.9881,0,6.41,1,0.67,7.55,13,4.1632,3,388,15.6,445.96,16.09,5
7.4508,0,12.41,1,0.6,6.6,27,0.959,8,391,17.8,384.0,13.48,11.2
0.4974,0,15.7,1,0.54,6.14,5,8.1226,1,618,18.9,544.56,17.34,8.0
4.7989,0,10.49,0,0.35,7.19,90,1.3414,1,311,21.0,395.46,8.46,9.5
0.8434,0,12.98,1,0.72,6.33,15,2.1399,24,587,19.4,557.2,15.08,10.2
5.6893,0,4.63,0,0.54,6.27,52,1.6249,2,662,18.0,220.27,13.38,7.8
7.4566,0,3.74,1,0.73,6.67,22,1.4759,4,544,21.4,358.47,0.43,17.8
6.522,0,-0.21,1,0.69,4.98,66,4.9781,5,319,20.2,386.33,2.97,19.4
1.3035,0,14.66,0,0.63,5.6,6,6.2534,2,639,20.8,263.33,13.71,9.2
1.1233,0,16.14,0,0.65,5.7,95,3.4262,24,381,21.2,349.67,15.82,9.2
0.245,0,1.73,0,0.45,6.48,30,5.7407,5,444,17.9,425.04,7.13,9.9
3.1494,0,9.72,0,0.82,5.33,27,1.3576,1,329,16.1,350.82,14.57,12.7
1.7942,0,12.47,1,0.68,6.33,57,2.1644,4,208,19.7,383.2,12.25,10.3
4.0281,0,3.26,1,0.5,6.96,13,2.9608,4,609,20.8,539.15,7.36,9.9
3.1057,0,16.51,0,0.44,6.28,47,7.5975,4,641,19.9,406.69,3.36,12.5
7.6895,0,21.53,0,0.48,6.67,49,4.3022,3,223,19.4,235.82,4.85,8.6
0.2943,0,17.91,0,0.67,5.63,8,3.6,1,543,19.8,425.47,16.48,12.5
5.0869,0,26.74,1,0.56,7.44,35,0.5913,8,665,16.6,366.09,9.31,6.0
5.0841,82,4.16,1,0.68,5.43,83,6.2,4,605,16.5,324.98,-3.83,18.0
0.5296,0,13.44,0,0.42,6.19,72,4.2119,1,452,18.6,309.51,12.69,6.3
2.8161,42,17.64,1,0.64,5.32,44,12.3095,6,668,20.7,240.13,9.65,13.5
0.792,0,11.59,1,0.7,6.59,21,1.5993,2,266,20.2,362.92,16.37,8.5
0.7231,0,7.71,0,0.47,4.74,54,1.4974,6,704,16.2,352.79,17.06,11.8
7.9994,0,12.18,1,0.64,5.52,66,13.6307,24,389,16.7,321.46,20.12,7.3
4.1491,0,-0.18,1,0.6,6.74,59,8.0516,24,633,17.1,286.14,24.29,5
1.5901,0,-2.99,1,0.49,7.05,76,2.3658,8,479,17.6,297.41,26.81,5
3.1858,0,8.8,1,0.47,6.95,35,14.9745,2,424,19.2,386.93,24.97,5
5.9269,0,20.22,0,0.6,6.11,30,4.332,6,347,18.5,397.86,23.95,5
5.2695,0,2.59,0,0.42,6.87,27,1.0276,3,683,22.5,313.65,13.48,5.6
1.0176,0,13.06,1,0.54,5.75,31,6.9325,24,688,20.2,313.03,6.39,10.9
1.2802,0,7.96,0,0.66,7.02,54,3.8742,1,484,17.5,448.71,13.7,9.9
5.5188,0,-2.88,1,0.55,6.47,59,1.7577,3,398,19.6,230.23,5.99,12.9
4.8416,0,14.87,1,0.67,6.67,22,8.0508,6,610,14.8,252.93,12.38,8.8
4.9341,0,17.04,1,0.5,6.84,3,4.5244,3,284,22.4,234.96,9.27,9.0
1.0676,0,12.47,1,0.57,7.35,33,1.6064,24,590,19.8,368.47,18.49,5
1.2398,0,5.15,1,0.57,5.58,68,4.2795,4,247,19.7,311.55,6.42,15.2
0.0186,0,3.02,1,0.56,6.57,92,2.199,2,294,18.2,359.54,12.45,10.1
6.9106,0,9.28,1,0.66,4.37,74,3.5015,3,484,18.6,418.33,12.91,12.5
8.728,0,-3.15,1,0.38,7.13,26,0.7408,2,656,17.9,350.21,8.53,7.0
8.7647,0,7.72,1,0.59,5.66,86,0.7546,3,292,19.6,314.77,21.24,8.6
4.9277,0,18.42,1,0.48,7.64,20,0.6004,1,518,18.0,227.57,7.47,11.1
1.4616,67,11.56,0,0.79,7.23,64,3.9592,5,310,18.9,331.68,9.58,13.6
0.8017,0,5.07,0,0.45,5.41,44,0.3295,6,446,18.5,255.56,15.43,8.6
2.8302,0,10.78,0,0.65,5.54,17,0.1923,1,508,15.5,374.1,5.02,19.2
9.626,0,7.98,0,0.55,5.4,37,3.1261,8,364,21.4,455.97,13.42,10.5
0.3001,0,6.83,1,0.81,5.76,12,6.9906,4,502,21.7,433.48,16.14,10.5
1.2638,0,16.54,0,0.46,6.62,64,1.4625,6,544,20.5,520.36,13.81,6.1
3.8192,0,-0.7,1,0.46,6.53,19,2.099,6,568,19.1,448.45,5.19,14.6
2.151,0,12.97,1,0.48,6.98,75,3.9527,8,671,20.0,326.11,15.66,5.7
4.9585,0,9.77,0,0.61,7.12,100,0.5084,6,656,17.8,386.97,6.91,10.6
0.558,0,17.63,1,0.57,5.65,50,5.933,4,285,17.9,469.23,9.7,16.5
3.0289,0,0.95,0,0.4,6.81,45,2.3202,1,594,22.5,286.42,6.46,9.5
1.8487,0,4.01,1,0.53,7.62,61,5.4703,6,290,19.4,413.1,3.56,13.5
1.8299,0,7.81,0,0.66,6.2,62,4.1496,6,301,18.7,388.1,13.95,14.4
2.0232,0,10.56,1,0.54,6.49,56,1.3723,5,211,18.7,333.26,6.81,12.5
0.1243,0,9.49,0,0.46,6.23,46,11.901,4,656,16.2,542.32,2.77,15.0
3.3755,0,10.05,1,0.73,6.6,33,3.95,1,570,18.8,449.74,15.39,9.4
1.6954,0,13.94,1,0.27,6.56,61,3.0466,6,286,17.9,240.98,22.13,5
1.6424,0,2.12,1,0.63,7.15,70,3.9881,8,448,17.5,368.08,1.86,15.0
4.6324,0,13.16,0,0.61,5.87,98,12.0841,24,427,17.6,258.73,8.7,7.3
4.8539,0,8.73,1,0.49,5.83,52,0.8501,8,693,19.7,453.15,21.78,6.2
2.8929,0,20.66,0,0.58,6.75,4,1.3102,4,357,19.0,254.59,16.73,5
6.9222,0,9.84,0,0.5,6.9,61,2.049,24,434,18.5,380.28,0.51,18.5
18.038,0,2.15,1,0.72,6.96,70,4.1815,24,679,19.3,139.77,15.37,10.5
6.2593,0,26.85,0,0.62,6.52,33,5.2915,4,457,14.6,354.26,8.51,9.4
4.0084,0,1.96,0,0.46,6.07,93,0.5744,5,673,20.7,208.28,18.41,7.4
0.0405,0,21.43,1,0.5,6.51,68,1.5633,24,360,21.0,351.97,14.77,5.3
0.5421,0,26.84,0,0.5,7.01,31,4.508,6,220,18.1,327.47,13.98,5.6
0.986,0,16.56,1,0.48,7.39,10,7.8865,3,497,16.5,387.94,11.67,8.0
3.3495,0,10.53,1,0.41,5.63,74,0.0322,8,301,19.9,410.17,19.23,5.8
3.3244,0,11.18,1,0.45,5.71,66,1.2311,24,301,18.4,495.86,11.43,12.8
3.386,0,15.8,0,0.62,6.3,69,2.1281,5,402,18.8,376.4,21.33,6.7
9.0024,0,8.76,1,0.65,5.77,99,1.7993,8,243,21.0,396.31,16.29,9.3
5.2168,0,13.67,0,0.59,6.01,22,1.3125,24,668,20.1,370.29,4.49,14.5
1.1147,0,1.63,1,0.59,6.43,43,2.8345,5,485,19.3,475.21,21.2,10.0
0.8061,0,10.29,1,0.42,6.6,64,5.3332,1,711,17.5,442.55,13.25,6.8
0.2619,0,12.89,0,0.58,6.52,11,4.8574,8,470,17.4,323.65,14.25,12.0
9.8875,0,9.32,1,0.53,5.28,43,2.5336,4,550,18.8,276.6,2.33,14.7
0.2393,0,6.72,1,0.64,5.34,27,0.7674,8,314,16.8,239.99,17.63,9.5
14.033,57,11.16,0,0.51,6.06,10,1.8981,5,421,19.3,264.18,4.93,12.7
0.9545,0,2.85,0,0.77,6.04,22,1.8114,3,342,22.9,283.2,12.56,17.8
1.0271,0,0.31,0,0.49,6.34,3,1.4291,4,281,18.2,492.63,2.59,13.4
5.5257,0,6.73,1,0.33,5.88,93,0.3379,24,387,15.9,411.61,20.04,5.9
3.1818,0,6.97,1,0.62,7.1,99,7.6597,6,619,18.0,603.28,27.47,5
12.9628,0,15.22,1,0.36,6.83,75,1.7343,4,651,19.4,273.21,-5.58,10.8
2.2272,0,10.42,1,0.62,6.89,5,11.1513,3,283,16.8,220.96,-6.76,17.6
13.8495,0,20.47,0,0.64,5.86,21,2.7585,1,558,18.9,189.31,24.08,6.2
10.3467,0,16.96,1,0.54,5.63,41,0.7805,2,247,19.5,352.46,22.04,5
2.9835,0,18.69,1,0.51,5.63,15,4.923,24,424,19.3,348.34,9.98,13.7
7.3916,0,13.65,0,0.8,7.76,30,2.4663,2,558,18.4,344.83,27.96,5
1.3291,0,15.85,1,0.45,7.07,79,6.0551,8,578,21.7,399.03,19.35,5
3.4718,0,20.91,0,0.67,6.51,74,0.6645,6,288,17.3,220.5,19.92,6.6
11.2312,0,10.32,1,0.66,6.68,73,4.9107,6,597,22.5,253.64,4.98,14.4
11.2619,0,15.39,0,0.59,6.3,50,0.7528,24,546,17.5,330.28,7.2,12.2
1.1709,0,11.76,0,0.48,7.26,53,6.3732,3,535,18.7,441.66,13.52,5
3.6706,0,14.0,0,0.48,5.69,4,6.4954,24,636,17.8,374.09,22.57,8.7
12.8983,0,-3.1,1,0.63,4.74,32,1.2863,6,265,16.6,446.08,12.18,17.8
4.2445,0,15.97,1,0.57,6.58,57,0.2228,3,209,19.0,250.12,17.78,6.7
4.2298,0,7.47,0,0.53,6.61,74,5.3385,8,334,20.7,452.29,16.15,5
0.586,0,3.43,0,0.51,5.91,89,1.6338,8,577,19.3,328.94,6.66,16.2
0.6801,0,5.46,0,0.42,6.33,79,0.2094,1,569,17.6,464.45,10.98,6.4
2.2985,0,5.83,0,0.6,6.85,21,5.6132,24,218,25.0,425.71,8.16,10.4
3.1661,0,11.94,1,0.43,6.25,7,1.4789,24,288,24.5,389.02,13.67,8.5
0.4853,0,9.43,0,0.55,5.88,51,1.2171,5,243,18.6,456.66,23.13,5.6
4.4807,0,8.87,0,0.76,6.14,24,2.3693,1,406,16.7,228.68,1.23,13.0
5.9322,0,1.51,0,0.37,6.5,56,3.8022,5,396,20.9,234.11,-4.29,17.4
4.8575,0,13.52,0,0.55,5.38,90,1.6928,5,478,20.2,423.33,18.4,6.0
0.1212,0,4.92,1,0.28,6.79,80,1.5449,3,639,18.8,294.5,7.53,11.3
10.0135,0,8.75,0,0.52,6.03,25,3.2892,6,636,15.6,490.59,9.56,11.8
0.3936,0,8.68,0,0.62,5.99,30,4.7874,1,262,18.3,299.42,-2.55,16.8
0.9591,0,4.29,0,0.47,5.83,95,0.6386,8,450,20.6,253.09,18.12,6.0
6.1114,0,5.1,1,0.54,7.31,45,1.3151,8,323,19.5,301.38,17.62,8.4
4.8127,0,8.83,1,0.59,6.46,29,1.3734,3,580,21.1,250.07,22.0,6.3
5.3788,0,9.0,0,0.66,6.86,69,4.4307,1,286,19.6,301.41,-5.54,20.4
2.1484,0,5.4,0,0.65,6.08,81,1.757,24,474,16.3,402.18,10.3,16.2
8.9094,0,12.56,0,0.67,5.9,21,0.3921,4,515,15.1,425.33,24.09,6.6
15.9724,0,16.22,1,0.41,5.16,91,1.2207,24,630,17.7,393.31,13.87,7.2
1.6389,0,17.81,1,0.49,7.33,92,1.3958,6,454,18.9,394.08,12.72,5.6
5.3892,0,21.17,1,0.75,5.2,60,3.3232,6,295,18.9,437.77,15.49,10.5
0.7867,0,3.57,0,0.54,5.77,88,2.9868,1,640,17.1,234.62,15.24,8.3
16.0862,0,3.29,1,0.59,5.85,46,4.4323,1,444,17.6,220.77,17.99,14.8
