PassengerId,Survived,Pclass,Name,Sex,Age,SibSp,Parch,Ticket,Fare,Cabin,Embarked
1,0,3,Mr William Davis,male,22.04,1,0,PC_00001,83.38,,Q
2,0,3,Mr George Wilson,male,53.33,0,0,A_00002,26.8,,S
3,1,2,Mr James Wilson,male,49.74,1,0,A_00003,49.44,,C
4,0,2,Mr George Miller,male,38.1,0,0,A_00004,38.95,,S
5,1,1,Mr William Jones,male,22.95,0,2,A_00005,144.96,,S
6,0,3,Mr Robert Jones,male,28.36,1,0,A_00006,38.39,,S
7,0,1,Mrs Margaret Williams,female,38.43,0,0,A_00007,30.18,F77,S
8,0,3,Mr James Jones,male,17.45,0,2,PC_00008,417.64,E21,S
9,1,1,Mr George Brown,male,36.33,0,0,A_00009,55.5,,S
10,1,3,Mr John Brown,male,46.5,0,0,PC_00010,10.89,C19,S
11,0,3,Mr George Davis,male,28.24,1,1,A_00011,119.41,,S
12,1,3,Mr Edward Johnson,male,39.42,0,0,A_00012,43.55,,C
13,0,3,Mr Edward Wilson,male,39.05,0,0,PC_00013,79.33,,S
14,0,3,Miss Alice Williams,female,36.57,0,0,PC_00014,20.1,,C
15,0,3,Mr James Brown,male,0.42,0,0,PC_00015,145.67,F77,S
16,1,2,Miss Margaret Williams,female,35.66,0,0,A_00016,101.37,,S
17,1,2,Miss Margaret Brown,female,44.66,0,0,A_00017,333.81,,C
18,0,3,Mr Charles Smith,male,47.9,0,0,PC_00018,33.51,,C
19,0,3,Mr James Brown,male,11.33,0,0,A_00019,16.4,,S
20,0,2,Mr George Brown,male,21.45,1,0,PC_00020,81.49,,S
21,1,1,Miss Margaret Jones,female,40.08,1,0,A_00021,62.19,,Q
22,1,2,Mr George Miller,male,43.31,0,3,A_00022,41.43,,Q
23,1,1,Mrs Anna Johnson,female,25.8,1,0,A_00023,44.44,,S
24,1,2,Mr Charles Miller,male,25.67,0,0,A_00024,61.47,,C
25,1,1,Mr William Wilson,male,30.01,0,1,A_00025,189.23,,Q
26,0,2,Mrs Emma Davis,female,35.45,0,0,PC_00026,36.33,,S
27,0,3,Mr Robert Davis,male,45.71,0,0,A_00027,92.15,,S
28,1,3,Miss Margaret Brown,female,28.18,0,0,PC_00028,198.19,,S
29,1,3,Mr Edward Smith,male,7.91,1,0,A_00029,80.58,,S
30,1,2,Mr William Jones,male,14.56,1,2,A_00030,82.81,C104,S
31,1,3,Miss Margaret Brown,female,37.81,0,0,A_00031,25.16,,S
32,1,3,Mr Edward Smith,male,47.73,1,0,A_00032,22.18,D30,C
33,1,3,Mr George Davis,male,49.55,0,0,A_00033,239.34,,C
34,1,1,Miss Alice Miller,female,32.4,1,1,PC_00034,126.5,,S
35,1,1,Mr Charles Wilson,male,28.58,0,2,A_00035,91.1,,C
36,0,3,Mr James Jones,male,19.33,1,0,A_00036,149.8,,S
37,1,3,Mr James Miller,male,27.87,1,0,A_00037,97.9,,C
38,1,2,Mrs Elisabeth Brown,female,15.32,0,0,PC_00038,31.77,,C
39,0,3,Miss Mary Jones,female,29.83,0,0,A_00039,49.37,D27,C
40,1,3,Mr James Johnson,male,27.69,0,0,A_00040,23.27,D58,C
41,1,3,Mr George Brown,male,42.96,0,0,PC_00041,117.29,B45,S
42,1,3,Mr James Brown,male,21.93,0,0,A_00042,59.32,,S
43,0,3,Mrs Sarah Wilson,female,17.41,1,0,A_00043,59.4,,S
44,0,3,Mrs Sarah Smith,female,31.56,0,0,A_00044,285.92,E114,C
45,0,3,Mr George Wilson,male,34.61,0,0,PC_00045,69.59,,S
46,0,3,Mr Robert Smith,male,27.42,0,3,PC_00046,79.93,,S
47,0,3,Mr William Williams,male,36.84,0,2,A_00047,86.62,D24,C
48,1,1,Miss Elisabeth Davis,female,33.19,2,0,PC_00048,165.56,,S
49,0,3,Mr Edward Williams,male,41.89,1,0,A_00049,3.2,,S
50,1,2,Miss Alice Davis,female,0.42,1,4,A_00050,51.21,,S
51,0,3,Miss Anna Williams,female,28.88,0,0,A_00051,299.21,,S
52,1,1,Mr George Wilson,male,46.04,1,0,A_00052,274.42,A61,S
53,1,3,Mrs Margaret Miller,female,27.24,0,1,A_00053,87.75,E106,S
54,1,3,Miss Emma Wilson,female,52.42,0,2,A_00054,35.59,,Q
55,1,1,Mr William Davis,male,20.01,0,0,A_00055,53.05,,Q
56,0,3,Mr Edward Brown,male,16.52,1,0,A_00056,18.06,,S
57,0,3,Mr Charles Miller,male,44.3,0,1,A_00057,135.38,C84,S
58,0,3,Mr James Johnson,male,9.82,3,0,A_00058,54.17,B102,S
59,0,3,Mrs Margaret Johnson,female,13.6,0,0,A_00059,90.06,,S
60,1,3,Miss Mary Jones,female,18.41,0,0,A_00060,92.07,B138,S
61,1,1,Master John Miller,male,44.94,2,0,PC_00061,82.0,,S
62,0,1,Mr John Brown,male,47.26,1,0,A_00062,20.54,,S
63,1,1,Mrs Mary Jones,female,21.95,0,0,A_00063,47.5,B139,S
64,1,2,Mr Charles Johnson,male,32.97,0,1,A_00064,51.07,,C
65,0,3,Master John Wilson,male,10.08,2,0,A_00065,209.94,,S
66,1,1,Miss Sarah Jones,female,15.54,0,0,A_00066,32.72,,S
67,1,1,Miss Alice Johnson,female,53.27,1,0,A_00067,47.35,,Q
68,1,2,Miss Sarah Miller,female,37.53,0,0,A_00068,85.36,,S
69,1,3,Miss Emma Johnson,female,7.01,0,0,A_00069,63.42,,S
70,1,1,Mr George Jones,male,17.48,0,1,PC_00070,133.22,,S
71,1,3,Miss Alice Davis,female,24.63,0,0,A_00071,22.38,C84,S
72,0,3,Mr John Miller,male,7.47,0,0,A_00072,147.4,,S
73,1,3,Mr James Johnson,male,33.21,0,0,PC_00073,6.04,,Q
74,1,1,Master Edward Miller,male,38.79,1,1,A_00074,22.87,,C
75,1,3,Mr James Williams,male,7.82,0,1,PC_00075,123.05,,S
76,1,3,Mr Edward Johnson,male,39.22,2,0,PC_00076,36.35,,Q
77,1,2,Miss Mary Wilson,female,40.33,2,0,A_00077,137.77,,S
78,0,2,Mr Charles Smith,male,29.26,0,0,A_00078,291.16,,S
79,0,3,Mr Robert Williams,male,28.31,0,0,A_00079,169.74,,C
80,1,2,Mrs Sarah Williams,female,33.53,0,0,A_00080,66.39,,S
81,0,1,Mr George Johnson,male,22.59,2,0,A_00081,74.77,,S
82,0,2,Mr Edward Smith,male,19.23,2,0,A_00082,49.22,,C
83,0,3,Mr Edward Wilson,male,18.86,1,0,PC_00083,16.84,D50,S
84,0,2,Miss Margaret Smith,female,50.61,0,0,A_00084,106.55,,S
85,1,3,Mr James Smith,male,7.21,0,2,A_00085,36.29,,S
86,1,2,Master Robert Williams,male,16.04,0,0,A_00086,169.93,,C
87,0,3,Miss Emma Wilson,female,33.53,1,0,A_00087,31.97,E62,S
88,0,3,Mr John Davis,male,31.09,0,0,A_00088,71.84,D96,S
89,1,2,Mr Edward Williams,male,39.58,1,0,A_00089,201.88,,S
90,0,3,Mr James Davis,male,20.18,1,2,A_00090,15.23,,S
91,0,2,Mrs Alice Miller,female,17.46,1,1,A_00091,66.77,,S
92,1,2,Miss Anna Jones,female,31.33,1,0,A_00092,127.13,,S
93,0,2,Mrs Mary Williams,female,25.28,1,0,A_00093,23.45,,S
94,1,2,Mr John Williams,male,11.13,0,2,A_00094,14.07,,S
95,0,3,Master Robert Brown,male,28.96,0,0,PC_00095,54.72,,S
96,1,2,Mrs Emma Williams,female,27.55,1,1,A_00096,64.64,,C
97,0,3,Mrs Mary Johnson,female,29.24,0,0,A_00097,113.34,,S
98,0,3,Master Edward Williams,male,65.59,0,3,A_00098,140.22,E15,S
99,0,3,Mr George Jones,male,23.39,2,0,A_00099,58.64,F44,Q
100,0,3,Mr George Jones,male,7.97,1,0,A_00100,55.43,,S
101,1,1,Mrs Margaret Miller,female,24.87,1,0,A_00101,82.14,C132,S
102,0,3,Master William Miller,male,27.9,0,0,A_00102,59.67,,S
103,1,1,Mr Charles Wilson,male,47.11,0,0,PC_00103,90.57,A111,S
104,1,1,Mr Charles Jones,male,23.6,0,0,A_00104,115.43,,S
105,0,3,Mr John Williams,male,13.55,4,0,A_00105,72.75,,S
106,0,3,Mr Charles Jones,male,44.2,0,0,A_00106,263.43,C29,S
107,0,3,Mr George Smith,male,54.95,1,0,A_00107,94.3,F98,S
108,1,1,Miss Elisabeth Brown,female,23.73,1,0,A_00108,204.2,,S
109,0,2,Mr Robert Brown,male,49.3,0,0,A_00109,152.85,,S
110,1,2,Miss Sarah Davis,female,44.89,0,0,A_00110,115.07,,S
111,0,2,Miss Mary Brown,female,36.56,1,0,A_00111,115.48,D85,C
112,0,3,Master John Brown,male,46.06,0,2,A_00112,44.83,,S
113,1,3,Ms Sarah Wilson,female,48.8,0,2,A_00113,117.11,E120,S
114,1,2,Miss Sarah Davis,female,13.88,0,0,A_00114,8.6,,S
115,0,1,Miss Anna Smith,female,20.19,0,0,PC_00115,54.8,,S
116,1,1,Mrs Margaret Brown,female,28.01,1,2,PC_00116,330.1,B117,S
117,0,3,Master John Wilson,male,24.52,0,0,A_00117,148.22,,Q
118,0,3,Master Robert Smith,male,13.56,0,1,A_00118,87.38,,S
119,1,2,Mr John Smith,male,24.32,1,0,A_00119,236.72,D9,S
120,0,2,Mr John Williams,male,4.57,1,2,A_00120,74.36,,S
121,0,1,Mr Edward Brown,male,31.55,0,0,PC_00121,11.4,,S
122,1,2,Miss Mary Wilson,female,35.09,1,0,A_00122,198.34,,C
123,1,1,Mrs Margaret Miller,female,25.93,0,1,PC_00123,19.67,,S
124,0,3,Mr James Davis,male,26.14,0,0,A_00124,180.33,,S
125,0,2,Mr Robert Williams,male,16.92,0,1,A_00125,61.44,,S
126,1,2,Mr Edward Brown,male,27.08,0,1,A_00126,18.61,,S
127,1,2,Miss Margaret Miller,female,13.37,0,2,A_00127,112.83,,S
128,1,1,Miss Sarah Davis,female,24.43,2,0,PC_00128,81.81,B98,Q
129,0,3,Mr James Williams,male,50.51,0,1,PC_00129,97.41,,S
130,1,1,Miss Alice Miller,female,32.57,0,1,PC_00130,34.64,,C
131,0,3,Miss Elisabeth Johnson,female,30.31,0,0,A_00131,108.62,,S
132,0,1,Mr Edward Smith,male,19.79,1,0,PC_00132,51.92,,S
133,0,3,Master Robert Jones,male,28.99,1,0,PC_00133,106.73,C140,Q
134,1,3,Mr William Davis,male,44.02,2,0,A_00134,189.88,,S
135,1,2,Mrs Sarah Davis,female,51.46,0,0,A_00135,69.22,,Q
136,0,3,Miss Elisabeth Johnson,female,27.46,0,0,PC_00136,42.6,F40,S
137,0,3,Mr James Johnson,male,21.81,0,0,A_00137,42.87,,S
138,0,3,Mr William Johnson,male,19.63,1,0,PC_00138,105.0,,C
139,0,2,Miss Alice Williams,female,39.52,0,0,A_00139,78.31,,S
140,0,3,Mr Edward Davis,male,16.13,0,0,A_00140,136.95,,S
141,1,1,Mrs Anna Wilson,female,0.42,0,0,PC_00141,220.79,,C
142,0,2,Mr John Miller,male,26.04,0,0,A_00142,121.13,,S
143,0,3,Ms Margaret Davis,female,16.52,0,0,PC_00143,130.31,B131,S
144,0,3,Mr James Davis,male,34.79,0,0,A_00144,154.34,F37,C
145,1,2,Mr John Miller,male,43.26,0,0,A_00145,173.5,,C
146,1,1,Miss Sarah Brown,female,21.55,0,0,A_00146,80.09,,S
147,1,1,Mr George Wilson,male,11.03,1,0,A_00147,222.24,,S
148,0,3,Mr William Miller,male,32.2,1,0,PC_00148,234.27,,S
149,1,1,Ms Sarah Williams,female,29.45,0,0,A_00149,42.6,C116,S
150,0,3,Mrs Alice Wilson,female,50.06,0,0,PC_00150,115.37,,S
151,1,3,Mr James Smith,male,5.85,0,1,A_00151,98.92,,S
152,1,1,Master John Brown,male,45.37,0,1,PC_00152,14.03,,S
153,0,3,Miss Elisabeth Miller,female,33.63,0,1,A_00153,234.08,,S
154,1,3,Mrs Anna Williams,female,32.47,1,0,PC_00154,188.62,,C
155,0,3,Miss Sarah Jones,female,37.29,0,0,A_00155,81.87,,S
156,1,2,Master Edward Brown,male,44.02,1,0,A_00156,161.89,,S
157,1,2,Master William Jones,male,47.56,0,2,PC_00157,38.06,,S
158,1,2,Mrs Anna Johnson,female,19.46,1,0,PC_00158,78.43,,S
159,0,1,Mr James Miller,male,54.69,4,0,A_00159,33.74,B37,S
160,1,1,Mr John Williams,male,32.17,0,0,A_00160,187.57,,S
161,0,2,Mrs Emma Jones,female,23.82,0,0,PC_00161,113.18,,S
162,1,1,Master John Miller,male,45.24,1,0,A_00162,76.47,E108,S
163,1,2,Miss Anna Davis,female,14.92,0,0,PC_00163,214.36,,S
164,0,3,Mr John Jones,male,19.66,0,1,A_00164,108.78,,S
165,1,3,Mr George Smith,male,11.43,0,0,PC_00165,62.88,,S
166,1,3,Mrs Margaret Johnson,female,35.36,0,1,PC_00166,56.11,,S
167,0,3,Mr George Smith,male,29.27,1,0,PC_00167,37.95,,S
168,1,1,Mr Robert Miller,male,25.69,2,1,PC_00168,113.04,C31,S
169,1,3,Miss Margaret Brown,female,9.64,0,1,A_00169,65.97,,C
170,0,2,Ms Mary Davis,female,37.29,0,0,A_00170,50.26,,S
171,0,1,Mr George Johnson,male,16.62,0,6,A_00171,413.78,,S
172,0,3,Mr James Miller,male,31.35,0,0,A_00172,59.91,B35,S
173,0,3,Mr John Johnson,male,19.1,0,0,PC_00173,108.67,,Q
174,0,3,Miss Alice Wilson,female,24.45,0,0,A_00174,103.16,,Q
175,0,1,Master John Jones,male,37.03,0,1,A_00175,48.53,A51,S
176,0,3,Mr George Davis,male,40.83,0,0,PC_00176,39.7,B71,S
177,1,2,Mrs Sarah Brown,female,20.34,0,0,A_00177,20.63,,C
178,1,3,Mrs Emma Jones,female,39.56,0,0,PC_00178,76.94,,S
179,0,3,Mrs Elisabeth Brown,female,1.01,0,1,A_00179,267.99,,S
180,1,3,Miss Elisabeth Smith,female,53.63,0,0,A_00180,98.22,E52,S
181,0,3,Mr Charles Johnson,male,0.42,0,0,A_00181,106.27,,C
182,0,3,Miss Anna Williams,female,24.8,0,0,A_00182,166.37,,S
183,0,2,Mr John Wilson,male,40.72,1,0,PC_00183,42.01,,S
184,1,1,Miss Alice Wilson,female,58.47,0,0,A_00184,52.96,,Q
185,1,3,Mr Edward Smith,male,22.58,0,0,PC_00185,290.87,,S
186,1,3,Master William Davis,male,16.31,1,0,PC_00186,124.58,B49,S
187,0,2,Mr John Davis,male,51.23,0,0,PC_00187,27.38,,S
188,0,3,Master James Johnson,male,16.79,0,3,A_00188,94.07,,S
189,0,2,Mr Robert Brown,male,27.04,1,0,A_00189,36.92,,C
190,0,3,Mr Charles Williams,male,35.41,0,1,PC_00190,94.66,,S
191,1,1,Miss Margaret Jones,female,13.43,4,0,A_00191,382.47,,C
192,1,1,Miss Emma Johnson,female,38.63,0,0,A_00192,116.73,,S
193,0,3,Miss Alice Miller,female,12.59,0,0,A_00193,40.39,D69,S
194,0,3,Mr George Wilson,male,39.94,0,0,A_00194,82.36,,C
195,0,3,Mr Edward Smith,male,17.11,0,0,PC_00195,273.84,,C
196,0,3,Miss Margaret Miller,female,0.42,0,0,PC_00196,73.99,,C
197,0,3,Miss Emma Smith,female,20.58,0,0,A_00197,142.02,B3,Q
198,1,1,Mr Charles Johnson,male,35.94,1,1,PC_00198,90.95,,S
199,0,3,Miss Anna Jones,female,32.63,0,0,PC_00199,95.87,,S
200,1,1,Mr Charles Brown,male,25.61,0,0,A_00200,99.4,,S
201,0,3,Mr George Jones,male,19.18,0,0,A_00201,40.03,,S
202,1,3,Mrs Sarah Johnson,female,56.77,0,0,A_00202,122.09,A98,C
203,0,3,Mr Robert Jones,male,39.49,5,0,PC_00203,24.57,,S
204,1,3,Mr George Miller,male,60.1,0,0,A_00204,84.86,,S
205,1,3,Mr James Wilson,male,36.25,1,0,A_00205,28.61,,S
206,1,2,Miss Anna Williams,female,47.11,1,0,PC_00206,43.04,E44,S
207,1,1,Mrs Mary Johnson,female,40.23,0,1,A_00207,133.69,,C
208,0,3,Mr Edward Johnson,male,1.67,0,0,A_00208,147.29,,Q
209,0,2,Mrs Alice Miller,female,28.86,1,1,PC_00209,81.0,A29,S
210,0,3,Miss Elisabeth Smith,female,30.02,0,0,A_00210,49.97,,S
211,1,3,Mr Robert Jones,male,4.38,0,2,A_00211,179.19,,S
212,0,2,Mr Charles Davis,male,40.13,0,0,A_00212,28.79,,S
213,0,3,Miss Anna Brown,female,28.21,1,0,A_00213,21.11,,C
214,0,2,Mr Charles Smith,male,34.32,0,0,PC_00214,69.2,,S
215,0,3,Mr Edward Brown,male,28.88,1,0,PC_00215,66.6,,S
216,0,3,Mr Edward Jones,male,28.95,4,0,A_00216,9.86,,C
217,0,3,Mr Robert Johnson,male,7.12,1,1,PC_00217,66.78,,S
218,0,1,Mr Robert Johnson,male,45.04,0,0,PC_00218,29.26,A101,S
219,1,1,Miss Sarah Williams,female,17.78,1,0,A_00219,137.07,F13,C
220,1,3,Mr Charles Miller,male,56.03,1,2,A_00220,159.5,,S
221,0,3,Mrs Margaret Miller,female,37.67,2,3,A_00221,89.65,,S
222,0,3,Mr Charles Davis,male,33.2,0,0,A_00222,160.58,,C
223,0,3,Miss Mary Jones,female,27.11,0,0,PC_00223,55.81,,S
224,0,2,Mr George Smith,male,37.59,0,0,A_00224,141.92,,S
225,0,3,Mrs Anna Miller,female,18.95,0,0,A_00225,132.85,,S
226,0,3,Miss Sarah Jones,female,44.8,0,0,PC_00226,42.8,,S
227,0,2,Mr Charles Miller,male,34.96,0,0,PC_00227,18.46,,S
228,0,3,Miss Margaret Brown,female,31.32,0,0,A_00228,79.78,,S
229,1,2,Mr James Davis,male,46.27,0,0,A_00229,51.46,,S
230,0,2,Master William Smith,male,41.38,1,0,A_00230,16.87,F55,Q
231,0,3,Mr Robert Miller,male,8.42,1,3,PC_00231,204.36,B65,S
232,0,3,Mr Charles Johnson,male,20.18,0,0,A_00232,85.59,,S
233,0,3,Mr William Davis,male,38.86,0,1,A_00233,86.53,,S
234,1,2,Master Edward Williams,male,31.88,0,0,PC_00234,46.54,C50,S
235,1,1,Miss Elisabeth Wilson,female,30.71,1,5,A_00235,111.98,,C
236,1,3,Mr Edward Miller,male,23.45,0,0,A_00236,66.15,C64,S
237,0,3,Miss Mary Williams,female,33.68,0,0,A_00237,66.71,C36,S
238,0,3,Mr William Smith,male,44.02,1,2,A_00238,271.72,,S
239,0,3,Mr Charles Smith,male,39.42,0,1,A_00239,179.27,,S
240,0,3,Mr James Brown,male,12.48,0,0,PC_00240,96.26,C100,Q
241,1,2,Mr Edward Johnson,male,14.74,0,1,A_00241,110.82,,S
242,1,3,Mr George Jones,male,2.29,0,0,PC_00242,127.67,C31,C
243,0,3,Mr Charles Williams,male,24.4,0,0,PC_00243,123.62,,S
244,0,3,Mr Charles Wilson,male,29.67,2,0,A_00244,313.37,D37,S
245,1,3,Miss Mary Smith,female,6.55,0,0,PC_00245,68.65,,S
246,1,3,Mr Edward Smith,male,27.5,0,1,A_00246,100.77,,S
247,0,3,Mr Edward Johnson,male,25.75,0,0,A_00247,224.5,,S
248,0,3,Miss Alice Brown,female,4.12,0,0,A_00248,4.96,,C
249,0,2,Mr Edward Wilson,male,33.88,1,0,PC_00249,72.75,,S
250,1,2,Miss Emma Miller,female,37.26,0,0,A_00250,49.74,,S
251,0,3,Mr Charles Smith,male,21.69,1,1,A_00251,93.66,,C
252,1,2,Mrs Anna Smith,female,13.58,0,1,A_00252,44.06,,S
253,0,3,Mr Charles Miller,male,20.04,0,0,A_00253,164.74,,S
254,1,1,Miss Sarah Jones,female,27.18,0,0,A_00254,101.45,,S
255,1,3,Miss Anna Brown,female,55.73,2,0,A_00255,91.31,C106,C
256,0,3,Master James Williams,male,22.33,0,1,A_00256,23.65,,S
257,1,3,Mr John Wilson,male,1.74,1,0,A_00257,45.36,,S
258,0,3,Master James Davis,male,27.88,0,4,PC_00258,348.89,,S
259,1,1,Miss Anna Smith,female,27.87,0,0,PC_00259,157.16,E26,S
260,1,2,Mr James Miller,male,16.22,0,0,A_00260,130.44,,S
261,1,1,Master William Wilson,male,31.36,0,0,A_00261,50.72,D35,S
262,0,3,Miss Emma Jones,female,30.46,1,0,A_00262,115.52,,S
263,0,2,Mr William Jones,male,21.4,2,0,A_00263,295.71,,Q
264,1,2,Mrs Sarah Davis,female,44.12,0,0,A_00264,35.87,B88,S
265,0,1,Master Robert Williams,male,22.16,0,0,PC_00265,88.01,F61,S
266,1,3,Miss Emma Johnson,female,34.24,0,0,PC_00266,21.21,,S
267,1,1,Miss Margaret Wilson,female,25.57,1,0,A_00267,32.76,,C
268,0,3,Mr John Wilson,male,31.31,0,0,A_00268,139.33,,S
269,0,1,Mr Edward Davis,male,31.32,0,0,A_00269,108.46,,S
270,0,3,Mr George Jones,male,26.99,1,0,PC_00270,24.26,,S
271,1,3,Mr John Smith,male,39.38,0,0,PC_00271,131.93,C33,S
272,0,3,Mrs Margaret Johnson,female,21.44,0,0,A_00272,63.27,,S
273,1,1,Miss Emma Wilson,female,9.57,0,1,PC_00273,237.45,,C
274,1,1,Miss Alice Jones,female,0.42,0,0,PC_00274,38.16,,S
275,1,3,Mr Edward Wilson,male,3.68,0,0,A_00275,57.32,A64,S
276,0,1,Mr William Miller,male,70.21,8,0,A_00276,20.37,,S
277,0,3,Miss Anna Wilson,female,27.18,1,0,PC_00277,34.17,C83,S
278,0,3,Mr William Smith,male,30.41,0,0,A_00278,55.22,,C
279,0,3,Mr George Johnson,male,38.46,1,1,PC_00279,37.42,,S
280,0,1,Mr William Johnson,male,17.33,0,0,PC_00280,76.98,,S
281,0,3,Miss Sarah Jones,female,43.99,0,0,A_00281,184.85,,S
282,0,3,Master Charles Davis,male,14.8,0,0,A_00282,76.37,,S
283,0,3,Miss Margaret Miller,female,37.49,0,1,A_00283,112.27,,S
284,0,3,Mr Robert Wilson,male,47.41,0,0,A_00284,111.14,A73,S
285,0,3,Mr Charles Williams,male,22.84,1,0,PC_00285,241.83,,S
286,1,1,Mr Robert Williams,male,41.47,0,0,A_00286,117.81,,Q
287,1,3,Mrs Alice Davis,female,1.83,0,1,A_00287,75.66,B3,S
288,0,3,Master Robert Johnson,male,6.48,0,0,PC_00288,65.89,,C
289,1,2,Mr Charles Brown,male,5.6,0,0,A_00289,25.38,,S
290,0,1,Mr James Brown,male,36.51,0,1,A_00290,65.3,,C
291,1,1,Mr Charles Williams,male,50.11,0,0,A_00291,74.24,,S
292,1,1,Miss Anna Williams,female,12.02,0,0,A_00292,109.19,,S
293,0,2,Miss Anna Jones,female,29.86,0,0,A_00293,161.55,,S
294,0,2,Mr George Smith,male,29.71,1,0,PC_00294,125.5,,Q
295,0,2,Master Charles Jones,male,35.87,0,6,PC_00295,20.84,,S
296,1,2,Mr Charles Miller,male,40.52,0,1,A_00296,157.24,F36,S
297,1,3,Miss Anna Johnson,female,20.7,1,2,PC_00297,145.25,,C
298,1,1,Mr John Jones,male,44.9,1,1,A_00298,138.31,,C
299,0,3,Mr William Smith,male,36.76,1,0,A_00299,142.8,,S
300,0,3,Mrs Emma Wilson,female,8.73,0,0,A_00300,41.19,,S
301,0,3,Mr John Wilson,male,56.84,0,2,A_00301,118.21,,S
302,0,3,Master Edward Jones,male,80,0,0,A_00302,197.77,,C
303,1,3,Mr Robert Smith,male,29.48,1,0,PC_00303,206.78,,S
304,1,3,Mr James Johnson,male,27.55,1,2,A_00304,219.85,,C
305,1,3,Mr Robert Jones,male,46.39,0,1,A_00305,146.48,,S
306,0,2,Mr Robert Wilson,male,10.09,0,0,PC_00306,5.11,,Q
307,0,1,Mr Edward Jones,male,35.5,1,0,A_00307,36.44,A107,C
308,0,3,Mr Edward Jones,male,13.73,1,0,A_00308,115.53,,S
309,1,3,Miss Anna Johnson,female,28.2,1,0,A_00309,81.78,,Q
310,0,3,Miss Elisabeth Brown,female,15.93,0,0,A_00310,33.32,,S
311,1,1,Mr James Jones,male,32.42,1,1,A_00311,67.1,,S
312,0,3,Master Edward Smith,male,15.18,0,0,A_00312,40.95,,S
313,0,3,Miss Sarah Smith,female,30.34,1,0,PC_00313,184.35,,S
314,0,3,Miss Alice Johnson,female,48.17,0,0,A_00314,291.65,D78,S
315,0,1,Mr William Johnson,male,27.62,0,0,A_00315,43.33,,S
316,0,3,Mr Robert Smith,male,38.98,1,0,PC_00316,4.2,,S
317,0,3,Mr William Jones,male,46.19,0,0,PC_00317,59.06,,S
318,0,3,Master Charles Wilson,male,31.27,0,2,PC_00318,225.9,F13,C
319,1,1,Mr George Johnson,male,26.85,0,0,A_00319,256.28,,S
320,0,2,Mr James Davis,male,27.6,1,0,PC_00320,92.31,,Q
321,1,2,Miss Sarah Johnson,female,20.79,0,0,A_00321,95.19,,S
322,1,1,Mr William Davis,male,14.23,0,0,A_00322,51.17,,C
323,0,3,Mr Edward Wilson,male,10.22,0,2,PC_00323,118.84,,S
324,0,1,Master George Smith,male,61.99,0,0,A_00324,146.72,,S
325,0,2,Master George Miller,male,34.02,0,1,A_00325,61.27,,S
326,0,3,Mr William Williams,male,15.94,0,0,A_00326,123.43,D93,S
327,0,3,Mr Robert Williams,male,28.43,5,0,A_00327,140.19,,S
328,0,3,Mr John Smith,male,17.55,0,0,A_00328,178.06,,Q
329,1,1,Mr George Johnson,male,34.33,1,4,A_00329,92.21,,S
330,0,3,Mr George Jones,male,49.85,0,0,A_00330,66.7,,S
331,1,1,Mr William Williams,male,33.19,0,0,A_00331,33.8,,S
332,0,1,Miss Alice Brown,female,21.27,0,0,A_00332,125.03,,S
333,0,1,Mr George Davis,male,0.42,0,0,A_00333,94.66,D4,S
334,0,2,Mrs Anna Jones,female,24.86,0,2,A_00334,27.65,,S
335,1,1,Miss Sarah Smith,female,17.48,1,0,A_00335,123.01,,S
336,0,1,Master George Johnson,male,11.83,0,0,A_00336,26.65,E34,S
337,1,2,Miss Margaret Davis,female,47.05,0,0,A_00337,42.36,,S
338,0,3,Mr John Williams,male,38.33,0,0,A_00338,22.34,,Q
339,0,3,Mr John Smith,male,27.11,0,0,A_00339,176.31,,C
340,0,3,Miss Mary Davis,female,32.7,2,0,A_00340,86.2,,S
341,0,2,Master John Wilson,male,45.3,1,0,A_00341,136.74,,C
342,1,1,Mr John Brown,male,21.08,0,0,A_00342,96.93,E79,S
343,1,2,Mrs Emma Williams,female,11.42,0,0,A_00343,80.18,A10,S
344,1,3,Mr Edward Johnson,male,32.75,0,0,A_00344,136.87,D57,S
345,1,1,Master William Smith,male,5.19,1,0,A_00345,31.79,,S
346,0,1,Mr Robert Johnson,male,22.29,0,0,PC_00346,28.12,A73,S
347,0,2,Miss Elisabeth Wilson,female,50.28,0,0,A_00347,105.48,C90,S
348,0,2,Master Robert Williams,male,29.34,0,0,PC_00348,18.94,,C
349,1,1,Mr John Wilson,male,19.68,0,2,A_00349,89.72,B114,C
350,0,3,Mr William Johnson,male,6.61,0,1,A_00350,65.77,,S
351,0,3,Mr George Smith,male,47.86,0,0,PC_00351,172.42,D118,S
352,1,2,Miss Emma Brown,female,19.45,0,1,A_00352,119.95,,Q
353,0,2,Miss Alice Smith,female,36.53,0,0,A_00353,36.56,,C
354,1,3,Miss Mary Smith,female,9.87,0,0,A_00354,160.08,,Q
355,0,3,Mrs Mary Davis,female,24.25,1,0,A_00355,214.78,,S
356,0,1,Mr John Johnson,male,33.96,1,0,A_00356,317.39,,C
357,0,1,Mr Edward Brown,male,41.06,0,1,A_00357,34.79,,S
358,1,2,Miss Emma Jones,female,29.15,0,0,A_00358,89.56,,S
359,1,3,Miss Elisabeth Smith,female,12.73,0,2,PC_00359,23.82,,C
360,0,3,Mr Robert Miller,male,22.38,0,0,A_00360,21.03,,Q
361,1,2,Miss Elisabeth Williams,female,30.6,0,0,A_00361,73.89,,S
362,1,3,Miss Sarah Smith,female,42.88,0,0,A_00362,16.24,,C
363,0,1,Mr Edward Wilson,male,31.25,0,0,A_00363,346.67,D11,S
364,0,1,Mr John Johnson,male,21.3,1,0,A_00364,139.86,,Q
365,0,3,Mr James Miller,male,29.35,0,0,A_00365,71.93,,S
366,0,3,Master William Johnson,male,38.85,5,1,PC_00366,59.41,,S
367,0,3,Master William Williams,male,32.49,0,0,A_00367,56.86,,S
368,1,2,Mrs Anna Wilson,female,17.53,0,0,PC_00368,48.89,,C
369,1,2,Mr Robert Jones,male,56.5,0,1,A_00369,98.41,,S
370,1,3,Mr James Miller,male,29.71,1,0,A_00370,20.11,,S
371,0,2,Master Edward Jones,male,40.17,0,1,PC_00371,42.2,,S
372,1,2,Mr Charles Brown,male,24.84,0,0,A_00372,206.83,,S
373,0,3,Ms Sarah Miller,female,46.15,1,0,PC_00373,69.63,,C
374,0,3,Mr John Wilson,male,0.42,1,0,A_00374,46.51,A9,S
375,0,3,Mr James Smith,male,22.65,0,0,PC_00375,209.33,,Q
376,0,3,Miss Elisabeth Brown,female,24.65,0,0,A_00376,51.7,E2,C
377,1,3,Mr Robert Davis,male,15.15,1,0,PC_00377,123.2,A81,S
378,1,1,Master Robert Brown,male,40.1,0,0,A_00378,30.91,,S
379,0,3,Mr William Davis,male,27.18,0,6,A_00379,98.09,,S
380,1,1,Mrs Sarah Jones,female,46.26,0,5,A_00380,32.13,,S
381,0,3,Mr Robert Smith,male,13.47,0,0,A_00381,49.91,,C
382,0,3,Mr James Miller,male,32.24,0,0,A_00382,199.32,,Q
383,1,1,Mrs Elisabeth Wilson,female,12.36,1,0,A_00383,14.98,,S
384,1,2,Miss Sarah Davis,female,32.25,0,0,A_00384,93.26,,C
385,0,3,Mr William Brown,male,41.43,1,0,A_00385,27.64,,S
386,0,3,Mr George Wilson,male,21.93,0,0,A_00386,91.35,,S
387,1,2,Mr James Davis,male,38.09,0,0,PC_00387,67.48,,S
388,0,3,Mr Charles Johnson,male,39.71,0,0,A_00388,118.65,,S
389,0,3,Mr James Wilson,male,26.32,0,1,A_00389,101.08,,S
390,0,3,Mr Edward Davis,male,29.48,0,0,A_00390,243.73,,Q
391,0,1,Mr James Williams,male,27.81,1,1,PC_00391,285.47,,S
392,1,2,Mr William Smith,male,19.19,1,0,PC_00392,114.89,,S
393,0,3,Mr George Johnson,male,28.65,1,0,A_00393,126.86,,S
394,0,3,Mr Charles Johnson,male,32.41,0,0,A_00394,120.6,,S
395,0,3,Mrs Mary Wilson,female,57.69,2,0,A_00395,29.34,,S
396,1,1,Mr Charles Smith,male,28.2,0,1,A_00396,35.89,,S
397,0,3,Miss Margaret Jones,female,38.12,0,0,PC_00397,295.09,,S
398,0,1,Mr Robert Miller,male,55.17,1,0,A_00398,14.45,,S
399,1,3,Miss Anna Williams,female,38.66,0,0,A_00399,233.99,,S
400,0,1,Mr George Davis,male,33.49,0,0,A_00400,103.85,,S
401,1,2,Mrs Sarah Brown,female,10.61,1,1,PC_00401,44.7,E59,C
402,1,3,Mrs Mary Smith,female,4.74,0,0,A_00402,84.76,,C
403,0,3,Mr Edward Brown,male,33.73,1,0,A_00403,287.89,,S
404,1,2,Mrs Alice Johnson,female,25.68,0,0,PC_00404,54.96,C102,S
405,0,3,Ms Anna Smith,female,47.97,0,0,PC_00405,20.16,,Q
406,1,2,Miss Mary Miller,female,33.74,1,0,A_00406,41.56,,S
407,1,2,Mr James Miller,male,51.95,3,0,A_00407,71.84,F126,S
408,0,3,Mr Robert Johnson,male,53.75,1,0,A_00408,36.5,,C
409,1,1,Mr James Brown,male,38.75,0,1,A_00409,26.96,,C
410,0,3,Master Edward Miller,male,26.83,1,0,PC_00410,155.07,F123,S
411,1,2,Ms Alice Johnson,female,45.04,1,0,A_00411,140.68,D23,C
412,0,1,Master George Williams,male,24.52,0,2,A_00412,37.42,C132,S
413,0,1,Mr Charles Miller,male,25.33,0,0,A_00413,83.5,,C
414,0,3,Ms Anna Jones,female,50.88,0,0,A_00414,92.91,,S
415,1,2,Mr John Wilson,male,12.61,0,0,PC_00415,117.25,D12,Q
416,0,1,Miss Elisabeth Johnson,female,17.23,0,0,A_00416,133.91,,S
417,0,3,Mr Robert Jones,male,29.83,0,0,A_00417,94.85,,S
418,1,2,Mrs Anna Brown,female,36.55,0,0,A_00418,9.23,,S
419,0,3,Mr Edward Wilson,male,20.09,0,0,A_00419,39.39,E101,S
420,1,1,Mr Robert Wilson,male,39.92,3,1,PC_00420,181.33,A109,S
421,0,3,Mr George Brown,male,13.15,1,0,A_00421,133.54,,S
422,0,3,Mr James Wilson,male,58.81,0,1,A_00422,174.0,,S
423,0,3,Mr William Smith,male,46.98,0,0,A_00423,128.14,,S
424,0,2,Mrs Emma Smith,female,29.43,0,0,A_00424,49.24,,S
425,0,3,Miss Elisabeth Johnson,female,51.68,0,0,A_00425,129.36,,C
426,0,1,Mr Robert Smith,male,26.16,1,0,PC_00426,141.91,,C
427,1,2,Mr Edward Davis,male,13.13,1,0,A_00427,148.56,,S
428,1,2,Miss Emma Williams,female,40.09,0,0,A_00428,7.02,,S
429,1,1,Mrs Anna Jones,female,9.3,3,4,A_00429,221.89,,S
430,0,2,Miss Margaret Davis,female,53.67,0,0,A_00430,140.77,,S
431,1,1,Mr George Williams,male,19.6,1,0,PC_00431,109.9,,S
432,0,3,Mr Edward Johnson,male,40.46,0,0,A_00432,178.62,,Q
433,1,1,Mr Robert Brown,male,4.07,0,0,PC_00433,61.18,,S
434,1,1,Miss Anna Davis,female,27.71,0,0,A_00434,26.71,,C
435,1,2,Mr George Wilson,male,28.95,0,2,PC_00435,97.61,,S
436,0,3,Mr Charles Jones,male,15.9,1,2,PC_00436,73.42,C79,S
437,0,3,Mr Robert Smith,male,27.38,0,0,PC_00437,17.97,,S
438,0,3,Mr Robert Wilson,male,33.04,1,1,A_00438,94.44,F84,S
439,1,1,Mr William Smith,male,33.84,1,0,A_00439,17.33,,S
440,1,3,Mr John Johnson,male,8.49,0,0,A_00440,119.59,,S
441,0,3,Mr William Davis,male,48.36,0,0,PC_00441,64.79,,S
442,0,2,Mr John Miller,male,22.69,1,0,PC_00442,20.19,,C
443,1,2,Miss Mary Wilson,female,13.48,0,0,PC_00443,101.03,,Q
444,0,3,Mr Charles Brown,male,32.14,0,1,A_00444,143.53,E44,S
445,0,3,Mr Robert Jones,male,8.31,0,0,A_00445,92.15,,S
446,0,2,Mr William Jones,male,36.65,0,0,A_00446,182.47,E82,S
447,0,3,Miss Mary Wilson,female,35.86,0,0,PC_00447,46.64,B106,S
448,0,3,Miss Mary Miller,female,28.56,0,1,A_00448,143.42,,S
449,1,3,Mr George Jones,male,25.15,0,0,A_00449,193.58,D93,S
450,1,1,Mr William Williams,male,41.44,0,4,PC_00450,138.86,A33,S
451,0,2,Mr Charles Wilson,male,15.3,1,0,PC_00451,153.7,,S
452,0,3,Miss Anna Brown,female,41.55,1,0,PC_00452,31.95,,S
453,1,3,Mr John Johnson,male,25.1,1,1,PC_00453,158.52,,S
454,1,1,Miss Alice Johnson,female,17.46,2,1,A_00454,241.54,,Q
455,1,1,Mr John Johnson,male,12.68,1,0,A_00455,32.95,,S
456,0,2,Mr George Smith,male,12.99,0,0,A_00456,76.11,,S
457,1,1,Mr Robert Williams,male,31.45,1,0,PC_00457,118.57,,Q
458,1,1,Mr James Smith,male,0.42,1,0,A_00458,325.25,,C
459,1,1,Mr Robert Miller,male,46.4,0,0,A_00459,45.12,,C
460,0,2,Mr William Brown,male,24.4,1,2,A_00460,99.06,,S
461,1,3,Miss Anna Miller,female,24.03,1,0,PC_00461,7.0,B73,S
462,1,1,Mrs Alice Johnson,female,36.96,0,0,A_00462,11.03,D62,S
463,0,2,Mr William Brown,male,12.32,1,0,A_00463,85.73,,C
464,1,2,Mr Charles Wilson,male,70.4,1,0,PC_00464,36.5,D17,S
465,1,1,Mr George Smith,male,22.72,0,0,PC_00465,106.07,,S
466,0,2,Mr John Wilson,male,17.25,0,0,A_00466,25.32,,S
467,0,2,Mr Charles Johnson,male,22.67,0,0,A_00467,87.35,,C
468,0,1,Master Edward Jones,male,18.14,0,1,PC_00468,155.99,,S
469,1,3,Miss Elisabeth Brown,female,25.11,0,0,A_00469,93.73,,S
470,1,3,Miss Sarah Smith,female,38.92,1,0,A_00470,42.94,,S
471,1,1,Miss Emma Smith,female,41.16,0,0,A_00471,79.77,C146,S
472,1,3,Mr Robert Jones,male,48.47,4,0,PC_00472,77.36,E46,C
473,1,1,Miss Sarah Smith,female,28.66,0,2,PC_00473,58.6,,S
474,0,2,Mr Charles Jones,male,8.83,0,0,A_00474,33.36,,S
475,0,3,Mr James Wilson,male,11.57,1,0,A_00475,381.11,,S
476,1,3,Mr John Brown,male,26.51,0,0,A_00476,76.24,F138,S
477,1,2,Miss Sarah Smith,female,46.13,0,0,A_00477,29.06,F119,S
478,1,2,Miss Alice Williams,female,43.16,0,0,A_00478,187.8,,C
479,1,1,Miss Elisabeth Brown,female,32.12,0,0,A_00479,39.78,,C
480,1,3,Mr William Brown,male,30.63,0,0,A_00480,158.87,A5,S
481,1,2,Miss Alice Johnson,female,24.16,0,0,A_00481,319.93,,S
482,0,3,Mr William Wilson,male,46.24,0,0,PC_00482,29.18,,C
483,0,2,Mr John Miller,male,19.81,0,5,A_00483,168.89,,S
484,1,3,Mrs Sarah Wilson,female,35.97,0,1,A_00484,64.37,,S
485,1,1,Mr William Davis,male,56.07,0,0,PC_00485,192.86,F114,C
486,0,3,Mr George Brown,male,14.05,1,0,A_00486,51.77,,S
487,0,2,Master William Johnson,male,16.21,0,0,A_00487,45.6,,S
488,0,1,Mr William Wilson,male,24.37,0,0,PC_00488,74.96,,S
489,0,3,Mrs Mary Miller,female,54.01,0,0,PC_00489,54.22,,S
490,1,1,Mr John Davis,male,39.64,2,2,A_00490,97.62,D66,S
491,1,3,Miss Emma Miller,female,16.5,0,0,A_00491,19.94,,S
492,1,3,Mr George Davis,male,18.47,1,0,A_00492,127.03,,S
493,0,3,Mr Robert Johnson,male,16.05,1,0,PC_00493,61.69,,S
494,0,3,Miss Margaret Davis,female,21.98,1,0,PC_00494,98.11,,S
495,0,3,Mr George Johnson,male,22.62,0,0,A_00495,42.11,C22,Q
496,0,2,Mr Charles Jones,male,19.85,0,0,A_00496,121.19,,C
497,1,2,Mr Robert Davis,male,0.75,8,1,A_00497,75.09,,S
498,1,1,Mr William Smith,male,41.3,1,1,A_00498,73.26,,S
499,0,3,Mr Robert Wilson,male,25.48,1,0,A_00499,87.88,,S
500,1,3,Mrs Margaret Wilson,female,22.85,0,0,PC_00500,118.2,,S
501,1,1,Mrs Alice Jones,female,21.11,1,0,PC_00501,26.19,,S
502,0,2,Mrs Sarah Johnson,female,18.53,0,0,A_00502,26.38,,S
503,0,3,Mrs Anna Johnson,female,21.06,0,1,A_00503,30.9,C98,C
504,0,3,Mr Charles Brown,male,6.34,1,3,PC_00504,64.65,D81,S
505,1,1,Miss Margaret Johnson,female,45.19,0,0,PC_00505,36.05,,S
506,1,3,Mr Edward Williams,male,19.36,2,0,A_00506,170.93,,S
507,1,2,Miss Elisabeth Davis,female,10.09,0,0,PC_00507,69.65,,C
508,0,3,Miss Anna Smith,female,15.37,0,0,A_00508,96.02,,Q
509,1,1,Miss Margaret Davis,female,42.81,4,0,A_00509,70.94,,S
510,0,2,Mr Edward Wilson,male,16.83,1,2,A_00510,143.98,,S
511,0,2,Miss Margaret Johnson,female,25.38,0,0,A_00511,150.04,D112,C
512,0,2,Mr Charles Wilson,male,14.34,1,0,PC_00512,80.15,,S
513,1,3,Miss Margaret Johnson,female,43.78,0,0,PC_00513,31.19,,S
514,0,3,Mr William Jones,male,5.34,0,0,PC_00514,61.07,,C
515,0,3,Mr George Smith,male,29.95,0,0,PC_00515,382.41,C56,S
516,0,3,Mr John Jones,male,18.36,0,0,A_00516,23.32,,S
517,0,1,Mr Edward Williams,male,33.26,0,0,A_00517,169.8,,S
518,0,2,Mrs Elisabeth Brown,female,20.69,0,0,PC_00518,80.43,B97,C
519,1,3,Miss Mary Williams,female,9.9,1,0,A_00519,69.75,,S
520,1,1,Mrs Anna Williams,female,49.22,0,1,PC_00520,79.63,,Q
521,1,2,Miss Margaret Jones,female,34.31,1,0,A_00521,82.65,,S
522,1,3,Miss Mary Williams,female,11.12,0,0,A_00522,201.28,C142,S
523,1,3,Mrs Mary Davis,female,11.61,1,0,A_00523,107.78,,C
524,1,1,Ms Alice Wilson,female,48.36,0,0,A_00524,48.98,,S
525,1,1,Miss Elisabeth Jones,female,15.96,1,0,A_00525,61.17,,Q
526,1,3,Miss Elisabeth Johnson,female,7.01,0,0,A_00526,69.9,,S
527,1,2,Miss Anna Davis,female,17.66,0,0,PC_00527,56.23,,S
528,0,3,Master John Davis,male,23.04,0,0,A_00528,13.86,,S
529,0,3,Mr William Williams,male,56.45,0,0,A_00529,183.97,F61,C
530,1,1,Mrs Elisabeth Brown,female,24.81,0,0,PC_00530,58.34,C64,S
531,0,3,Mr John Williams,male,26.11,0,0,A_00531,129.81,,S
532,1,1,Mr James Jones,male,43.12,0,0,A_00532,84.2,,S
533,1,1,Miss Mary Johnson,female,34.68,0,0,A_00533,128.38,,Q
534,0,3,Mr John Williams,male,11.37,1,0,A_00534,127.82,,S
535,1,1,Miss Elisabeth Smith,female,15.69,0,2,PC_00535,132.34,,S
536,0,3,Ms Emma Smith,female,31.22,0,0,PC_00536,31.21,,S
537,0,3,Mr Charles Jones,male,43.96,0,0,PC_00537,23.44,E56,S
538,0,3,Mr William Smith,male,50.13,0,0,A_00538,54.48,,S
539,0,3,Ms Margaret Johnson,female,22.84,1,0,A_00539,46.53,,S
540,1,2,Mr John Johnson,male,42.57,4,0,A_00540,7.21,,S
541,0,3,Mr Robert Brown,male,36.66,0,0,A_00541,65.45,,S
542,1,1,Mr William Davis,male,28.82,1,0,A_00542,117.58,B19,C
543,1,2,Mr John Williams,male,34.83,1,0,PC_00543,28.07,B4,C
544,0,3,Mr James Miller,male,44.31,1,1,A_00544,25.35,E69,S
545,0,3,Master Robert Johnson,male,37.7,0,0,A_00545,84.41,,S
546,1,1,Miss Alice Williams,female,23.33,0,0,A_00546,16.76,,S
547,0,3,Master William Williams,male,41.37,0,0,A_00547,55.56,,S
548,1,3,Miss Margaret Wilson,female,28.44,0,2,A_00548,57.71,,S
549,1,2,Mrs Alice Johnson,female,8.78,0,0,A_00549,82.73,,S
550,1,3,Miss Emma Williams,female,49.08,0,0,PC_00550,114.5,E108,S
551,1,1,Mrs Mary Williams,female,25.98,2,0,A_00551,163.73,A4,C
552,1,3,Mrs Anna Smith,female,18.71,1,0,PC_00552,162.46,F9,S
553,0,3,Mr William Davis,male,15.49,0,2,A_00553,89.96,,Q
554,0,1,Mr Robert Williams,male,26.47,0,1,PC_00554,23.87,,S
555,1,2,Mr James Brown,male,14.09,1,0,A_00555,51.33,,C
556,1,1,Mr George Miller,male,36.3,0,0,A_00556,71.13,,S
557,0,1,Mr William Wilson,male,35.45,1,0,PC_00557,122.56,,S
558,1,3,Mr Charles Davis,male,7.56,0,0,PC_00558,105.53,,S
559,0,3,Mr John Wilson,male,54.4,5,0,PC_00559,8.91,,S
560,0,3,Master George Williams,male,20.71,0,0,A_00560,202.18,,S
561,1,2,Mr Robert Wilson,male,20.33,0,0,PC_00561,87.17,,S
562,1,3,Mr John Brown,male,42.34,0,1,A_00562,6.16,,S
563,0,1,Mr James Johnson,male,63.26,0,0,A_00563,178.51,,S
564,1,2,Mrs Alice Smith,female,28.21,0,0,A_00564,93.29,,S
565,0,2,Mr George Jones,male,13.83,0,0,PC_00565,80.1,D88,S
566,0,3,Mr Charles Brown,male,28.05,1,2,PC_00566,86.35,,S
567,1,3,Master Robert Jones,male,51.15,0,0,A_00567,90.87,D33,S
568,1,3,Mr William Smith,male,30.95,1,0,A_00568,161.52,,S
569,1,2,Master James Johnson,male,37.75,0,6,A_00569,81.83,,S
570,0,2,Master John Johnson,male,14.64,0,0,A_00570,154.64,F5,S
571,0,3,Mr William Wilson,male,28.65,2,0,A_00571,87.84,D32,C
572,1,2,Miss Anna Jones,female,19.59,0,1,A_00572,78.33,,S
573,0,3,Mrs Alice Smith,female,30.76,0,0,A_00573,118.28,,S
574,0,1,Mr George Jones,male,49.11,0,0,A_00574,223.58,C53,S
575,0,1,Mr Edward Miller,male,7.18,0,3,PC_00575,118.17,,S
576,1,1,Mr Charles Johnson,male,58.88,1,0,PC_00576,54.75,,C
577,1,1,Mr William Davis,male,22.02,0,1,A_00577,28.24,,S
578,1,3,Mrs Mary Brown,female,11.16,0,0,A_00578,96.35,,S
579,1,3,Miss Elisabeth Johnson,female,18.27,1,0,A_00579,34.82,,S
580,1,2,Miss Sarah Jones,female,28.79,0,0,PC_00580,40.52,F125,S
581,0,2,Mr Robert Williams,male,32.18,0,0,A_00581,75.94,,S
582,1,2,Mr William Johnson,male,49.33,2,0,PC_00582,78.81,,S
583,1,1,Mr Charles Jones,male,35.62,0,0,A_00583,50.21,,S
584,1,3,Miss Alice Williams,female,34.02,1,0,A_00584,18.19,,C
585,1,1,Mr Edward Davis,male,30.83,0,0,A_00585,108.05,,S
586,0,3,Mr James Johnson,male,30.97,0,0,PC_00586,161.52,A36,S
587,0,1,Mr Edward Smith,male,36.98,0,0,PC_00587,362.29,,S
588,0,1,Mr Edward Davis,male,43.44,0,0,A_00588,34.69,,C
589,0,3,Mr Edward Brown,male,27.96,0,1,A_00589,96.08,,S
590,0,1,Mr Robert Williams,male,38.42,0,0,A_00590,123.54,B57,S
591,0,3,Mr John Williams,male,25.99,0,0,A_00591,22.19,A62,S
592,1,1,Mr Robert Miller,male,18.3,0,0,PC_00592,31.36,,S
593,1,1,Mr George Brown,male,38.65,0,0,A_00593,124.58,A10,S
594,0,3,Mr Robert Brown,male,30.07,1,0,PC_00594,80.0,F74,Q
595,1,3,Mr Robert Williams,male,54.92,1,1,A_00595,157.84,,S
596,1,2,Mr John Jones,male,0.42,0,0,A_00596,94.13,,S
597,1,1,Mr John Miller,male,14.97,1,0,A_00597,180.12,,Q
598,0,3,Miss Mary Brown,female,28.49,0,0,A_00598,36.38,,Q
599,0,2,Mr George Miller,male,25.71,0,0,A_00599,110.96,,S
600,0,2,Mrs Margaret Johnson,female,24.22,0,0,A_00600,130.21,,S
601,1,3,Mr Robert Miller,male,37.86,0,0,A_00601,16.19,C36,S
602,1,2,Mr John Jones,male,54.76,1,0,PC_00602,25.55,,S
603,1,2,Mrs Margaret Williams,female,34.7,2,0,A_00603,54.87,B107,S
604,1,3,Mr James Miller,male,6.03,0,0,A_00604,74.64,,S
605,1,2,Mr Charles Jones,male,47.97,1,0,PC_00605,61.72,,S
606,1,1,Miss Emma Jones,female,25.23,0,1,A_00606,25.3,,S
607,1,3,Master George Williams,male,33.15,1,0,A_00607,103.83,,S
608,0,3,Mr Edward Wilson,male,27.84,0,0,A_00608,127.54,,C
609,1,2,Mr John Williams,male,19.08,1,0,PC_00609,130.34,,S
610,1,1,Mr Edward Johnson,male,35.0,0,0,A_00610,28.13,,S
611,0,1,Mr William Wilson,male,14.06,0,0,A_00611,143.11,,S
612,1,1,Mr Charles Miller,male,29.11,0,2,A_00612,105.96,,C
613,1,1,Mrs Sarah Miller,female,18.57,0,0,A_00613,166.99,,S
614,0,1,Master Edward Brown,male,36.28,0,0,PC_00614,154.25,,Q
615,1,3,Mr John Wilson,male,14.96,0,0,A_00615,87.31,,S
616,0,3,Mr George Johnson,male,18.43,0,0,PC_00616,38.73,,S
617,0,3,Mr Charles Wilson,male,24.13,0,0,A_00617,177.57,,S
618,1,3,Miss Mary Miller,female,41.91,0,1,PC_00618,117.44,,S
619,1,2,Mrs Margaret Davis,female,24.9,1,0,A_00619,59.31,,Q
620,0,3,Master John Brown,male,32.8,0,0,A_00620,45.6,,S
621,1,3,Mr William Miller,male,25.02,0,0,A_00621,95.21,,S
622,1,3,Mrs Anna Williams,female,63.84,0,1,A_00622,155.32,,S
623,0,1,Master Edward Smith,male,25.06,0,0,A_00623,50.11,F64,Q
624,0,3,Mr John Johnson,male,18.06,0,0,PC_00624,144.87,,S
625,0,1,Miss Sarah Johnson,female,44.48,0,0,PC_00625,112.65,,Q
626,0,3,Mr William Smith,male,22.36,0,3,A_00626,49.86,,Q
627,0,3,Mr Robert Smith,male,10.51,0,0,A_00627,76.15,,C
628,0,1,Master Edward Jones,male,15.68,0,0,A_00628,110.1,,C
629,0,3,Master Charles Wilson,male,42.97,0,0,A_00629,29.77,,S
630,0,3,Mr Charles Davis,male,49.75,5,0,PC_00630,155.6,,S
631,0,2,Mr John Wilson,male,45.09,0,0,PC_00631,146.95,,S
632,0,3,Mr James Wilson,male,23.78,0,2,PC_00632,112.66,,S
633,1,1,Mr Edward Miller,male,49.61,0,0,A_00633,20.59,B90,Q
634,1,1,Mr James Miller,male,12.46,1,0,A_00634,22.74,,S
635,0,2,Mrs Emma Miller,female,24.54,0,0,A_00635,29.24,,S
636,0,3,Miss Margaret Jones,female,40.76,0,0,PC_00636,313.32,,S
637,1,3,Mr John Miller,male,19.57,3,0,A_00637,88.03,,S
638,1,2,Mr James Miller,male,38.61,0,0,A_00638,205.21,D130,S
639,0,3,Mr John Davis,male,43.01,1,1,PC_00639,55.22,A34,S
640,0,3,Mr Charles Johnson,male,24.35,0,0,A_00640,51.64,F91,S
641,0,3,Mrs Sarah Johnson,female,41.12,0,0,PC_00641,163.15,E95,S
642,0,3,Mr Robert Jones,male,23.76,1,0,A_00642,98.46,,S
643,1,1,Mr John Jones,male,57.42,4,0,PC_00643,104.52,,S
644,0,3,Mr Edward Smith,male,33.65,0,1,A_00644,361.49,,S
645,0,3,Mr John Williams,male,27.48,0,2,A_00645,170.68,,C
646,0,1,Mr John Davis,male,37.12,0,0,PC_00646,136.18,,S
647,0,3,Mr William Jones,male,37.6,0,2,A_00647,135.06,,S
648,1,1,Mr George Williams,male,4.79,0,0,PC_00648,174.15,,S
649,0,3,Mr George Davis,male,19.22,0,2,A_00649,312.33,,S
650,0,2,Mr Robert Williams,male,39.92,0,0,A_00650,83.96,,S
651,0,3,Mr James Davis,male,26.24,0,0,A_00651,334.0,,C
652,1,2,Miss Anna Johnson,female,8.53,0,1,A_00652,62.75,,S
653,0,2,Mr William Williams,male,36.98,1,2,A_00653,198.85,,S
654,0,3,Mr John Williams,male,16.01,0,0,PC_00654,266.78,F64,S
655,1,1,Mrs Anna Davis,female,41.08,0,1,PC_00655,310.21,,C
656,0,3,Miss Alice Brown,female,5.41,0,1,PC_00656,284.26,,S
657,0,3,Master George Davis,male,26.82,0,0,A_00657,58.7,,S
658,1,3,Mr John Johnson,male,30.92,1,0,A_00658,94.78,D64,S
659,0,1,Mr John Miller,male,46.04,1,1,A_00659,20.2,,S
660,0,3,Mr John Davis,male,13.04,0,0,A_00660,91.45,,S
661,0,3,Mr George Davis,male,36.15,0,3,A_00661,15.74,,C
662,0,2,Mr Charles Jones,male,30.4,0,0,A_00662,35.32,C35,Q
663,1,1,Miss Sarah Wilson,female,28.08,0,0,A_00663,163.76,F144,C
664,1,3,Mr William Jones,male,22.45,0,1,A_00664,139.96,E99,S
665,0,2,Ms Mary Williams,female,32.06,1,1,PC_00665,149.92,,C
666,0,1,Mr James Jones,male,41.84,0,0,A_00666,194.55,,S
667,0,1,Mr John Davis,male,20.76,0,0,A_00667,35.55,C120,S
668,0,3,Mr James Brown,male,24.24,1,2,PC_00668,43.45,,S
669,0,1,Master Edward Smith,male,31.65,0,0,A_00669,16.89,,Q
670,0,3,Master William Johnson,male,28.56,1,0,A_00670,13.13,,C
671,0,1,Mr George Davis,male,9.97,0,1,A_00671,167.37,,S
672,1,1,Mr Edward Smith,male,36.36,0,0,A_00672,17.03,,S
673,0,1,Mr George Brown,male,41.28,0,0,A_00673,138.69,,S
674,0,2,Mr James Miller,male,21.91,0,0,A_00674,44.79,,Q
675,0,2,Mr George Jones,male,42.09,0,0,PC_00675,164.08,,S
676,1,2,Mr George Miller,male,33.67,0,0,A_00676,73.96,D122,S
677,0,2,Mr Edward Brown,male,20.27,0,0,PC_00677,230.31,,S
678,0,2,Ms Sarah Brown,female,48.53,0,1,A_00678,13.05,,S
679,1,1,Miss Emma Brown,female,15.83,0,0,A_00679,146.14,,C
680,0,1,Mr James Williams,male,30.98,0,0,A_00680,74.7,,Q
681,0,2,Miss Elisabeth Miller,female,51.21,0,0,A_00681,150.46,,C
682,1,1,Mr William Jones,male,26.35,0,0,A_00682,16.96,,C
683,1,2,Mr William Miller,male,23.94,0,1,PC_00683,69.29,,S
684,0,3,Master Charles Miller,male,40.2,0,0,A_00684,83.98,,C
685,1,3,Miss Sarah Wilson,female,17.64,0,0,A_00685,5.7,,S
686,1,1,Miss Margaret Miller,female,28.0,0,0,A_00686,84.13,,S
687,0,2,Mr Robert Brown,male,30.24,0,0,A_00687,32.7,,S
688,1,3,Miss Anna Johnson,female,30.73,0,0,A_00688,129.26,,S
689,0,2,Mr James Brown,male,0.42,1,0,A_00689,24.27,E122,S
690,1,1,Miss Elisabeth Smith,female,11.62,0,0,A_00690,17.31,,C
691,0,2,Mr Robert Davis,male,48.09,0,0,A_00691,167.23,,S
692,1,2,Mrs Margaret Davis,female,11.25,0,0,PC_00692,91.57,,Q
693,0,3,Mr Charles Williams,male,31.25,0,4,A_00693,73.4,,S
694,0,2,Miss Alice Brown,female,37.43,1,4,PC_00694,74.51,C46,S
695,0,3,Mrs Anna Miller,female,30.86,0,2,A_00695,57.78,,S
696,0,1,Mr John Davis,male,37.64,2,0,A_00696,3.72,,S
697,1,2,Mr George Johnson,male,34.31,0,0,A_00697,80.81,E100,S
698,1,3,Miss Mary Brown,female,39.03,0,1,A_00698,40.89,,S
699,0,3,Mr George Johnson,male,21.47,0,0,PC_00699,225.64,F105,S
700,1,3,Miss Anna Smith,female,26.31,1,0,PC_00700,205.31,,S
701,1,3,Mrs Emma Johnson,female,17.42,0,0,A_00701,84.7,,C
702,0,3,Mr James Jones,male,17.07,0,0,A_00702,160.32,,S
703,0,2,Mr James Wilson,male,10.92,0,1,A_00703,115.9,,S
704,1,1,Miss Margaret Davis,female,6.27,1,0,A_00704,49.44,,S
705,1,3,Mr William Brown,male,33.19,0,0,PC_00705,96.37,,S
706,0,3,Master George Brown,male,14.48,0,0,A_00706,7.91,F26,S
707,0,3,Mr George Brown,male,47.01,0,1,PC_00707,88.36,,Q
708,1,1,Miss Elisabeth Wilson,female,21.21,1,0,A_00708,401.69,,C
709,0,3,Mr Charles Davis,male,33.0,0,0,A_00709,44.49,D50,Q
710,0,3,Mr Charles Brown,male,18.94,0,0,A_00710,66.2,,S
711,0,3,Mr George Williams,male,48.26,0,0,PC_00711,194.82,B55,C
712,1,2,Mr William Williams,male,41.12,1,2,A_00712,46.58,E122,S
713,0,3,Miss Alice Davis,female,38.2,2,0,A_00713,35.9,D15,S
714,0,3,Mr William Brown,male,35.2,1,0,A_00714,74.18,,S
715,0,2,Mr Charles Davis,male,0.42,2,0,PC_00715,208.52,C71,S
716,0,3,Mr Robert Brown,male,19.19,1,0,A_00716,244.12,,S
717,0,3,Mr Edward Wilson,male,53.55,0,1,A_00717,300.79,C120,S
718,1,1,Mr John Miller,male,14.4,2,0,PC_00718,140.19,,S
719,0,1,Mr Charles Williams,male,63.14,0,0,A_00719,137.46,,S
720,1,1,Miss Anna Miller,female,54.98,0,0,A_00720,89.33,,S
721,0,3,Mrs Sarah Wilson,female,44.63,0,0,A_00721,65.12,E91,S
722,1,3,Miss Margaret Johnson,female,31.28,0,0,A_00722,28.28,,S
723,0,1,Mr Edward Davis,male,20.78,0,2,PC_00723,47.71,,C
724,0,3,Mr Charles Johnson,male,9.72,0,1,PC_00724,123.45,D92,S
725,0,3,Master James Miller,male,40.25,0,0,A_00725,90.51,,S
726,1,2,Miss Elisabeth Williams,female,1.0,0,0,PC_00726,142.01,,C
727,0,1,Mr James Johnson,male,2.21,0,0,A_00727,40.79,B79,C
728,1,2,Mr Charles Davis,male,50.69,0,0,A_00728,13.04,,S
729,0,1,Mr John Jones,male,24.32,0,0,A_00729,82.03,,S
730,1,2,Mr Edward Williams,male,51.28,0,0,PC_00730,98.35,A104,S
731,0,2,Master James Williams,male,20.98,1,0,A_00731,167.91,,S
732,1,1,Miss Mary Wilson,female,48.56,1,3,A_00732,8.69,,S
733,0,3,Mrs Margaret Williams,female,32.38,0,0,PC_00733,111.21,,S
734,0,2,Mr William Wilson,male,40.81,0,0,A_00734,21.07,F76,S
735,1,1,Mr Edward Smith,male,26.45,2,2,PC_00735,240.02,,S
736,1,3,Miss Anna Williams,female,32.22,0,0,A_00736,109.56,,S
737,1,1,Miss Anna Jones,female,40.3,2,0,PC_00737,77.2,,S
738,0,3,Mr William Davis,male,55.26,2,0,A_00738,81.12,,S
739,1,2,Mr Edward Miller,male,44.38,1,0,PC_00739,182.73,C135,C
740,0,1,Master James Jones,male,26.96,0,0,A_00740,184.53,C29,C
741,0,3,Master Edward Miller,male,1.56,1,0,PC_00741,59.82,,C
742,1,2,Miss Anna Jones,female,27.28,0,1,A_00742,263.12,A125,S
743,1,1,Mr George Davis,male,35.54,0,1,PC_00743,167.0,F26,S
744,0,3,Mr Edward Wilson,male,38.92,0,2,A_00744,83.36,,S
745,1,3,Mrs Emma Smith,female,42.84,0,0,A_00745,116.82,,S
746,1,2,Miss Emma Williams,female,18.11,0,0,A_00746,201.43,,S
747,1,2,Mr William Davis,male,64.18,0,1,PC_00747,28.36,,S
748,0,2,Mr James Williams,male,26.66,0,0,A_00748,9.25,,S
749,0,1,Mr George Jones,male,48.12,0,0,A_00749,170.5,,S
750,1,2,Master Robert Brown,male,39.39,0,5,PC_00750,12.45,,S
751,0,3,Miss Alice Jones,female,28.28,0,6,A_00751,43.66,,S
752,0,3,Master William Williams,male,0.42,2,0,PC_00752,71.21,,C
753,0,3,Miss Margaret Smith,female,29.95,1,0,A_00753,69.66,,S
754,0,3,Master John Wilson,male,25.46,1,0,A_00754,70.73,,S
755,1,1,Mr George Miller,male,34.63,1,0,A_00755,50.19,,S
756,0,1,Mrs Elisabeth Williams,female,38.32,0,0,PC_00756,81.77,,Q
757,0,3,Mr James Miller,male,12.66,1,0,PC_00757,226.66,,S
758,1,2,Master John Smith,male,21.8,0,0,A_00758,24.71,A136,C
759,1,1,Mr James Johnson,male,5.73,0,0,A_00759,22.34,,S
760,0,3,Mr James Johnson,male,40.09,0,1,A_00760,109.09,E43,S
761,0,3,Mr Edward Wilson,male,51.77,0,0,PC_00761,31.03,,S
762,1,2,Miss Margaret Williams,female,30.42,0,0,A_00762,119.09,F110,S
763,1,2,Mr John Smith,male,28.55,0,0,PC_00763,77.02,E147,S
764,0,3,Master George Williams,male,41.34,0,0,A_00764,43.01,,C
765,0,1,Mr Robert Brown,male,27.74,0,0,A_00765,169.61,C2,S
766,1,3,Miss Sarah Jones,female,43.9,0,0,A_00766,49.51,,S
767,0,3,Miss Elisabeth Wilson,female,32.81,1,0,PC_00767,56.74,F102,S
768,1,1,Miss Anna Jones,female,0.42,0,0,A_00768,38.21,,C
769,1,3,Mr William Williams,male,0.42,0,1,A_00769,78.16,D28,Q
770,1,1,Mr George Brown,male,26.07,1,0,A_00770,86.18,,S
771,1,1,Mr George Brown,male,21.74,0,2,A_00771,19.67,,S
772,1,1,Mr John Williams,male,49.71,0,0,A_00772,111.53,,C
773,1,1,Miss Sarah Davis,female,22.76,1,1,PC_00773,14.78,,C
774,1,2,Miss Elisabeth Jones,female,40.34,0,4,A_00774,90.1,D66,C
775,0,3,Master Robert Davis,male,13.17,1,0,A_00775,49.29,,S
776,0,3,Mr Edward Miller,male,17.36,0,0,A_00776,52.38,,S
777,0,3,Mr John Brown,male,33.4,0,0,PC_00777,143.78,,S
778,0,1,Mr William Davis,male,29.51,0,0,A_00778,76.49,,S
779,1,1,Mr John Johnson,male,5.65,1,0,PC_00779,129.58,A85,S
780,0,3,Mr Charles Williams,male,41.11,0,0,A_00780,248.02,D31,S
781,0,3,Mr Robert Johnson,male,10.67,0,4,A_00781,158.7,D122,S
782,1,2,Mr James Davis,male,31.49,1,3,A_00782,325.96,F51,S
783,1,3,Mr John Wilson,male,3.79,1,0,A_00783,39.88,F62,Q
784,0,3,Mr William Wilson,male,40.05,0,0,A_00784,302.83,F70,C
785,0,3,Master George Johnson,male,40.51,0,2,A_00785,172.07,,S
786,1,3,Mrs Anna Miller,female,37.31,0,0,A_00786,118.2,,C
787,1,1,Mr John Williams,male,45.54,1,1,PC_00787,29.17,,S
788,1,1,Miss Anna Smith,female,14.14,0,0,A_00788,44.48,,S
789,1,1,Miss Emma Jones,female,31.23,0,1,A_00789,43.0,,S
790,0,2,Mr John Wilson,male,58.46,0,0,PC_00790,21.0,,S
791,1,1,Mr Robert Miller,male,44.66,1,0,A_00791,21.63,,S
792,0,2,Ms Alice Wilson,female,10.98,0,0,A_00792,92.21,D108,S
793,0,3,Miss Elisabeth Brown,female,40.19,1,0,PC_00793,72.77,,S
794,1,1,Mr Edward Williams,male,10.1,0,2,A_00794,112.11,,S
795,0,2,Mr James Davis,male,32.02,0,0,A_00795,47.57,,S
796,0,3,Master George Brown,male,19.23,0,0,A_00796,94.06,,S
797,0,3,Miss Elisabeth Brown,female,28.21,0,1,A_00797,162.35,E121,S
798,0,3,Mr John Wilson,male,43.85,0,0,A_00798,106.99,C37,S
799,0,2,Miss Margaret Brown,female,28.19,0,0,A_00799,132.88,,S
800,1,3,Mr William Jones,male,36.03,1,0,PC_00800,215.42,,S
801,1,3,Mr James Brown,male,19.66,0,0,A_00801,113.67,,S
802,0,1,Mr James Smith,male,48.74,0,0,A_00802,172.76,,S
803,1,3,Mr James Miller,male,30.01,1,0,PC_00803,28.53,,S
804,1,1,Mr Edward Jones,male,10.98,1,0,PC_00804,111.79,F143,Q
805,0,1,Mr Charles Jones,male,38.09,0,0,A_00805,34.67,,S
806,1,3,Mr Charles Smith,male,12.24,0,0,A_00806,120.94,,S
807,1,2,Mr John Wilson,male,29.31,0,0,A_00807,67.22,,Q
808,0,3,Master Edward Jones,male,57.45,1,0,A_00808,117.73,F59,S
809,0,3,Mrs Alice Davis,female,16.83,0,0,A_00809,41.82,D123,S
810,0,3,Mr Robert Williams,male,13.26,1,1,PC_00810,132.43,,S
811,1,3,Miss Emma Brown,female,38.26,0,0,PC_00811,60.89,,C
812,1,3,Miss Alice Smith,female,20.19,1,0,PC_00812,115.81,,S
813,1,2,Mr Edward Davis,male,35.59,0,0,A_00813,158.58,,S
814,0,3,Mrs Sarah Williams,female,37.16,0,0,A_00814,240.67,,S
815,1,2,Mr William Miller,male,36.53,0,1,A_00815,152.78,,S
816,0,2,Mr Edward Brown,male,68.28,0,2,A_00816,68.47,,S
817,0,3,Mrs Margaret Davis,female,30.11,0,0,A_00817,156.18,,S
818,1,1,Mr Edward Johnson,male,20.11,0,0,A_00818,89.82,,S
819,0,3,Mr John Jones,male,37.81,0,0,A_00819,9.35,C104,Q
820,0,1,Mr James Wilson,male,22.97,0,0,A_00820,124.37,,S
821,0,3,Master Robert Jones,male,40.93,0,3,A_00821,97.79,F25,C
822,1,2,Mrs Emma Smith,female,12.8,1,1,A_00822,47.6,,C
823,0,3,Master James Williams,male,36.74,2,0,PC_00823,17.98,,S
824,1,2,Miss Emma Wilson,female,28.43,0,0,PC_00824,144.38,,S
825,0,3,Miss Alice Smith,female,31.68,0,0,PC_00825,10.74,,S
826,1,2,Master James Jones,male,23.29,2,2,A_00826,38.72,,S
827,0,3,Mr Charles Smith,male,18.79,1,0,A_00827,73.88,,C
828,0,2,Master John Williams,male,28.4,0,0,A_00828,47.2,,S
829,1,1,Mrs Alice Smith,female,0.42,0,0,A_00829,134.95,C102,S
830,1,1,Mrs Elisabeth Brown,female,45.98,0,1,A_00830,131.02,,S
831,0,3,Mr James Jones,male,5.26,0,0,A_00831,92.12,,S
832,1,2,Mrs Margaret Johnson,female,48.87,0,0,PC_00832,126.18,,C
833,0,2,Mr Robert Jones,male,29.47,1,2,PC_00833,116.57,,S
834,0,3,Miss Anna Jones,female,38.2,1,0,A_00834,110.41,F87,S
835,0,1,Mr Robert Davis,male,28.9,0,0,PC_00835,117.17,C127,C
836,0,2,Miss Alice Miller,female,31.78,0,0,PC_00836,18.49,C14,S
837,0,1,Mr John Miller,male,8.72,0,0,A_00837,184.6,,C
838,1,2,Mr William Davis,male,12.06,1,2,PC_00838,70.58,,C
839,1,3,Mr John Smith,male,18.23,0,1,PC_00839,48.31,,C
840,0,3,Mr Robert Smith,male,25.54,0,0,A_00840,168.84,,S
841,0,3,Mr Charles Davis,male,43.61,0,0,PC_00841,131.26,,S
842,1,1,Mr John Wilson,male,9.97,1,0,A_00842,312.06,E89,S
843,1,2,Mr William Brown,male,26.24,0,0,A_00843,69.64,,S
844,1,2,Miss Elisabeth Johnson,female,47.97,0,1,A_00844,57.72,,Q
845,1,3,Mrs Margaret Williams,female,19.4,0,0,A_00845,9.67,,S
846,0,3,Mr John Davis,male,12.46,0,1,PC_00846,65.66,B34,S
847,1,1,Mr Robert Williams,male,14.29,0,0,PC_00847,167.79,,C
848,0,3,Mrs Sarah Davis,female,23.5,0,0,PC_00848,70.65,,S
849,0,1,Mr Robert Williams,male,38.29,1,0,A_00849,97.09,,Q
850,1,1,Mr William Johnson,male,17.31,0,0,PC_00850,92.27,D99,S
851,1,3,Miss Margaret Williams,female,14.65,1,0,PC_00851,16.09,F144,S
852,1,2,Mr Charles Johnson,male,14.89,0,0,A_00852,221.45,,S
853,1,2,Mr William Johnson,male,37.84,1,0,A_00853,169.72,,S
854,1,1,Master William Smith,male,26.57,1,1,PC_00854,84.37,,S
855,0,1,Mr Charles Miller,male,28.83,0,2,A_00855,131.63,,S
856,1,1,Miss Anna Davis,female,39.84,0,0,PC_00856,11.25,,S
857,0,3,Mr Robert Miller,male,46.49,1,0,PC_00857,37.27,E124,S
858,0,3,Mrs Alice Brown,female,11.09,0,0,A_00858,73.61,,S
859,1,2,Mr Robert Johnson,male,19.43,0,0,A_00859,24.96,,S
860,0,3,Mr John Smith,male,8.62,0,0,PC_00860,264.56,,S
861,0,1,Miss Emma Johnson,female,44.28,0,0,A_00861,130.33,C9,S
862,1,2,Master Edward Jones,male,13.64,0,2,A_00862,62.39,D39,S
863,0,3,Mr George Jones,male,21.17,0,0,A_00863,95.84,D9,S
864,0,2,Mr Edward Miller,male,25.09,1,1,A_00864,77.16,,S
865,0,3,Miss Margaret Brown,female,18.24,0,1,A_00865,67.23,,C
866,0,3,Mr George Jones,male,54.41,0,0,A_00866,96.1,,S
867,0,3,Mr John Jones,male,33.77,2,1,A_00867,90.09,,S
868,0,3,Miss Margaret Smith,female,23.97,2,2,A_00868,129.08,,S
869,0,3,Mr Edward Smith,male,44.67,1,2,A_00869,9.39,,S
870,0,3,Mr George Jones,male,45.73,1,0,PC_00870,84.88,,Q
871,0,2,Mr William Johnson,male,22.48,0,1,A_00871,59.43,B17,S
872,0,3,Miss Mary Miller,female,12.08,0,1,A_00872,207.34,,C
873,1,2,Master Edward Miller,male,55.0,2,1,PC_00873,68.55,,S
874,0,3,Master George Brown,male,61.93,0,0,A_00874,133.01,,S
875,1,3,Mr James Miller,male,27.51,0,2,A_00875,15.08,,S
876,0,3,Mrs Mary Miller,female,34.18,0,0,PC_00876,98.7,,S
877,1,2,Mr George Jones,male,54.53,8,0,A_00877,271.9,C84,S
878,1,1,Mr Charles Brown,male,10.67,0,0,A_00878,30.5,A71,S
879,0,2,Miss Margaret Jones,female,40.81,0,0,A_00879,79.83,A2,S
880,1,1,Mr George Johnson,male,27.84,0,0,A_00880,123.64,B33,S
881,1,1,Miss Sarah Brown,female,46.82,4,0,PC_00881,105.45,F100,S
882,1,1,Mr George Wilson,male,22.72,0,2,PC_00882,59.24,E49,S
883,1,3,Miss Mary Davis,female,38.92,0,2,PC_00883,52.83,A1,Q
884,0,3,Mrs Anna Jones,female,17.11,0,0,A_00884,211.65,F38,S
885,0,1,Mr George Wilson,male,36.64,2,0,A_00885,53.38,A74,C
886,1,1,Mr James Wilson,male,27.2,1,0,A_00886,122.35,,S
887,1,2,Mr John Jones,male,34.67,4,0,A_00887,140.06,,Q
888,0,2,Mr Charles Smith,male,21.12,2,2,PC_00888,279.66,F142,S
889,1,2,Mr Edward Miller,male,28.44,1,0,PC_00889,83.96,,S
890,1,1,Mr Charles Williams,male,12.57,0,0,PC_00890,67.04,,S
891,1,1,Master George Wilson,male,27.37,1,0,A_00891,27.55,B31,S
