Year,Mileage,EngineSize,BHP,Seats,Doors,Transmission,FuelType,Price
2017,117465,1.4,114,7,4,Automatic,Electric,38775.96
2016,124614,1.3,204,5,5,Manual,Electric,41755.03
2004,162807,2.2,131,7,4,Automatic,Hybrid,25061.73
2007,106042,2.8,189,7,4,Manual,Diesel,21724.64
2009,170898,1.0,61,2,2,Automatic,Petrol,16307.28
2006,80295,3.7,-40,5,2,Automatic,Hybrid,23973.59
2002,193534,2.7,132,7,4,Manual,Diesel,22123.11
2006,49999,4.1,124,2,5,Automatic,Hybrid,42554.61
2020,214943,2.3,40,4,5,Automatic,Diesel,15613.53
2010,151137,4.7,194,2,5,Manual,Hybrid,40965.43
2016,21892,3.8,131,4,4,Automatic,Hybrid,44809.47
2007,82782,3.5,100,2,2,Manual,Electric,40791.44
2018,201283,3.8,206,2,2,Automatic,Petrol,33475.62
2011,36551,1.2,59,2,2,Manual,Hybrid,34877.67
2020,201209,2.1,163,5,5,Manual,Petrol,24394.19
2000,49041,4.5,153,5,4,Automatic,Petrol,25731.85
2015,71141,1.5,114,7,2,Automatic,Diesel,21932.14
2007,221872,4.0,62,5,5,Automatic,Electric,32603.25
2005,249567,0.9,50,7,5,Manual,Electric,18000
2001,26217,2.2,159,7,2,Automatic,Hybrid,39832.94
2002,33222,3.0,84,2,4,Manual,Diesel,19650.36
2001,150214,0.9,173,5,5,Automatic,Petrol,11425.86
2003,56519,0.9,215,4,5,Automatic,Hybrid,32628.18
2008,204893,4.1,164,5,5,Automatic,Hybrid,39388.62
2013,246050,0.9,182,7,2,Automatic,Hybrid,28070.23
2000,35241,3.8,116,2,5,Manual,Petrol,16141.49
2000,21864,3.3,46,7,5,Automatic,Diesel,23051.05
2020,184762,0.9,191,4,4,Manual,Diesel,25559.28
2009,211531,3.1,185,4,4,Manual,Hybrid,31425.3
2014,191456,4.0,42,5,4,Automatic,Hybrid,26709.97
2017,65575,4.9,158,5,5,Manual,Petrol,40334.53
2000,29817,2.6,80,5,4,Automatic,Diesel,5000
2002,57404,2.9,135,7,5,Automatic,Petrol,24772.37
2020,120387,3.5,94,2,5,Manual,Electric,43832.29
2008,241624,3.1,120,5,2,Automatic,Hybrid,25529.61
2012,16584,2.7,35,4,2,Manual,Diesel,27769.35
2004,4498,2.1,23,2,2,Automatic,Electric,35026.99
2014,244623,2.1,84,2,2,Manual,Petrol,8887.36
2005,2953,4.0,105,7,2,Automatic,Petrol,34856.67
2013,77218,3.5,129,7,2,Manual,Hybrid,35303.27
2011,95192,2.2,127,2,4,Manual,Hybrid,35232.98
2018,206848,4.5,38,2,4,Automatic,Hybrid,28532.94
2015,138919,3.9,87,2,5,Automatic,Electric,31697.92
2003,228082,3.0,193,2,2,Automatic,Diesel,18156.27
2001,240464,1.6,107,7,4,Automatic,Petrol,4500
2005,165058,1.9,87,2,4,Automatic,Petrol,16933.38
2015,248508,2.3,73,5,5,Manual,Electric,34269.33
2003,43328,0.8,125,7,2,Manual,Diesel,14995.3
2007,47366,1.8,160,5,2,Manual,Hybrid,36057.64
2006,189360,3.2,89,2,4,Manual,Hybrid,22405.11
2000,64889,3.8,75,2,5,Manual,Petrol,13910.58
2012,194822,0.9,233,4,5,Manual,Electric,31885.12
2013,180214,1.5,113,4,2,Manual,Electric,40307.54
2006,10020,4.9,167,5,2,Automatic,Petrol,35037.93
2011,78294,4.0,114,7,5,Manual,Petrol,31108.99
2020,2794,3.4,152,4,4,Automatic,Diesel,40698.99
2015,136987,2.2,154,7,4,Manual,Petrol,19197.85
2009,191663,1.9,109,7,4,Manual,Hybrid,17274.39
2003,133576,4.8,148,5,5,Automatic,Hybrid,31165.14
2005,103374,1.9,164,5,5,Manual,Petrol,14754.01
2011,38513,2.9,110,5,2,Manual,Petrol,27518.28
2005,111703,2.1,43,7,2,Manual,Electric,31650.82
2001,237637,3.5,240,2,2,Manual,Diesel,18802.52
2004,41922,2.6,211,5,5,Automatic,Petrol,25921.93
2017,197921,4.5,89,5,5,Manual,Diesel,20705.26
2015,7880,1.6,123,2,4,Automatic,Hybrid,36067.67
2020,204047,2.6,162,2,5,Automatic,Petrol,34282.33
2018,126587,2.6,113,4,4,Manual,Electric,47800.01
2011,180880,3.1,8,5,2,Manual,Diesel,14392.44
2016,22502,1.3,173,7,2,Automatic,Hybrid,42067.78
2003,191193,3.7,156,7,2,Automatic,Diesel,20927.67
2007,33670,2.6,146,2,2,Automatic,Electric,36908.46
2015,114841,2.9,164,7,4,Manual,Electric,41230.96
2017,179200,4.2,188,5,5,Automatic,Hybrid,43433.69
2001,237302,1.9,154,7,4,Automatic,Petrol,10975.24
2009,83883,1.2,55,7,4,Automatic,Electric,39112.98
2003,90933,2.3,104,7,5,Manual,Petrol,17091.75
2000,223154,5.0,86,5,4,Automatic,Electric,23875.37
2020,99714,2.9,97,5,2,Manual,Hybrid,40788.84
2016,168419,2.8,193,5,2,Manual,Electric,48133.93
2012,31779,2.9,19,2,5,Automatic,Electric,37235.58
2011,166700,4.1,113,2,5,Automatic,Petrol,24377.73
2006,64205,4.6,120,4,4,Automatic,Petrol,30222.23
2015,204940,2.0,199,4,5,Manual,Petrol,26008.66
2007,84633,4.4,172,7,2,Manual,Hybrid,34071.61
2018,19552,2.5,231,2,4,Automatic,Hybrid,48287.8
2019,113320,4.0,125,2,5,Manual,Hybrid,37310.98
2012,99115,3.0,142,4,4,Automatic,Diesel,27954.8
2011,51399,2.9,183,5,2,Automatic,Electric,46824.0
2019,247080,2.7,133,4,4,Automatic,Diesel,18262.03
2017,27251,4.8,99,5,4,Automatic,Petrol,34196.06
2003,103376,2.0,155,4,5,Automatic,Hybrid,26283.2
2002,171553,1.4,141,7,2,Manual,Petrol,13506.06
2015,150244,3.6,84,7,5,Manual,Diesel,24596.69
2012,163963,3.5,159,4,2,Automatic,Diesel,31323.14
2007,100394,1.8,200,7,5,Automatic,Diesel,34543.66
2006,107948,1.9,77,2,4,Automatic,Hybrid,19376.47
2018,44607,2.5,153,5,2,Automatic,Electric,50043.06
2007,213532,3.9,120,5,4,Manual,Diesel,22716.86
2008,16571,3.5,120,7,4,Automatic,Petrol,26642.81
2018,61509,1.8,136,5,4,Automatic,Diesel,31626.45
2006,19050,3.8,129,5,5,Automatic,Petrol,32719.6
2008,34467,4.3,136,4,5,Automatic,Diesel,27709.46
2012,228395,3.4,116,5,2,Manual,Electric,36147.27
2019,69914,2.4,167,4,4,Automatic,Electric,48758.17
2003,121203,1.4,173,4,4,Automatic,Hybrid,27917.82
2006,48078,2.1,167,4,5,Manual,Diesel,24296.93
2005,10205,4.1,186,7,2,Manual,Electric,46589.77
2018,202199,4.0,41,7,2,Manual,Petrol,16646.37
2003,63839,2.1,172,7,5,Automatic,Diesel,18809.88
2003,128609,1.7,222,5,5,Automatic,Petrol,23220.85
2000,184455,0.8,92,2,4,Manual,Diesel,7503.3
2007,110935,4.6,196,4,4,Manual,Hybrid,31534.05
2001,92600,2.7,86,4,4,Manual,Petrol,2500
2013,128464,1.3,209,2,5,Automatic,Hybrid,26041.36
2020,188642,1.8,-30,4,5,Manual,Hybrid,24724.69
2020,45039,2.1,194,7,5,Automatic,Petrol,33265.3
2007,123448,1.0,202,7,5,Automatic,Diesel,23549.54
2009,27246,2.7,121,4,5,Manual,Electric,43209.36
2019,154706,3.6,169,4,2,Manual,Hybrid,44106.42
2003,218847,4.2,224,2,2,Manual,Petrol,11876.97
2006,180683,4.8,86,4,5,Automatic,Petrol,19625.63
2001,239410,2.0,125,5,5,Manual,Diesel,3376.75
2008,7663,1.8,151,7,2,Manual,Diesel,26713.19
2013,161719,1.0,140,4,2,Manual,Petrol,14345.04
2000,19132,3.6,115,5,5,Manual,Hybrid,23354.39
2002,170727,1.8,86,4,5,Manual,Diesel,7272.94
2004,235520,3.9,198,4,4,Automatic,Petrol,13012.77
2005,203542,4.3,82,7,2,Manual,Diesel,9222.19
2005,117347,3.6,205,4,2,Automatic,Petrol,38367.1
2007,104809,2.0,177,5,5,Automatic,Diesel,23405.55
2020,176853,2.4,205,2,4,Manual,Electric,44156.42
2018,30607,4.9,80,5,4,Automatic,Hybrid,37546.03
2000,9178,1.1,216,4,5,Manual,Hybrid,34597.23
2018,44035,1.4,152,5,2,Automatic,Hybrid,47905.83
2013,53528,0.9,48,5,5,Manual,Hybrid,32138.48
2012,107583,4.3,95,5,2,Automatic,Electric,33235.07
2004,183039,1.8,133,5,5,Manual,Hybrid,25226.15
2001,125599,2.1,148,4,5,Manual,Petrol,16779.65
2001,3660,1.1,188,7,4,Manual,Petrol,22063.1
2004,176507,1.4,179,4,5,Automatic,Electric,33435.45
2018,62329,4.3,130,7,2,Automatic,Electric,57554.62
2010,34204,4.0,148,7,5,Automatic,Diesel,30334.38
2003,7209,0.9,166,7,4,Manual,Petrol,17380.79
2007,125976,3.6,157,2,5,Manual,Petrol,23920.97
2001,116820,4.8,172,4,2,Manual,Hybrid,33689.67
2003,207252,2.3,190,4,2,Manual,Petrol,12084.02
2001,24619,2.7,113,4,2,Manual,Diesel,15950.16
2009,145791,1.6,181,2,5,Automatic,Diesel,25555.85
2010,107301,3.7,127,5,4,Manual,Diesel,15641.72
2009,147168,2.0,152,7,4,Manual,Petrol,24479.94
2001,164255,1.4,82,2,5,Manual,Petrol,7864.21
2006,31625,2.6,-29,7,4,Manual,Hybrid,16399.23
2011,228651,3.5,223,5,2,Automatic,Diesel,20234.04
2008,243287,2.2,136,5,2,Automatic,Diesel,15555.51
2007,135123,2.5,143,5,4,Manual,Petrol,23609.26
2011,59176,2.4,85,5,2,Automatic,Petrol,31256.28
2013,5150,0.8,95,5,2,Manual,Petrol,28038.71
2019,214802,2.5,186,2,2,Automatic,Diesel,25125.8
2000,59708,1.4,40,4,4,Automatic,Petrol,7209.22
2008,84527,1.7,82,7,2,Manual,Electric,33369.16
2003,224864,1.5,176,4,4,Automatic,Electric,30320.94
2017,215098,1.9,156,2,5,Automatic,Diesel,31513.4
2018,228072,1.1,112,2,5,Automatic,Diesel,22960.67
2016,218000,1.1,280,4,5,Automatic,Hybrid,39214.63
2011,169656,4.7,145,4,5,Manual,Hybrid,31316.64
2008,168630,3.3,180,2,2,Automatic,Hybrid,23907.15
2014,173498,2.7,141,4,4,Automatic,Electric,45059.86
2005,249852,3.0,141,7,5,Manual,Diesel,8884.5
2018,190241,3.4,97,4,5,Automatic,Hybrid,29120.25
2005,221291,3.1,74,4,4,Automatic,Diesel,13545.77
2014,42214,3.3,107,7,4,Manual,Petrol,25594.39
2001,31719,3.8,105,2,5,Manual,Hybrid,28891.77
2019,128962,1.3,212,4,5,Automatic,Hybrid,33278.88
2000,72228,4.3,24,7,4,Automatic,Electric,35774.73
2011,184180,3.3,228,4,4,Automatic,Diesel,24186.31
2008,214016,1.6,132,2,5,Automatic,Diesel,22215.89
2004,18112,4.0,265,4,2,Manual,Hybrid,46237.63
2009,167398,0.9,151,4,5,Manual,Hybrid,30795.01
2007,223157,4.0,54,7,4,Automatic,Diesel,13130.79
2015,111881,4.4,219,4,2,Manual,Electric,55305.3
2001,102837,1.9,51,5,4,Manual,Petrol,12480.48
2012,185142,1.8,4,5,5,Manual,Diesel,14745.85
2000,206932,3.6,186,5,2,Automatic,Electric,22998.69
2017,216715,3.1,182,7,4,Automatic,Petrol,22592.13
2008,168027,1.0,176,4,2,Automatic,Diesel,16123.15
2009,227471,2.1,69,2,2,Automatic,Hybrid,22467.07
2005,125082,4.9,78,5,5,Automatic,Electric,45514.84
2012,136049,3.3,-66,5,5,Automatic,Diesel,17393.27
2001,104656,4.9,194,5,4,Automatic,Hybrid,29394.61
2002,220397,2.0,134,5,4,Manual,Hybrid,11000
2017,45598,1.5,99,5,5,Manual,Diesel,31744.68
2011,10106,3.6,217,2,4,Automatic,Hybrid,45467.94
2001,171078,3.9,20,7,5,Manual,Hybrid,15123.13
2004,105553,1.6,163,7,4,Manual,Hybrid,26157.94
2010,246101,3.0,68,4,2,Manual,Hybrid,21072.41
2004,113167,3.0,161,7,4,Automatic,Diesel,23349.04
2018,215049,2.8,83,5,4,Automatic,Hybrid,34537.36
2019,50660,4.4,218,2,2,Automatic,Petrol,46189.29
2005,36446,4.9,137,2,5,Automatic,Petrol,32298.44
2019,203276,1.8,165,7,4,Manual,Petrol,19663.71
2004,227194,0.9,74,5,4,Automatic,Hybrid,13000
2014,154448,1.9,88,5,2,Manual,Petrol,17283.6
2005,170551,4.2,101,7,4,Manual,Diesel,14259.94
2008,121738,2.1,164,2,2,Automatic,Hybrid,27130.61
2008,224163,2.8,240,4,2,Automatic,Petrol,24931.52
2011,129184,2.5,189,5,2,Automatic,Hybrid,24253.31
2018,172643,3.3,147,2,4,Automatic,Hybrid,39156.07
2008,138752,3.2,95,5,2,Automatic,Diesel,19287.7
2017,60784,4.4,224,2,2,Automatic,Electric,55753.8
2007,237779,3.8,188,4,4,Manual,Hybrid,23622.2
2004,195092,1.2,87,4,2,Automatic,Petrol,15934.0
2003,198839,3.1,189,4,4,Automatic,Diesel,23048.4
2013,5669,0.9,181,5,4,Automatic,Diesel,38413.92
2008,35265,4.0,41,5,5,Automatic,Petrol,36851.63
2004,92408,4.9,180,5,2,Manual,Diesel,17949.0
2009,222811,3.0,96,5,2,Automatic,Electric,36758.23
2002,158909,2.2,91,4,5,Manual,Hybrid,18420.31
2002,218273,4.0,235,2,4,Automatic,Petrol,19082.94
2017,183035,3.8,154,5,5,Automatic,Electric,40942.43
2018,217488,1.8,151,7,4,Manual,Electric,30349.21
2012,209431,1.3,172,7,4,Manual,Electric,25422.57
2011,96011,1.3,48,5,2,Manual,Petrol,19201.39
2000,161313,1.2,34,2,2,Manual,Diesel,4455.12
2008,148053,4.0,163,7,2,Automatic,Petrol,32236.82
2001,50676,1.9,57,4,5,Manual,Petrol,16972.69
2020,218352,4.3,178,7,4,Manual,Petrol,28118.52
2016,58990,0.8,172,5,4,Manual,Petrol,33125.52
2005,24745,1.7,151,7,5,Manual,Petrol,18469.46
2002,157562,4.5,94,7,4,Automatic,Petrol,19599.06
2004,65797,2.3,187,2,5,Automatic,Hybrid,43775.79
2012,158201,1.0,131,7,2,Automatic,Electric,37204.31
2003,226028,4.3,125,7,5,Automatic,Hybrid,21547.16
2000,14566,1.4,81,2,4,Manual,Electric,27626.35
2004,22327,3.8,59,5,5,Manual,Petrol,20132.14
2008,234647,4.6,148,4,2,Manual,Diesel,24406.08
2001,116674,2.7,133,5,5,Manual,Petrol,15892.99
2004,31872,4.1,70,4,4,Automatic,Electric,35157.23
2002,190088,2.5,80,2,5,Automatic,Diesel,10268.66
2001,232690,4.2,193,7,5,Automatic,Diesel,23517.71
2014,113937,2.7,126,4,4,Manual,Electric,45193.22
2004,174754,4.9,44,7,4,Manual,Diesel,18819.9
2007,248045,3.9,226,5,5,Manual,Diesel,13902.06
2008,149184,2.7,115,4,4,Automatic,Hybrid,23071.59
2008,78501,4.4,79,7,2,Manual,Diesel,26829.26
2012,102072,0.8,193,2,5,Manual,Electric,34711.48
2019,135542,4.6,157,2,2,Manual,Petrol,32002.27
2001,64539,1.6,148,4,2,Automatic,Hybrid,29391.59
2013,95897,4.9,130,7,5,Manual,Petrol,27426.05
2016,172355,3.3,123,2,4,Manual,Electric,42611.54
2016,20512,2.9,66,4,2,Manual,Hybrid,49057.78
2010,14075,3.1,172,4,2,Manual,Petrol,22934.33
2005,141991,3.0,200,5,4,Automatic,Electric,43936.11
2007,55865,1.5,43,5,5,Automatic,Petrol,8313.07
2009,186651,1.7,143,7,5,Manual,Diesel,3951.29
2017,154010,3.1,187,2,5,Manual,Electric,47488.09
2007,245408,4.0,59,5,2,Manual,Electric,24401.73
2010,213249,5.0,102,7,4,Automatic,Diesel,10979.81
2000,234184,3.4,114,5,4,Automatic,Petrol,16963.89
2001,32570,3.0,46,5,2,Automatic,Diesel,10603.75
2018,249367,3.2,115,4,4,Manual,Diesel,20249.0
2014,107585,4.8,184,5,2,Automatic,Diesel,35105.07
2006,199213,4.1,158,2,2,Manual,Petrol,15510.15
2008,162087,1.8,171,2,2,Manual,Hybrid,33413.79
2011,158590,4.1,183,2,5,Automatic,Diesel,26597.31
2020,233687,4.9,135,4,2,Automatic,Hybrid,32493.75
2015,66929,3.3,158,5,5,Automatic,Electric,48029.68
2003,100180,0.9,117,2,5,Automatic,Hybrid,26910.08
2002,92299,1.3,143,7,2,Automatic,Hybrid,24531.39
2020,88094,1.7,96,7,4,Manual,Electric,41251.78
2009,199479,3.8,202,5,2,Manual,Petrol,28094.19
2016,243127,3.5,197,5,2,Manual,Hybrid,33434.84
2010,182924,3.2,157,4,5,Manual,Electric,40938.86
2012,55160,4.9,135,2,2,Automatic,Electric,47557.74
2017,25554,1.7,178,2,2,Manual,Diesel,34974.26
2001,46929,4.8,141,7,4,Manual,Diesel,18096.53
2017,237632,4.4,56,4,2,Manual,Electric,30942.43
2014,131644,2.0,133,4,4,Automatic,Petrol,25332.89
2002,24547,4.3,157,2,5,Automatic,Petrol,31340.7
2020,132187,2.4,199,7,5,Automatic,Hybrid,43784.24
2000,137909,2.3,161,7,2,Manual,Electric,34294.37
2015,114678,2.9,202,7,4,Manual,Petrol,34621.99
2019,121852,2.9,196,2,4,Manual,Electric,48943.88
2010,211818,3.2,110,4,5,Automatic,Diesel,25671.55
2003,164853,2.3,51,7,5,Automatic,Electric,26717.09
2011,88102,4.4,186,5,5,Manual,Diesel,33497.53
2011,60982,1.5,163,4,2,Automatic,Petrol,30470.97
2011,69934,3.1,227,2,4,Automatic,Diesel,35611.29
2005,96337,4.8,134,7,5,Automatic,Electric,29253.89
2015,27529,4.3,212,4,4,Manual,Electric,57366.7
2003,209246,1.8,139,7,4,Automatic,Diesel,20252.97
2011,166746,1.0,173,4,2,Automatic,Hybrid,26515.17
2008,138943,2.5,98,7,5,Manual,Hybrid,22912.96
2007,143282,3.8,125,7,2,Manual,Petrol,32514.04
2002,74306,1.1,137,2,4,Manual,Electric,34234.71
2002,125204,3.4,186,7,4,Manual,Hybrid,20008.11
2004,110668,4.7,153,2,2,Manual,Electric,45176.11
2000,197597,3.9,103,7,5,Automatic,Petrol,16259.29
2009,89825,1.0,187,7,5,Automatic,Petrol,32665.99
2004,33971,0.9,71,5,2,Manual,Electric,29140.38
2011,111133,4.7,218,4,5,Automatic,Diesel,29640.17
2015,81224,2.1,298,7,2,Manual,Hybrid,50317.99
2016,81184,3.7,135,5,4,Manual,Electric,50304.42
2007,111432,4.8,178,2,4,Manual,Hybrid,34011.73
2002,167433,2.0,156,2,2,Manual,Electric,31246.31
2016,136224,1.7,100,2,4,Manual,Diesel,21547.23
2019,196220,3.8,98,4,4,Manual,Hybrid,37665.84
2018,154766,4.6,151,5,2,Manual,Hybrid,41019.35
2016,37731,4.2,203,7,2,Manual,Petrol,41012.21
2015,36840,3.6,184,5,2,Automatic,Diesel,35184.85
2013,76448,3.3,111,7,2,Automatic,Hybrid,42119.51
2006,140816,3.1,85,5,2,Manual,Electric,24166.61
2018,85057,4.6,119,4,5,Manual,Electric,49268.02
2005,116561,2.3,25,7,5,Manual,Diesel,16318.78
2007,29565,2.1,140,4,2,Automatic,Petrol,21755.4
2005,59762,2.4,88,5,5,Automatic,Diesel,11825.1
2011,128676,2.3,159,7,5,Manual,Hybrid,24763.43
2010,26271,1.3,68,2,5,Automatic,Diesel,22111.7
2015,86087,4.9,125,7,2,Manual,Hybrid,46023.61
2017,130061,4.5,200,2,5,Manual,Petrol,35921.76
2020,184360,2.3,98,2,4,Automatic,Diesel,18945.34
2005,221056,4.4,48,7,2,Manual,Electric,32903.58
2007,106585,0.8,149,5,4,Automatic,Hybrid,29352.31
2006,52826,4.7,65,4,4,Manual,Electric,36022.53
2016,178917,2.3,180,4,5,Automatic,Hybrid,41635.99
2009,36874,4.5,95,4,5,Automatic,Hybrid,37567.36
2000,160408,1.6,193,4,4,Manual,Electric,22932.64
2011,223372,1.9,135,4,5,Manual,Electric,37637.34
2020,24049,1.7,167,4,2,Manual,Electric,54491.86
2020,76912,2.2,67,2,4,Automatic,Electric,38264.91
2012,77191,2.0,203,7,2,Automatic,Electric,43293.33
2004,189770,1.8,98,5,2,Manual,Electric,23424.46
2003,172649,1.5,195,7,4,Automatic,Electric,30850.08
2012,188677,2.2,40,2,5,Automatic,Petrol,13893.82
2016,37912,3.5,74,2,2,Automatic,Hybrid,38096.86
2011,226669,3.9,82,4,5,Manual,Petrol,20918.49
2005,150321,2.8,227,5,5,Manual,Hybrid,29779.65
2020,146375,2.7,161,2,5,Automatic,Electric,52075.49
2013,53511,5.0,58,7,4,Automatic,Petrol,27218.64
2017,21087,3.1,31,7,5,Manual,Electric,40303.8
2012,146991,3.1,161,5,4,Manual,Hybrid,37784.18
2008,106945,2.6,74,2,4,Manual,Diesel,13505.47
2004,223389,2.9,-48,7,2,Manual,Diesel,4613.23
2010,120624,3.8,148,4,5,Manual,Petrol,23075.8
2009,129740,2.5,144,5,4,Manual,Hybrid,30926.48
2009,84900,1.5,143,2,4,Manual,Diesel,16155.62
2003,244629,4.0,40,7,4,Manual,Petrol,2500
2003,127319,1.7,192,7,2,Automatic,Electric,31380.39
2013,101182,4.9,101,5,4,Automatic,Electric,48013.53
2017,237604,3.9,162,4,4,Automatic,Electric,48504.52
2006,223997,2.9,108,2,5,Manual,Petrol,13203.84
2007,105108,4.5,164,7,4,Manual,Diesel,25148.77
2015,46374,1.6,105,5,4,Automatic,Electric,45637.68
2003,84676,1.5,95,4,4,Manual,Electric,37603.41
2014,158050,1.3,137,5,4,Automatic,Diesel,27702.43
2006,33371,1.4,222,2,4,Manual,Electric,37651.08
2011,206872,3.3,102,4,4,Manual,Electric,27439.43
2018,53511,3.4,97,5,2,Automatic,Diesel,33909.4
2015,105525,4.9,81,4,5,Manual,Petrol,30274.99
2018,48894,2.8,89,4,4,Automatic,Diesel,42752.0
2012,178638,2.9,123,5,4,Automatic,Petrol,16004.04
2007,160608,2.7,210,2,2,Automatic,Diesel,30130.46
2008,63858,3.4,118,4,2,Automatic,Diesel,28232.5
2015,144616,4.8,45,7,4,Automatic,Diesel,23845.85
2017,152944,4.8,127,4,5,Automatic,Hybrid,48396.0
2006,240963,3.7,0,4,5,Manual,Petrol,10979.57
2020,243329,1.4,79,2,5,Automatic,Petrol,15299.72
2009,124858,1.8,132,2,2,Manual,Petrol,18921.46
2017,180966,4.2,194,2,2,Automatic,Electric,48102.65
2011,42816,3.5,236,2,2,Automatic,Electric,52488.82
2006,37351,3.5,96,4,5,Automatic,Electric,38393.77
2018,18867,1.7,50,7,4,Manual,Hybrid,28016.84
2004,182861,4.4,178,4,2,Manual,Petrol,14051.82
2014,74308,4.8,38,4,5,Manual,Hybrid,35172.24
2015,179076,4.4,123,4,4,Manual,Petrol,17505.41
2011,141951,3.7,164,5,2,Automatic,Hybrid,37656.94
2004,6075,5.0,136,4,4,Automatic,Petrol,32891.57
2002,202554,2.4,67,4,5,Manual,Petrol,11205.92
2003,96110,1.1,86,4,2,Automatic,Petrol,21911.42
2020,110754,2.0,166,5,5,Automatic,Hybrid,37245.69
2001,185272,5.0,-8,5,2,Automatic,Diesel,8148.5
2011,230831,3.7,88,4,5,Automatic,Petrol,26284.55
2003,160401,1.9,164,7,4,Manual,Hybrid,20170.61
2018,203738,2.9,72,2,4,Manual,Petrol,28820.28
2014,170184,5.0,102,7,5,Manual,Diesel,28917.54
2002,108864,4.5,194,2,2,Automatic,Hybrid,29552.78
2005,70195,1.3,122,2,5,Automatic,Hybrid,23058.64
2014,245179,3.6,195,5,5,Automatic,Electric,44271.09
2007,109230,2.0,159,7,2,Automatic,Hybrid,39547.66
2000,232418,2.9,155,2,2,Manual,Hybrid,11802.16
2005,147256,1.3,91,2,2,Manual,Petrol,6964.29
2020,232083,3.2,229,4,4,Manual,Electric,43674.2
2006,240792,4.9,147,2,2,Manual,Petrol,18952.56
2003,38081,1.9,120,5,5,Manual,Hybrid,26586.87
2000,167756,4.4,175,2,4,Automatic,Diesel,23508.09
2000,220458,3.5,75,4,4,Manual,Electric,18000
2010,57061,3.2,102,5,2,Manual,Petrol,23797.19
2019,10460,4.6,209,7,4,Manual,Petrol,44987.24
2010,164247,4.9,97,5,5,Manual,Petrol,7338.16
2009,89377,2.7,74,5,4,Manual,Petrol,23700.6
2013,100915,4.7,76,5,2,Manual,Diesel,29148.38
2014,57990,3.7,22,5,5,Automatic,Hybrid,34347.41
2004,172979,5.0,104,7,2,Manual,Electric,42084.5
2007,32578,3.5,139,7,2,Automatic,Hybrid,26326.02
2013,202848,2.7,139,7,5,Manual,Hybrid,29281.79
2015,50962,3.5,132,2,2,Manual,Diesel,23109.81
2005,215597,3.1,183,7,5,Manual,Hybrid,20911.54
2014,133053,3.2,74,2,2,Automatic,Petrol,35607.46
2011,97547,4.6,131,7,5,Manual,Hybrid,38333.91
2005,242207,3.8,187,4,2,Manual,Electric,26838.74
2016,240883,2.8,37,7,2,Manual,Hybrid,31177.83
2001,82805,2.8,150,4,2,Manual,Diesel,18156.1
2014,191667,0.9,109,5,5,Manual,Diesel,14597.67
2019,57461,4.7,87,5,4,Automatic,Diesel,32850.87
2008,47370,3.7,146,2,5,Automatic,Electric,47374.49
2018,3443,2.2,89,2,5,Automatic,Hybrid,45346.3
2015,102423,3.1,146,2,4,Manual,Petrol,23856.6
2006,225182,2.5,62,2,5,Manual,Electric,18000
2010,149084,1.8,207,5,5,Manual,Hybrid,34171.89
2020,102151,1.8,46,7,2,Manual,Electric,37039.17
2003,220963,1.0,90,2,5,Automatic,Electric,29216.07
2016,148545,2.4,208,7,4,Manual,Petrol,20008.77
2020,246607,3.1,171,2,4,Automatic,Petrol,27008.27
2010,232116,3.1,259,5,2,Automatic,Petrol,20367.07
2004,18482,2.1,131,5,2,Automatic,Hybrid,20007.4
2002,159976,4.3,249,4,2,Automatic,Petrol,19822.32
2005,113059,3.5,99,7,5,Automatic,Diesel,27671.48
2008,106134,4.6,59,2,2,Automatic,Hybrid,47547.71
2011,80772,3.5,198,2,5,Automatic,Diesel,38392.94
2003,25217,1.0,192,2,2,Manual,Electric,39189.67
2015,25519,1.1,89,2,2,Automatic,Diesel,25535.08
2018,81981,3.5,125,4,4,Automatic,Electric,43949.54
2015,163377,3.0,61,5,5,Automatic,Electric,36397.89
2010,85989,3.5,181,2,4,Manual,Hybrid,27847.06
2001,160331,0.9,94,5,2,Automatic,Hybrid,15846.61
2002,100942,1.5,210,4,2,Manual,Petrol,6663.89
2019,100284,3.0,226,4,2,Manual,Hybrid,45473.63
2016,108924,2.9,178,5,4,Manual,Petrol,22338.06
2002,127611,4.0,36,2,4,Automatic,Petrol,21437.59
2000,52524,1.4,60,4,5,Manual,Hybrid,17652.77
2009,184564,1.4,67,2,2,Manual,Diesel,27389.92
2006,104976,0.8,67,4,2,Manual,Diesel,13004.02
2005,14766,4.5,165,5,4,Automatic,Diesel,32951.2
2012,188733,2.9,140,2,2,Manual,Electric,40981.2
2012,181099,3.2,144,7,4,Automatic,Electric,39067.47
2008,48724,3.1,178,2,5,Automatic,Electric,40817.24
2004,191469,4.2,70,4,5,Automatic,Hybrid,28104.38
2003,199411,2.6,38,4,4,Automatic,Diesel,17100.32
2005,234949,1.8,67,7,2,Automatic,Diesel,15666.92
2004,125244,2.5,94,5,5,Manual,Diesel,11609.77
2006,16057,4.6,74,4,2,Automatic,Electric,46206.69
2014,135378,2.9,261,2,2,Manual,Petrol,29636.62
2011,24160,4.8,201,7,2,Automatic,Hybrid,41372.69
2000,215869,1.6,117,7,2,Manual,Electric,20679.47
2009,133632,0.9,231,2,2,Manual,Electric,34107.1
2015,68828,3.8,82,5,5,Manual,Electric,44946.41
2014,206893,2.5,54,4,4,Automatic,Electric,34363.08
2015,227987,2.6,156,5,5,Manual,Hybrid,27413.59
2007,202740,4.3,167,5,2,Automatic,Petrol,27522.06
2001,126727,5.0,233,5,2,Automatic,Petrol,37400.41
2000,237428,4.3,90,2,5,Automatic,Petrol,14749.3
2010,151847,1.1,89,4,4,Automatic,Electric,30588.53
2017,151642,1.0,147,2,4,Manual,Petrol,28643.05
2020,94100,1.3,145,7,5,Manual,Hybrid,45352.37
2001,119454,3.7,128,2,4,Automatic,Electric,34675.59
2000,78276,4.1,128,2,5,Manual,Diesel,26885.14
2017,208311,3.7,104,7,2,Manual,Petrol,25409.11
2015,15427,3.9,141,7,5,Automatic,Diesel,40579.54
2014,176433,3.2,222,7,5,Automatic,Diesel,27755.84
2011,34759,3.3,24,5,5,Manual,Diesel,22043.46
2007,8264,2.1,185,4,2,Automatic,Electric,41705.67
2018,232088,3.3,244,2,2,Automatic,Hybrid,31335.07
2002,114559,2.9,148,7,2,Manual,Diesel,18766.08
2008,125704,1.3,71,2,4,Manual,Diesel,18421.4
2013,184162,1.4,12,4,5,Automatic,Diesel,22835.07
2002,33877,2.0,202,2,4,Automatic,Petrol,32944.05
2001,210197,2.8,115,5,5,Automatic,Diesel,23000.02
2016,163042,4.2,139,7,2,Manual,Electric,43542.03
2020,109869,2.3,79,7,2,Manual,Hybrid,52626.8
2011,196845,2.4,84,2,4,Automatic,Electric,33421.51
2013,191504,3.1,284,5,2,Manual,Hybrid,24982.38
2009,129973,2.7,91,5,4,Manual,Petrol,16739.99
2003,161527,1.0,57,4,2,Automatic,Hybrid,18182.86
2011,158708,2.7,55,4,2,Automatic,Diesel,23587.81
2020,144882,0.9,116,2,5,Automatic,Electric,37098.26
2016,3420,2.6,165,4,5,Automatic,Diesel,38165.89
2011,234969,4.4,51,4,5,Automatic,Diesel,20669.78
2014,219781,0.9,93,5,5,Automatic,Diesel,15974.46
2016,198793,1.8,147,7,5,Manual,Diesel,21170.84
2019,144050,4.2,78,2,5,Manual,Diesel,25970.42
2015,26830,1.9,137,2,2,Manual,Hybrid,42088.06
2006,52604,4.7,150,2,2,Automatic,Diesel,28220.87
2019,113314,4.5,172,2,5,Automatic,Electric,53517.84
2003,117519,2.9,196,4,5,Automatic,Hybrid,29031.5
2011,198828,3.5,150,4,4,Manual,Electric,39384.37
2000,81453,1.3,149,4,2,Manual,Petrol,13079.95
2006,117385,2.4,132,2,2,Automatic,Electric,38921.14
2013,136299,3.5,124,4,2,Manual,Diesel,20116.25
2011,219972,4.8,119,4,2,Manual,Petrol,21858.79
2010,6338,1.4,125,5,5,Automatic,Electric,33697.09
2017,187473,2.1,86,4,4,Manual,Hybrid,32344.03
2004,77045,1.6,133,2,5,Automatic,Electric,20000
2006,101895,1.5,143,2,2,Automatic,Diesel,14289.48
2010,248125,4.4,53,5,4,Automatic,Diesel,18270.46
2006,92734,4.4,191,4,2,Automatic,Hybrid,30960.57
2005,144302,1.5,56,7,4,Manual,Diesel,14476.41
2020,144800,4.7,53,5,2,Manual,Electric,56170.49
2015,202146,1.4,142,5,5,Manual,Electric,37014.64
2004,44761,2.2,-33,7,5,Manual,Petrol,11859.99
2003,80796,4.1,94,5,2,Manual,Diesel,23946.15
2000,90944,3.4,141,2,2,Manual,Hybrid,36746.27
2015,196027,3.6,222,2,5,Automatic,Hybrid,34616.71
2013,245268,2.9,179,5,4,Automatic,Hybrid,34617.93
2007,83816,2.4,132,5,4,Manual,Hybrid,27717.54
2016,128576,3.5,68,4,2,Manual,Hybrid,32835.58
2014,42834,2.3,233,5,4,Automatic,Hybrid,43618.77
2009,137142,3.9,147,4,5,Manual,Electric,48848.18
2012,180335,2.7,134,7,4,Manual,Petrol,26030.66
2000,71504,1.0,41,5,2,Automatic,Diesel,12948.35
2003,209808,1.1,73,7,5,Automatic,Electric,22408.74
2015,53663,4.9,82,5,5,Manual,Diesel,34473.53
2010,110968,3.2,98,5,5,Automatic,Hybrid,43548.43
2008,80295,1.4,120,2,4,Manual,Diesel,16251.05
2020,24498,4.4,125,2,5,Automatic,Hybrid,53819.02
2012,60992,3.0,137,5,2,Manual,Hybrid,43870.88
2019,226088,5.0,154,5,5,Automatic,Petrol,30505.27
2008,29733,2.6,27,4,4,Automatic,Diesel,26324.02
2018,221358,4.9,37,2,4,Manual,Electric,46701.94
2009,202188,2.9,95,2,2,Manual,Diesel,13101.91
2020,175409,4.3,135,2,5,Manual,Petrol,32106.17
2018,85711,4.5,103,2,4,Manual,Electric,51631.63
2017,201311,4.7,129,7,5,Automatic,Electric,50086.06
2004,125478,4.2,125,4,4,Automatic,Electric,39798.27
2001,207002,2.2,36,2,4,Automatic,Petrol,4500
2011,98388,1.3,95,7,5,Automatic,Diesel,16313.13
2003,239653,1.1,140,5,2,Automatic,Diesel,5000
2004,112272,4.8,-33,7,5,Automatic,Electric,31900.23
2018,214860,0.8,134,7,2,Automatic,Diesel,27441.7
2020,112158,1.9,25,5,2,Manual,Petrol,21771.76
2020,227141,2.8,73,7,5,Automatic,Diesel,25030.13
2011,99833,0.9,221,4,2,Manual,Diesel,28730.27
2011,72126,1.0,115,4,5,Automatic,Hybrid,31627.64
2017,20255,1.3,64,5,5,Automatic,Petrol,35549.5
2012,114619,1.1,167,5,4,Manual,Petrol,20172.58
2012,169245,4.2,138,5,4,Automatic,Hybrid,30419.88
2015,157266,3.0,61,4,2,Automatic,Electric,41150.18
2013,244752,1.8,156,7,5,Manual,Diesel,24111.38
2019,47539,2.9,161,5,5,Automatic,Petrol,42122.67
2002,112874,4.3,181,5,5,Manual,Petrol,24040.18
2005,44213,2.5,144,5,5,Manual,Hybrid,35885.41
2019,102336,4.4,162,4,4,Manual,Electric,56107.39
2019,21005,3.9,192,2,4,Automatic,Hybrid,58895.77
2016,228561,4.6,213,4,5,Manual,Electric,48076.87
2015,234267,2.4,65,5,5,Manual,Electric,25277.44
2001,8143,4.9,214,2,2,Manual,Diesel,25198.76
2014,104251,3.3,91,7,2,Automatic,Hybrid,34749.74
2003,189373,1.5,157,5,2,Automatic,Hybrid,26475.01
2001,25817,3.5,171,7,4,Manual,Electric,35963.17
2003,93888,1.8,145,2,4,Automatic,Petrol,11817.41
2009,118619,2.4,169,2,4,Manual,Petrol,21057.85
2020,134048,4.9,168,5,4,Manual,Petrol,34945.6
2019,40792,2.9,162,7,5,Manual,Petrol,40834.02
2014,203125,2.5,89,4,2,Manual,Petrol,25472.07
2013,27031,3.6,116,2,2,Manual,Diesel,33030.4
2010,182128,1.1,49,4,2,Manual,Diesel,13814.35
2017,65457,2.3,99,5,2,Automatic,Diesel,32757.45
2006,239886,1.4,141,5,2,Manual,Hybrid,19650.52
2010,1821,4.0,120,7,2,Manual,Petrol,34146.81
2000,91612,1.8,48,2,2,Manual,Hybrid,19480.14
2008,41327,5.0,138,5,4,Automatic,Electric,49387.73
2001,71183,4.4,81,7,5,Automatic,Petrol,18666.48
2007,237558,3.6,143,2,2,Manual,Petrol,18381.44
2017,10459,2.7,207,4,5,Manual,Petrol,39373.56
2003,249242,4.3,198,7,2,Manual,Electric,31319.3
2004,208460,2.6,166,7,5,Automatic,Hybrid,30914.6
2001,92618,0.9,145,5,5,Manual,Electric,42745.98
2010,202939,1.1,206,5,5,Automatic,Hybrid,35623.24
2012,232740,2.7,71,4,4,Automatic,Petrol,14236.18
2005,145391,1.6,152,4,2,Automatic,Hybrid,26940.05
2000,4159,1.9,89,7,2,Manual,Electric,33075.25
2002,130369,1.4,71,4,5,Manual,Hybrid,25098.4
2008,76190,1.8,136,5,5,Automatic,Hybrid,33987.66
2015,92580,3.2,95,7,4,Automatic,Diesel,37984.59
2002,14917,2.6,5,2,4,Manual,Diesel,15432.09
2008,196155,4.4,248,5,4,Automatic,Hybrid,35355.7
2005,175132,0.9,121,5,2,Manual,Diesel,12882.61
2004,121676,3.9,85,5,4,Automatic,Hybrid,19936.64
2009,44472,2.6,173,5,2,Automatic,Diesel,20585.9
2011,72232,3.4,41,5,4,Manual,Hybrid,32761.28
2005,192522,3.3,32,5,5,Automatic,Electric,28711.99
2010,93171,0.8,215,2,4,Manual,Electric,38156.51
2011,122936,2.0,88,7,5,Manual,Diesel,23757.75
2015,191955,3.0,48,4,4,Manual,Electric,29823.89
2016,78499,2.7,61,2,4,Automatic,Diesel,26389.58
2020,79194,3.4,76,5,5,Manual,Diesel,30493.27
2013,225794,1.8,189,7,5,Manual,Hybrid,27205.85
2011,134366,4.2,102,2,4,Manual,Hybrid,31948.43
2018,124604,2.3,47,4,5,Manual,Diesel,25207.7
2008,132267,5.0,36,4,5,Manual,Petrol,18828.03
2017,236673,1.6,98,4,5,Manual,Hybrid,24395.53
2000,38067,4.0,51,2,4,Manual,Hybrid,26807.07
2014,69712,1.8,182,5,5,Automatic,Diesel,30888.28
2009,37451,4.2,27,2,4,Automatic,Diesel,22118.93
2003,14769,4.3,159,2,5,Manual,Petrol,31230.95
2004,95835,2.9,157,7,2,Manual,Petrol,16324.16
2000,33561,1.2,136,4,4,Manual,Electric,24227.79
2014,153183,2.9,44,4,2,Manual,Diesel,15838.36
2011,39402,2.2,162,2,5,Manual,Hybrid,40510.4
2009,148899,2.1,131,7,5,Manual,Electric,39644.84
2018,166877,1.1,86,2,4,Automatic,Electric,35483.77
2006,49292,2.6,32,2,5,Manual,Electric,33217.58
2014,101176,3.1,177,5,5,Automatic,Diesel,24064.64
2013,59440,2.2,171,5,4,Manual,Hybrid,31218.16
2008,206896,1.3,29,5,4,Manual,Petrol,3770.35
2010,88052,2.1,99,2,5,Automatic,Petrol,24201.74
2008,171095,1.4,109,4,4,Automatic,Electric,37396.79
2017,86295,3.7,152,4,2,Manual,Petrol,35280.54
2015,193988,3.3,132,7,4,Manual,Diesel,28432.55
2015,230014,3.8,130,5,5,Manual,Diesel,17900.95
2012,131918,3.6,104,2,4,Manual,Hybrid,31999.98
2000,35286,1.3,26,5,5,Manual,Diesel,14814.62
2016,72413,1.6,211,2,2,Automatic,Petrol,44520.11
2008,225951,1.2,147,7,2,Automatic,Hybrid,23325.21
2002,50671,2.6,94,5,5,Automatic,Hybrid,38871.35
2019,180124,1.1,228,5,4,Automatic,Electric,43208.43
2013,49214,2.4,60,2,5,Manual,Petrol,23249.41
2001,189698,1.9,201,5,2,Manual,Electric,25023.06
2018,199187,0.9,109,4,2,Automatic,Diesel,30364.42
2015,46268,1.2,181,7,5,Manual,Electric,45222.05
2012,90196,0.8,176,4,2,Automatic,Hybrid,34935.03
2007,115009,2.6,81,7,2,Manual,Petrol,23407.8
2006,2409,1.4,92,4,2,Manual,Petrol,26257.24
2002,10196,2.3,80,7,2,Manual,Diesel,9953.28
2003,147276,3.7,78,5,2,Manual,Diesel,10045.76
2020,161399,1.2,162,2,2,Automatic,Diesel,29983.87
2007,130290,2.0,214,2,4,Manual,Diesel,31986.82
2009,220608,2.0,212,2,5,Manual,Diesel,23816.3
2020,197240,3.9,132,5,4,Automatic,Diesel,40080.7
2006,87597,3.4,156,4,4,Manual,Diesel,25555.54
2016,225311,0.9,110,5,4,Manual,Diesel,19733.09
2000,207778,2.2,63,5,2,Automatic,Hybrid,18039.86
2007,112875,2.4,1,5,4,Automatic,Diesel,8671.26
2012,208840,4.3,54,5,5,Automatic,Electric,27857.9
2012,85503,3.5,134,7,2,Manual,Diesel,21805.75
2005,124110,4.7,85,4,5,Manual,Diesel,21981.38
2006,38994,4.1,53,2,4,Automatic,Electric,34976.93
2003,73166,1.8,146,7,5,Automatic,Electric,39498.6
2018,33765,3.6,97,4,5,Manual,Petrol,27382.04
2002,11189,4.7,173,7,5,Automatic,Electric,44012.54
2007,190356,1.8,95,4,4,Automatic,Petrol,10626.32
2014,72991,1.1,254,2,5,Automatic,Hybrid,50700.44
2014,123464,4.6,195,5,5,Automatic,Diesel,34490.11
2008,144540,2.7,174,2,4,Automatic,Petrol,31940.78
2015,5897,1.9,195,5,5,Manual,Electric,43977.23
2001,51503,2.8,94,5,5,Manual,Electric,32064.53
2004,32752,3.9,91,7,4,Manual,Hybrid,32983.13
2006,170139,1.2,173,2,4,Automatic,Electric,38388.37
2012,7097,4.3,142,7,5,Automatic,Hybrid,50661.17
2019,113444,1.3,100,4,2,Automatic,Petrol,29684.72
2019,115745,3.0,120,4,2,Automatic,Petrol,43037.83
2004,32271,1.7,181,7,5,Automatic,Electric,36444.48
2017,167437,3.3,100,4,5,Automatic,Electric,40868.33
2016,159946,1.8,100,2,2,Automatic,Diesel,26002.61
2014,119969,3.3,170,5,4,Automatic,Hybrid,34203.0
2012,34095,4.7,122,7,5,Manual,Electric,44138.08
2000,101071,2.9,163,7,4,Automatic,Hybrid,32475.26
2019,87877,2.4,119,7,5,Manual,Diesel,34998.61
2013,110373,1.0,180,4,2,Automatic,Diesel,32029.46
2006,231679,4.5,182,2,5,Manual,Electric,33322.74
2010,78800,5.0,168,2,2,Manual,Diesel,32583.0
2017,28092,2.5,216,4,5,Automatic,Diesel,43106.5
2016,52079,2.1,177,7,4,Manual,Petrol,27739.98
2018,58811,1.4,133,7,4,Manual,Hybrid,35856.26
2017,214764,2.8,87,7,5,Automatic,Hybrid,27344.15
2003,247812,2.7,198,2,4,Automatic,Hybrid,31904.23
2012,58113,4.7,223,5,5,Automatic,Diesel,36350.04
2014,96710,4.1,175,5,5,Manual,Hybrid,41673.55
2003,200840,1.1,33,7,5,Manual,Electric,20828.25
2019,206914,2.1,48,4,4,Automatic,Electric,43873.48
2019,134445,1.1,143,2,2,Automatic,Electric,50779.78
2005,198001,4.1,105,7,2,Automatic,Hybrid,18567.03
2015,110951,2.9,136,2,4,Manual,Electric,40592.89
2016,95323,1.0,133,5,4,Automatic,Electric,44009.99
2009,13887,4.3,38,4,4,Automatic,Diesel,25915.7
2001,140629,3.0,151,2,4,Manual,Diesel,21427.44
2011,169314,3.0,210,4,5,Manual,Hybrid,39728.04
2008,176641,1.7,100,2,4,Automatic,Hybrid,35936.81
2008,188318,3.7,87,7,2,Automatic,Hybrid,23978.62
2004,154314,3.6,154,4,2,Automatic,Petrol,22392.07
2018,228947,2.5,175,2,5,Automatic,Hybrid,36991.48
2017,134926,1.4,10,2,5,Automatic,Diesel,23923.17
2009,127812,1.4,120,4,4,Automatic,Hybrid,35499.35
2008,51198,1.0,140,7,4,Automatic,Hybrid,31657.45
2010,82159,3.7,138,2,4,Automatic,Electric,47328.97
2007,5968,3.9,160,5,2,Automatic,Petrol,34388.41
2000,221179,2.5,-4,2,4,Manual,Electric,18000
2007,32434,2.7,30,4,2,Manual,Diesel,8094.47
2009,243664,0.8,90,4,2,Automatic,Electric,26354.73
2014,53830,2.5,112,4,5,Manual,Hybrid,38999.93
2017,15712,1.4,135,5,2,Automatic,Electric,43767.11
2020,19364,3.1,160,4,2,Automatic,Petrol,32661.26
2012,207837,4.3,138,2,4,Manual,Petrol,27396.22
2013,223608,4.5,168,4,2,Automatic,Hybrid,32213.83
2013,224630,4.3,167,7,2,Manual,Hybrid,31375.48
2015,201980,0.8,179,7,5,Automatic,Hybrid,27354.0
2002,141326,1.2,191,5,4,Automatic,Diesel,16555.76
2017,158189,3.4,129,7,2,Manual,Petrol,41585.45
2005,48238,3.0,30,5,2,Automatic,Diesel,20737.44
2005,87805,2.7,52,2,5,Automatic,Diesel,17644.75
2014,183421,2.9,81,2,4,Manual,Hybrid,46633.4
2014,10891,4.3,100,5,4,Automatic,Electric,64840.46
2013,175186,2.8,75,4,5,Manual,Petrol,24256.99
2005,47533,3.9,164,2,2,Manual,Hybrid,33785.52
2012,173581,2.5,90,7,5,Manual,Diesel,23182.4
2008,141036,3.6,4,7,2,Manual,Electric,32179.81
2011,109979,1.4,93,4,2,Manual,Electric,40358.41
2020,141679,3.0,163,5,5,Automatic,Diesel,35378.04
2000,233582,4.5,98,4,5,Manual,Electric,20242.89
2004,236036,4.6,147,5,5,Automatic,Diesel,14354.7
2012,164480,3.2,141,4,5,Automatic,Petrol,19863.05
2017,157766,2.6,91,5,5,Automatic,Diesel,24770.86
2019,216734,4.4,108,4,2,Automatic,Petrol,23385.16
2003,21209,4.7,96,7,5,Automatic,Petrol,23034.89
2007,39270,2.1,31,4,4,Automatic,Diesel,22068.67
2008,94667,3.7,120,5,4,Automatic,Diesel,27356.25
2019,99640,4.2,82,7,5,Automatic,Electric,56512.07
2019,70614,3.2,155,7,2,Manual,Diesel,33084.51
2016,125916,0.9,114,7,2,Manual,Petrol,16111.66
2003,57009,4.5,61,4,2,Manual,Electric,36410.63
2015,242645,3.4,168,7,2,Automatic,Hybrid,27744.94
2012,13600,1.0,78,2,4,Automatic,Hybrid,41366.78
2013,227835,3.0,52,4,2,Manual,Diesel,15392.05
2017,186145,2.1,131,2,4,Manual,Diesel,26689.6
2009,122797,2.4,89,2,4,Manual,Electric,32086.13
2007,194134,2.5,119,2,5,Manual,Hybrid,19000.13
2011,101289,4.5,124,4,5,Automatic,Hybrid,45949.91
2011,83319,2.4,162,4,4,Manual,Electric,49875.66
2007,185504,3.4,204,4,2,Manual,Petrol,27179.34
2007,67989,4.2,82,2,4,Manual,Electric,38233.26
2010,42406,4.4,231,7,2,Manual,Electric,42389.4
2016,18732,1.6,49,2,2,Manual,Diesel,18817.98
2014,159808,3.1,98,4,4,Manual,Hybrid,36938.59
2016,101783,2.3,160,4,5,Manual,Hybrid,37564.33
2010,210065,2.2,152,4,2,Automatic,Petrol,13817.77
2018,142470,2.2,157,5,2,Automatic,Electric,55660.71
2009,137919,1.4,155,5,2,Manual,Hybrid,25142.99
2001,24013,4.9,152,4,5,Manual,Diesel,28139.45
2020,131437,4.8,150,4,5,Manual,Petrol,27030.78
2015,217388,2.1,177,4,2,Manual,Hybrid,39966.29
2017,14831,2.6,108,4,4,Manual,Diesel,36834.69
2013,200898,3.8,155,5,5,Manual,Petrol,17553.8
2007,137800,1.5,210,2,4,Manual,Electric,41461.92
2009,214655,1.2,69,5,5,Manual,Diesel,12632.15
2002,11547,4.7,83,2,2,Automatic,Hybrid,37118.81
2020,190100,4.8,53,2,4,Automatic,Diesel,25625.46
2009,217154,2.4,66,5,4,Automatic,Electric,33884.83
2005,160046,2.0,161,5,5,Manual,Diesel,13507.83
2009,180679,1.3,184,4,5,Automatic,Petrol,18116.65
2008,92623,2.1,142,7,2,Automatic,Hybrid,14452.97
2014,145979,4.0,181,7,4,Manual,Petrol,31528.69
2010,236640,2.6,134,2,2,Automatic,Hybrid,20913.45
2011,94453,4.3,147,7,5,Manual,Electric,36585.73
2010,14991,1.6,107,4,2,Manual,Petrol,27320.05
2004,68118,1.4,1,2,4,Manual,Petrol,8482.65
2010,57114,3.6,126,4,4,Automatic,Hybrid,42193.44
2010,27617,1.6,159,2,4,Automatic,Hybrid,42162.21
2001,94735,2.8,80,4,5,Automatic,Hybrid,25712.16
2018,185037,3.2,231,4,5,Manual,Diesel,18201.47
2005,136788,4.5,8,2,5,Automatic,Diesel,15787.76
2009,93037,5.0,35,7,5,Automatic,Petrol,13315.13
2017,80337,2.8,180,4,2,Automatic,Hybrid,47346.26
2001,219880,3.9,46,5,4,Manual,Electric,25310.88
2014,169292,4.6,125,4,5,Automatic,Electric,42729.86
2013,2022,4.0,55,2,4,Automatic,Diesel,23793.38
2000,85034,1.8,39,5,2,Manual,Diesel,10707.8
2008,125472,1.2,198,2,2,Manual,Electric,31795.43
2016,26118,4.7,133,7,4,Automatic,Electric,54274.52
2018,64579,4.8,194,2,4,Automatic,Petrol,38724.37
2002,102193,3.3,70,5,5,Manual,Electric,31031.54
2000,163647,1.2,184,7,4,Automatic,Hybrid,27828.43
2007,58613,2.9,173,7,5,Manual,Diesel,24589.14
2020,136543,2.2,115,7,5,Manual,Petrol,26183.99
2009,61312,1.7,232,4,2,Automatic,Diesel,32733.42
2006,152281,3.4,142,7,2,Manual,Diesel,24156.31
2011,159333,2.6,130,4,2,Automatic,Electric,40247.27
2005,53328,3.2,132,5,5,Automatic,Diesel,28293.32
2008,166713,4.7,117,2,2,Automatic,Petrol,20595.63
2004,209349,2.9,58,2,2,Manual,Petrol,6928.94
2017,69490,4.2,61,4,4,Manual,Petrol,35203.01
2004,193482,1.0,210,4,4,Manual,Petrol,15389.19
2003,146054,3.6,81,4,4,Automatic,Hybrid,27808.73
2009,209186,4.5,198,7,5,Manual,Petrol,29876.81
2011,74342,2.1,71,5,2,Automatic,Electric,40080.23
2009,167679,1.8,126,7,2,Automatic,Petrol,11245.2
2003,209284,1.2,160,4,4,Automatic,Hybrid,19029.43
2014,246479,1.4,117,7,5,Manual,Electric,29867.21
2015,181133,4.9,152,2,5,Automatic,Hybrid,37637.29
2014,212661,4.2,85,4,4,Manual,Diesel,24097.65
2010,171611,2.9,126,2,5,Automatic,Electric,33465.42
2014,90397,4.3,193,7,5,Automatic,Diesel,34975.02
2018,162473,3.3,115,5,2,Manual,Petrol,27640.27
2013,40253,2.0,46,7,4,Manual,Petrol,24473.45
2013,27429,3.7,176,5,2,Manual,Electric,52596.33
2018,97456,3.0,133,5,4,Manual,Hybrid,40892.28
2004,185903,3.3,216,4,2,Automatic,Hybrid,26227.31
2009,74561,3.2,-26,7,5,Manual,Electric,39839.9
2017,205555,1.7,210,5,5,Manual,Electric,42011.5
2011,115691,3.7,94,4,5,Automatic,Diesel,24949.96
2006,89231,3.9,220,4,5,Automatic,Hybrid,37605.52
2017,247375,3.1,139,7,4,Automatic,Electric,34129.25
2001,165938,3.5,19,2,5,Manual,Diesel,14346.51
2009,241421,2.0,210,4,4,Manual,Petrol,16116.88
2004,214293,2.1,53,7,5,Manual,Hybrid,17667.31
2004,213318,1.6,54,4,5,Automatic,Electric,30023.25
2008,217435,1.5,-68,2,4,Automatic,Electric,20000
2009,153208,4.0,111,4,4,Manual,Petrol,25335.57
2014,43923,2.2,150,7,5,Automatic,Diesel,35743.43
2014,50671,4.5,69,2,4,Automatic,Petrol,32366.25
2004,137411,2.4,127,2,2,Manual,Petrol,26081.36
2017,40041,3.1,173,2,5,Automatic,Diesel,37402.8
2015,42219,4.6,166,7,4,Manual,Electric,45300.99
2015,120817,3.8,179,5,5,Manual,Diesel,26802.1
2001,161306,3.6,227,5,2,Automatic,Electric,37879.43
2015,6097,2.0,65,5,4,Automatic,Petrol,17312.98
2019,219360,2.6,176,2,2,Automatic,Hybrid,40559.31
2000,117762,3.1,121,4,4,Manual,Hybrid,23504.12
2010,23910,2.5,118,5,2,Manual,Hybrid,34265.75
2019,125179,2.0,176,5,5,Manual,Hybrid,42264.61
2002,22232,4.5,104,5,5,Automatic,Electric,41580.97
2008,4360,1.2,184,5,5,Automatic,Hybrid,30140.81
2009,137553,4.5,135,7,4,Manual,Petrol,26366.95
2019,87766,3.5,29,5,2,Manual,Diesel,25927.04
2014,183826,4.7,23,4,2,Manual,Diesel,27779.06
2004,218295,3.0,70,5,2,Manual,Petrol,12325.97
2014,3520,3.9,219,2,4,Manual,Petrol,43775.8
2002,173036,1.5,157,7,5,Automatic,Petrol,12731.88
2001,116475,3.0,51,5,4,Automatic,Petrol,15603.91
2004,183916,4.8,13,2,5,Manual,Electric,24341.91
2017,80449,2.7,40,5,2,Automatic,Diesel,31421.19
2000,33354,4.8,110,4,4,Manual,Diesel,22350.52
2008,3428,1.4,215,7,5,Automatic,Hybrid,31696.85
2001,15909,4.2,36,2,4,Automatic,Electric,43454.16
2004,61390,3.1,136,5,2,Manual,Hybrid,23425.89
2009,118506,2.5,67,2,4,Manual,Electric,29313.73
2008,52017,1.7,122,5,4,Automatic,Petrol,23591.13
2008,127525,1.0,160,7,5,Automatic,Petrol,25116.96
2010,9184,2.4,87,7,2,Manual,Hybrid,30990.89
2019,215710,4.8,143,4,5,Automatic,Electric,41011.98
2017,202308,4.4,159,4,2,Manual,Petrol,30066.05
2018,161200,3.7,75,7,5,Automatic,Hybrid,40353.71
2003,118586,4.5,96,5,4,Automatic,Electric,35975.5
2009,120354,4.5,142,7,2,Automatic,Petrol,24850.78
2014,39164,3.5,175,4,4,Manual,Hybrid,47447.56
2010,113628,4.6,165,7,2,Manual,Hybrid,32497.11
2015,60015,3.7,101,7,2,Automatic,Diesel,27417.72
2015,83861,2.3,114,2,4,Automatic,Diesel,32078.24
2007,45673,5.0,246,5,5,Automatic,Electric,43115.04
2013,181784,3.2,68,4,4,Manual,Hybrid,28734.58
2000,110922,3.2,198,2,2,Manual,Petrol,22586.51
2014,248637,1.9,222,4,4,Manual,Electric,41839.73
2013,187943,1.3,142,4,5,Manual,Diesel,25014.89
2016,170511,1.4,174,2,2,Automatic,Electric,35620.95
2018,95080,2.1,156,2,4,Manual,Hybrid,43211.04
2017,146153,3.3,47,4,5,Automatic,Petrol,29174.71
2006,172986,5.0,98,5,4,Automatic,Hybrid,32892.75
2018,245033,4.7,30,5,2,Automatic,Hybrid,31058.26
2012,118945,0.9,220,5,5,Automatic,Diesel,23490.33
2016,223850,4.9,107,5,4,Manual,Electric,43104.1
2000,91835,1.6,175,5,5,Automatic,Diesel,13286.6
2016,164443,1.4,48,2,2,Manual,Hybrid,31010.35
2005,22435,4.9,169,4,2,Manual,Electric,43030.96
2011,50202,1.9,176,2,2,Automatic,Hybrid,41481.66
2004,193732,3.5,181,5,5,Automatic,Petrol,20435.92
2012,108274,2.7,117,4,2,Automatic,Diesel,21197.78
2019,135022,2.8,37,2,2,Automatic,Petrol,31792.93
2010,136565,2.7,112,5,2,Automatic,Hybrid,27031.65
2013,215333,3.7,89,2,5,Manual,Diesel,21833.59
2011,216701,3.5,123,4,4,Automatic,Electric,30693.69
2017,71619,1.9,99,4,4,Manual,Petrol,30388.24
2016,131520,2.8,92,4,4,Automatic,Hybrid,34418.29
2008,46672,2.9,112,7,4,Automatic,Petrol,31085.43
2015,60381,2.2,146,5,2,Manual,Diesel,33943.12
2012,249099,4.5,230,2,4,Automatic,Petrol,37289.94
2014,234137,3.9,141,7,5,Automatic,Electric,42402.08
2017,13799,4.0,252,2,2,Automatic,Petrol,41414.3
2013,198620,2.2,88,7,5,Manual,Hybrid,30990.59
2020,13528,1.6,152,2,4,Automatic,Petrol,42380.85
2014,121029,3.9,-10,7,4,Manual,Diesel,21252.55
2018,199114,3.6,142,7,5,Automatic,Electric,39107.42
2008,118451,3.3,26,4,4,Manual,Electric,33414.05
2005,124732,4.0,3,2,5,Manual,Diesel,16579.17
2003,45914,3.3,150,7,5,Automatic,Diesel,23933.18
2001,27842,2.9,82,4,4,Automatic,Hybrid,30411.02
2002,1695,2.4,150,4,4,Automatic,Electric,42587.66
2008,29646,2.3,179,7,5,Manual,Electric,43245.04
2004,90074,3.7,143,4,2,Manual,Hybrid,23359.42
2018,26574,4.5,127,4,2,Manual,Electric,52818.9
2003,143242,3.4,101,2,4,Manual,Electric,31374.46
2017,109229,4.0,137,7,2,Automatic,Hybrid,44427.86
2007,23297,1.5,155,2,4,Manual,Diesel,21837.25
2012,168725,1.2,240,2,5,Automatic,Diesel,28502.23
2009,90224,1.2,53,2,2,Manual,Diesel,22344.44
2003,206772,1.3,193,7,2,Automatic,Petrol,9134.06
2002,104595,4.7,78,2,2,Automatic,Electric,36186.18
2019,159859,2.9,84,7,2,Automatic,Petrol,26648.17
2010,34210,1.7,243,7,2,Automatic,Diesel,39323.52
2006,216661,2.2,120,4,5,Manual,Hybrid,15234.3
2018,99082,4.3,110,7,4,Manual,Diesel,32677.96
2006,77569,2.1,221,7,5,Automatic,Petrol,29617.09
2015,77023,1.3,114,4,2,Automatic,Electric,43818.44
2018,129564,4.5,174,2,2,Manual,Hybrid,39505.76
2006,58837,1.2,208,5,4,Automatic,Petrol,20340.18
2013,175863,3.3,152,4,2,Automatic,Electric,40286.39
2017,194566,1.8,115,4,5,Manual,Electric,37833.17
2008,230962,4.9,65,7,5,Automatic,Hybrid,31556.64
2017,40648,2.7,151,2,4,Automatic,Diesel,31554.83
2015,219679,3.7,14,4,5,Manual,Hybrid,28073.46
2001,154979,1.9,258,7,2,Manual,Hybrid,30413.05
2011,170808,4.8,78,4,2,Manual,Hybrid,34628.05
2001,157373,3.0,94,2,5,Manual,Hybrid,27908.39
2017,1954,3.3,5,4,4,Automatic,Hybrid,35703.24
2011,234916,2.8,150,5,2,Automatic,Hybrid,32045.47
2015,56654,5.0,121,4,5,Automatic,Hybrid,45778.01
2002,5390,1.1,157,7,5,Automatic,Petrol,27921.24
2000,36051,0.8,158,4,5,Manual,Diesel,12400.7
2017,92198,2.3,254,2,2,Automatic,Petrol,37393.74
2016,140189,1.4,165,7,5,Automatic,Electric,46309.82
2001,42792,4.7,183,7,2,Manual,Diesel,24324.15
2011,38742,3.8,99,5,2,Manual,Petrol,26262.46
2003,153046,1.2,87,2,4,Automatic,Diesel,10173.39
2001,25690,3.6,157,2,2,Automatic,Electric,47836.4
2004,70743,3.3,165,7,4,Automatic,Diesel,29334.6
2004,217535,2.1,174,4,2,Manual,Petrol,10964.26
2000,223227,2.9,75,4,5,Manual,Hybrid,18780.7
2004,44048,4.0,145,5,5,Automatic,Hybrid,33633.07
2003,172845,1.3,99,5,2,Manual,Petrol,20946.03
2002,22241,2.3,149,2,2,Automatic,Hybrid,26989.33
2005,58636,2.0,119,4,2,Manual,Diesel,19846.74
2002,130727,4.5,151,7,2,Manual,Diesel,31097.14
2020,12047,2.7,121,5,4,Automatic,Electric,48573.09
2020,13062,1.1,129,4,2,Manual,Diesel,37780.45
2005,195048,2.6,231,5,5,Manual,Petrol,19773.92
2013,71962,1.3,114,5,5,Automatic,Petrol,25875.92
2002,126847,2.8,196,5,5,Manual,Petrol,11399.15
2012,145329,1.2,152,5,4,Automatic,Electric,39681.37
2012,133753,3.5,116,7,5,Automatic,Diesel,26484.02
2013,56003,3.0,159,5,2,Manual,Diesel,22742.95
2008,159743,4.6,89,2,2,Automatic,Electric,39642.88
2010,204708,2.2,125,7,5,Automatic,Electric,26527.39
2011,31680,4.7,160,7,2,Manual,Petrol,27409.5
2012,230957,3.6,60,7,2,Automatic,Diesel,17031.66
2015,72289,3.2,16,5,5,Manual,Electric,34255.95
2016,53979,4.2,157,4,2,Manual,Diesel,28386.6
2017,115873,3.2,119,5,2,Automatic,Diesel,42426.04
2016,147987,1.5,122,4,5,Manual,Petrol,24931.64
2006,203546,0.9,231,2,4,Manual,Petrol,26568.38
2006,191642,4.0,164,2,5,Automatic,Hybrid,34041.42
2015,179397,2.8,53,2,2,Automatic,Diesel,20817.92
2015,113086,2.5,83,5,2,Automatic,Electric,39288.01
2009,86793,1.1,5,5,4,Automatic,Hybrid,23380.67
2002,120384,3.2,225,5,2,Automatic,Electric,39228.49
2004,151046,1.9,257,7,5,Automatic,Petrol,21992.08
2008,81833,3.0,189,7,4,Automatic,Petrol,22774.15
2012,18549,3.7,215,5,4,Automatic,Hybrid,51541.72
2014,196478,1.7,77,4,5,Manual,Petrol,17587.24
2013,90462,3.1,90,4,4,Automatic,Petrol,27400.14
2020,41203,3.5,80,4,4,Manual,Hybrid,42601.69
2017,17699,2.3,158,5,4,Automatic,Electric,53331.73
2017,123051,1.3,138,5,5,Manual,Petrol,32726.25
2007,59879,2.9,176,4,4,Manual,Hybrid,32119.98
2013,135243,3.1,16,4,2,Automatic,Hybrid,24993.26
2019,160370,3.8,141,5,5,Manual,Petrol,36302.33
2009,163332,1.9,153,7,4,Manual,Petrol,21290.02
2003,151200,2.4,132,2,2,Manual,Diesel,11425.11
2003,142123,1.4,33,5,2,Automatic,Hybrid,24178.27
2002,187027,1.4,154,2,4,Manual,Diesel,10674.19
2019,166225,4.0,119,2,4,Automatic,Electric,41643.43
2012,201489,3.7,221,7,4,Automatic,Petrol,29662.71
2019,146606,4.0,197,4,5,Automatic,Petrol,36903.27
2006,195163,2.5,104,5,4,Manual,Hybrid,20750.26
2004,217254,4.5,79,7,2,Manual,Diesel,16635.14
2010,203785,4.1,152,2,4,Manual,Petrol,19908.9
2019,115344,4.5,159,2,2,Automatic,Petrol,35062.34
2003,14438,2.7,106,5,4,Manual,Petrol,20747.74
2005,181249,3.6,88,7,4,Manual,Petrol,15490.95
2018,155041,1.6,79,4,2,Manual,Hybrid,29667.32
2005,110563,4.9,83,7,5,Automatic,Petrol,23753.27
2018,104221,2.4,177,7,2,Automatic,Diesel,36387.72
2007,242849,2.3,157,2,4,Automatic,Diesel,16180.99
2018,248935,1.6,160,2,2,Automatic,Petrol,21135.42
2000,183926,4.6,63,7,4,Manual,Petrol,16748.94
2012,107035,3.5,208,5,2,Automatic,Petrol,21156.28
2002,81419,3.4,45,7,2,Manual,Petrol,13797.94
2013,2246,4.0,84,7,5,Automatic,Hybrid,40149.46
2011,212599,1.9,78,4,4,Automatic,Electric,34293.4
2018,237060,1.5,126,5,2,Manual,Diesel,24513.64
2015,61347,1.4,192,4,5,Manual,Hybrid,48738.28
2007,244200,2.2,157,7,5,Automatic,Hybrid,25641.59
2014,246355,0.9,126,4,2,Automatic,Petrol,22190.12
2013,242150,2.5,155,4,2,Manual,Electric,35378.86
